id,category,category_rank,keyword,search_type,monthly_lower,monthly_upper,blog_documents,recent_posts,recent_posts_note,opportunity,persistence,home_fit,priority,overall_rank,search_source,live_pc_monthly,live_mobile_monthly,live_competition,live_depth,live_checked_at
K0001,경제·비즈니스,1,연봉계산기,도구·신청 혼합형,350700,350700,5143,227,수집결과 내 집계,100.0,90.38916715211668,75.0,92.11675014563501,6,네이버 검색광고 API,116500,234200,높음,3,2026-09-12T08:34:49+09:00
K0002,경제·비즈니스,2,퇴직금계산기,도구·신청 혼합형,290900,290900,4415,304,수집결과 내 집계,100.0,91.35983763286214,75.0,92.40795128985864,5,네이버 검색광고 API,89200,201700,높음,7,2026-09-12T08:34:49+09:00
K0003,경제·비즈니스,3,실업급여조건,세부 검색어,138700,138700,29766,987,이상(하한),100.0,94.91787735163143,62.5,90.97536320548943,13,네이버 검색광고 API,27200,111500,높음,9,2026-09-12T08:34:49+09:00
K0004,경제·비즈니스,4,실업급여계산기,도구·신청 혼합형,110500,110500,2778,186,수집결과 내 집계,100.0,88.07194251457979,75.0,91.42158275437393,10,네이버 검색광고 API,28500,82000,낮음,2,2026-09-12T08:34:49+09:00
K0005,경제·비즈니스,5,4대보험계산기,도구·신청 혼합형,90000,90000,2377,120,수집결과 내 집계,99.51774381508345,95.49330094551972,75.0,93.40686219119763,2,네이버 검색광고 API,47400,42600,높음,3,2026-09-12T08:34:49+09:00
K0006,경제·비즈니스,6,부가세계산기,도구·신청 혼합형,88900,88900,2084,75,수집결과 내 집계,99.42267180435584,95.82005376769442,75.0,93.45735203248624,1,네이버 검색광고 API,61700,27200,높음,10,2026-09-12T08:34:49+09:00
K0007,경제·비즈니스,7,주휴수당계산기,도구·신청 혼합형,84900,84900,3241,141,수집결과 내 집계,99.22109904169474,90.07636989077169,75.0,91.63346048807888,9,네이버 검색광고 API,15900,69000,중간,5,2026-09-12T08:34:49+09:00
K0008,경제·비즈니스,8,실업급여신청,도구·신청 혼합형,83500,83500,60320,985,이상(하한),99.2012143443313,94.91288020118432,50.0,88.07447123252095,39,네이버 검색광고 API,22300,61200,중간,2,2026-09-12T08:34:49+09:00
K0009,경제·비즈니스,9,연봉실수령액,세부 검색어,75600,75600,17578,996,이상(하한),98.47345104446903,87.74418708485126,75.0,90.5599816476899,17,네이버 검색광고 API,16900,58700,높음,3,2026-09-12T08:34:49+09:00
K0010,경제·비즈니스,10,실업급여신청방법,세부 검색어,43100,43100,25018,996,이상(하한),95.26719402642598,89.96279813875859,75.0,89.62243645484057,21,네이버 검색광고 API,13100,30000,중간,5,2026-09-12T08:34:49+09:00
K0011,경제·비즈니스,11,증여세세율,세부 검색어,38700,38700,10462,244,수집결과 내 집계,94.86025219697436,97.79529314572011,75.0,91.76871404220321,8,네이버 검색광고 API,6200,32500,높음,10,2026-09-12T08:34:49+09:00
K0012,경제·비즈니스,12,주휴수당조건,세부 검색어,40480,40480,6057,360,수집결과 내 집계,94.79666669122466,95.226678904488,62.5,88.46633701695873,34,네이버 검색광고 API,6880,33600,높음,3,2026-09-12T08:34:49+09:00
K0013,경제·비즈니스,13,퇴직금지급기준,세부 검색어,37060,37060,7426,390,수집결과 내 집계,94.31699544371625,90.51439622635314,62.5,86.81281658976407,56,네이버 검색광고 API,6660,30400,높음,10,2026-09-12T08:34:49+09:00
K0014,경제·비즈니스,14,양도소득세계산기,도구·신청 혼합형,28440,28440,4035,141,수집결과 내 집계,93.54013157756532,91.13994273429662,75.0,89.11204860907165,26,네이버 검색광고 API,9740,18700,높음,10,2026-09-12T08:34:49+09:00
K0015,경제·비즈니스,15,실업급여수급기간,세부 검색어,30930,30930,8810,640,수집결과 내 집계,93.14949885661,93.25254577753985,75.0,89.55051316156695,23,네이버 검색광고 API,6230,24700,낮음,2,2026-09-12T08:34:49+09:00
K0016,경제·비즈니스,16,연차계산기,도구·신청 혼합형,27900,27900,2516,132,수집결과 내 집계,92.80722427768134,93.86799707677096,75.0,89.56401126187195,22,네이버 검색광고 API,17900,10000,높음,9,2026-09-12T08:34:49+09:00
K0017,경제·비즈니스,17,상속세면제한도,세부 검색어,27370,27370,4920,134,수집결과 내 집계,92.50919414746471,91.49020223093478,75.0,88.70165774301279,33,네이버 검색광고 API,3970,23400,높음,10,2026-09-12T08:34:49+09:00
K0018,경제·비즈니스,18,세금계산기,도구·신청 혼합형,24890,24890,18317,785,수집결과 내 집계,92.10069580552852,88.84486295765866,75.0,87.70380679006186,43,네이버 검색광고 API,5890,19000,높음,3,2026-09-12T08:34:49+09:00
K0019,경제·비즈니스,19,연차발생기준,세부 검색어,23660,23660,4232,230,수집결과 내 집계,91.81300454897926,90.10289649305167,62.5,85.43737122240513,85,네이버 검색광고 API,7260,16400,높음,10,2026-09-12T08:34:49+09:00
K0020,경제·비즈니스,20,퇴직금계산,세부 검색어,23270,23270,18986,996,이상(하한),91.61212768409885,92.18157319283435,75.0,88.46053579989973,35,네이버 검색광고 API,6770,16500,높음,10,2026-09-12T08:34:49+09:00
K0021,경제·비즈니스,21,자녀증여한도,세부 검색어,20910,20910,4371,228,수집결과 내 집계,91.12690536535719,97.3461481139007,75.0,89.7672971168488,19,네이버 검색광고 API,3210,17700,높음,10,2026-09-12T08:34:49+09:00
K0022,경제·비즈니스,22,증여세계산기,도구·신청 혼합형,17110,17110,2038,54,수집결과 내 집계,90.31463743420575,92.22056580144348,75.0,87.82348845753592,41,네이버 검색광고 API,4810,12300,높음,9,2026-09-12T08:34:49+09:00
K0023,경제·비즈니스,23,1가구2주택세금,세부 검색어,15770,15770,5444,84,수집결과 내 집계,90.08842179871537,96.94422862821934,50.0,84.12747948782348,116,네이버 검색광고 API,2770,13000,높음,7,2026-09-12T08:34:49+09:00
K0024,경제·비즈니스,24,연차수당계산기,도구·신청 혼합형,16800,16800,1250,63,수집결과 내 집계,89.7452247287773,89.46077680375602,75.0,86.71084540551546,59,네이버 검색광고 API,8840,7960,낮음,0,2026-09-12T08:34:49+09:00
K0025,경제·비즈니스,25,증여세면제한도,세부 검색어,16260,16260,8866,270,수집결과 내 집계,89.59715868718801,96.90837940632377,75.0,88.87109316549115,32,네이버 검색광고 API,2860,13400,높음,10,2026-09-12T08:34:49+09:00
K0026,경제·비즈니스,26,세금계산서발행,세부 검색어,15820,15820,49834,672,수집결과 내 집계,75.32787845276576,91.19423595258648,75.0,80.02221001215882,251,네이버 검색광고 API,9200,6620,높음,10,2026-09-12T08:34:49+09:00
K0027,경제·비즈니스,27,신용점수조회,도구·신청 혼합형,15480,15480,7749,557,수집결과 내 집계,89.42008814785646,97.96399284080033,50.0,84.09924192616833,118,네이버 검색광고 API,2180,13300,높음,10,2026-09-12T08:34:49+09:00
K0028,경제·비즈니스,28,소득세계산기,도구·신청 혼합형,14870,14870,8512,316,수집결과 내 집계,89.03730855029448,89.06723404449467,75.0,86.23882448849564,67,네이버 검색광고 API,10300,4570,높음,3,2026-09-12T08:34:49+09:00
K0029,경제·비즈니스,29,월세세액공제,세부 검색어,12220,12220,18231,982,이상(하한),86.47833310651247,92.89738525761396,50.0,81.10838213054042,214,네이버 검색광고 API,2640,9580,높음,7,2026-09-12T08:34:49+09:00
K0030,경제·비즈니스,30,상속세세율,세부 검색어,14100,14100,11383,313,수집결과 내 집계,89.02192048712877,98.00336972318355,75.0,88.91197116051944,31,네이버 검색광고 API,1900,12200,높음,10,2026-09-12T08:34:49+09:00
K0031,경제·비즈니스,31,IRP계좌개설,세부 검색어,14170,14170,7069,228,수집결과 내 집계,88.95606106766104,89.49820509616644,50.0,81.32749206268045,206,네이버 검색광고 API,3470,10700,중간,8,2026-09-12T08:34:49+09:00
K0032,경제·비즈니스,32,퇴직연금수령방법,세부 검색어,13260,13260,4297,129,수집결과 내 집계,88.51919638732812,93.02116576544174,75.0,87.16594792329659,50,네이버 검색광고 API,2660,10600,높음,10,2026-09-12T08:34:49+09:00
K0033,경제·비즈니스,33,퇴직금중간정산,세부 검색어,13500,13500,11141,431,수집결과 내 집계,88.49393196022267,87.78315622552674,50.0,80.58191284776936,229,네이버 검색광고 API,3400,10100,높음,10,2026-09-12T08:34:49+09:00
K0034,경제·비즈니스,34,소득세계산법,세부 검색어,10780,10780,6003,314,수집결과 내 집계,87.49711449699232,92.50541697416861,75.0,86.50018234074675,62,네이버 검색광고 API,4070,6710,높음,7,2026-09-12T08:34:49+09:00
K0035,경제·비즈니스,35,연봉1억실수령액,세부 검색어,11140,11140,2425,242,수집결과 내 집계,87.4010796877995,97.85267391801305,75.0,88.05634201930366,40,네이버 검색광고 API,1910,9230,낮음,0,2026-09-12T08:34:49+09:00
K0036,경제·비즈니스,36,로또세금,세부 검색어,10530,10530,10322,576,수집결과 내 집계,87.0219784953499,86.90687500265882,50.0,79.5830517484726,264,네이버 검색광고 API,1830,8700,중간,8,2026-09-12T08:34:49+09:00
K0037,경제·비즈니스,37,주휴수당계산법,세부 검색어,10280,10280,4616,298,수집결과 내 집계,86.9673061782571,93.22781189204696,75.0,86.45199665674264,64,네이버 검색광고 API,2080,8200,낮음,0,2026-09-12T08:34:49+09:00
K0038,경제·비즈니스,38,종합소득세신고,세부 검색어,8270,8270,160656,985,이상(하한),53.11077607752527,76.88987966399996,62.5,62.12235193796262,735,네이버 검색광고 API,2260,6010,높음,10,2026-09-12T08:34:49+09:00
K0039,경제·비즈니스,39,건강보험료조회,도구·신청 혼합형,9940,9940,7224,823,수집결과 내 집계,86.92319354308732,92.92657258859725,50.0,81.33956854812284,203,네이버 검색광고 API,3460,6480,높음,10,2026-09-12T08:34:49+09:00
K0040,경제·비즈니스,40,종합소득세세율,세부 검색어,10030,10030,8557,151,수집결과 내 집계,86.82269381968285,92.03938092741006,75.0,86.02316118806445,73,네이버 검색광고 API,3530,6500,높음,10,2026-09-12T08:34:49+09:00
K0041,경제·비즈니스,41,아파트관리비조회,도구·신청 혼합형,9400,9400,1506,72,수집결과 내 집계,86.80577294443995,96.3041770553327,50.0,82.29413958881979,168,네이버 검색광고 API,2680,6720,중간,7,2026-09-12T08:34:49+09:00
K0042,경제·비즈니스,42,증여세신고,세부 검색어,9240,9240,27306,992,이상(하한),73.18880543770662,97.63441674319215,62.5,78.38472774181095,305,네이버 검색광고 API,4440,4800,높음,10,2026-09-12T08:34:49+09:00
K0043,경제·비즈니스,43,연봉5000실수령액,세부 검색어,9400,9400,816,49,수집결과 내 집계,86.3901598713626,95.72231213906153,75.0,86.91177357739976,53,네이버 검색광고 API,2030,7370,중간,1,2026-09-12T08:34:49+09:00
K0044,경제·비즈니스,44,양도소득세율,세부 검색어,7940,7940,5937,40,수집결과 내 집계,86.21143050595927,92.71700303512567,75.0,85.92081616351734,76,네이버 검색광고 API,2200,5740,높음,10,2026-09-12T08:34:49+09:00
K0045,경제·비즈니스,45,부가세환급,세부 검색어,6000,6000,24700,585,수집결과 내 집계,73.35653894038494,84.95266501244072,50.0,72.16406897392469,496,네이버 검색광고 API,1400,4600,높음,10,2026-09-12T08:34:49+09:00
K0046,경제·비즈니스,46,상속세계산기,도구·신청 혼합형,8220,8220,1308,41,수집결과 내 집계,85.76258920910044,92.14061089845467,75.0,85.52347787408662,82,네이버 검색광고 API,2160,6060,높음,10,2026-09-12T08:34:49+09:00
K0047,경제·비즈니스,47,실업급여이직확인서,세부 검색어,8000,8000,4284,183,수집결과 내 집계,85.70139333906425,94.44003205525006,50.0,81.18270628610715,212,네이버 검색광고 API,3180,4820,높음,3,2026-09-12T08:34:49+09:00
K0048,경제·비즈니스,48,퇴직연금중도인출,세부 검색어,7860,7860,3723,152,수집결과 내 집계,85.57003803124682,95.17090056843706,50.0,81.33628918615453,205,네이버 검색광고 API,1730,6130,높음,3,2026-09-12T08:34:49+09:00
K0049,경제·비즈니스,49,간이과세자기준,세부 검색어,8150,8150,5848,214,수집결과 내 집계,85.5208827481081,85.61179209572516,62.5,80.9439790027716,218,네이버 검색광고 API,2480,5670,높음,7,2026-09-12T08:34:49+09:00
K0050,경제·비즈니스,50,증여세신고방법,세부 검색어,7700,7700,6315,222,수집결과 내 집계,85.46418946419575,97.88444779733994,75.0,87.09742907129986,51,네이버 검색광고 API,2600,5100,높음,10,2026-09-12T08:34:49+09:00
K0051,경제·비즈니스,51,종합소득세율,세부 검색어,7340,7340,6608,140,수집결과 내 집계,85.24650384785522,88.265678971726,75.0,84.10295561544541,117,네이버 검색광고 API,3700,3640,높음,10,2026-09-12T08:34:49+09:00
K0052,경제·비즈니스,52,고용노동부퇴직금계산기,도구·신청 혼합형,7610,7610,630,48,수집결과 내 집계,85.20196704856869,95.03160186666531,75.0,86.11046408428393,71,네이버 검색광고 API,4870,2740,중간,1,2026-09-12T08:34:49+09:00
K0053,경제·비즈니스,53,증여세율,세부 검색어,6960,6960,3533,31,수집결과 내 집계,85.04333369096202,97.46332925333047,75.0,86.76066562148014,57,네이버 검색광고 API,2690,4270,높음,10,2026-09-12T08:34:49+09:00
K0054,경제·비즈니스,54,미국주식세금,세부 검색어,6390,6390,12522,605,수집결과 내 집계,78.29743317041958,89.12693530416627,50.0,75.88679717645967,389,네이버 검색광고 API,1000,5390,중간,4,2026-09-12T08:34:49+09:00
K0055,경제·비즈니스,55,퇴직금수령방법,세부 검색어,7040,7040,3817,141,수집결과 내 집계,84.90381476259466,97.50273147270954,75.0,86.7027268231102,60,네이버 검색광고 API,1070,5970,높음,3,2026-09-12T08:34:49+09:00
K0056,경제·비즈니스,56,실업급여신청기간,세부 검색어,6620,6620,10426,675,수집결과 내 집계,79.72138193498698,91.86849415679686,75.0,82.42123921453255,163,네이버 검색광고 API,1370,5250,중간,2,2026-09-12T08:34:49+09:00
K0057,경제·비즈니스,57,상속세율,세부 검색어,6650,6650,4215,48,수집결과 내 집계,84.61426666212147,92.59758312884435,75.0,85.08640826971404,89,네이버 검색광고 API,1590,5060,높음,10,2026-09-12T08:34:49+09:00
K0058,경제·비즈니스,58,종합소득세환급,세부 검색어,7160,7160,23166,389,수집결과 내 집계,68.74989267965792,81.33397190639455,50.0,68.77513791174732,574,네이버 검색광고 API,1500,5660,높음,9,2026-09-12T08:34:49+09:00
K0059,경제·비즈니스,59,퇴직금계산방법,세부 검색어,6420,6420,3086,133,수집결과 내 집계,84.195341532713,97.97582205844145,87.5,88.99041738388894,29,네이버 검색광고 API,2290,4130,중간,7,2026-09-12T08:34:49+09:00
K0060,경제·비즈니스,60,퇴직소득세계산기,도구·신청 혼합형,6210,6210,423,30,수집결과 내 집계,84.12397230410728,92.22698962005191,75.0,84.73008303806921,103,네이버 검색광고 API,3310,2900,높음,3,2026-09-12T08:34:49+09:00
K0061,경제·비즈니스,61,건강보험료계산,세부 검색어,6150,6150,6634,383,수집결과 내 집계,83.56090475853264,95.6923847843068,75.0,85.48816781455835,84,네이버 검색광고 API,2520,3630,높음,10,2026-09-12T08:34:49+09:00
K0062,경제·비즈니스,62,세금계산서발행방법,세부 검색어,6020,6020,8383,97,수집결과 내 집계,80.05136623096654,91.59581279164553,87.5,85.00442695297693,92,네이버 검색광고 API,2770,3250,높음,10,2026-09-12T08:34:49+09:00
K0063,경제·비즈니스,63,부가세신고기간,세부 검색어,5680,5680,15591,167,수집결과 내 집계,72.01397850486228,90.28661323868502,75.0,78.09297322403664,314,네이버 검색광고 API,1500,4180,높음,10,2026-09-12T08:34:49+09:00
K0064,경제·비즈니스,64,종합소득세환급일,세부 검색어,6050,6050,2793,42,수집결과 내 집계,83.82935839763644,79.86584235243791,50.0,75.8744319045496,390,네이버 검색광고 API,700,5350,높음,10,2026-09-12T08:34:49+09:00
K0065,경제·비즈니스,65,소득공제용연금저축,세부 검색어,5800,5800,934,4,수집결과 내 집계,83.74372364304551,96.60965023709251,50.0,80.8547568926505,222,네이버 검색광고 API,1290,4510,높음,10,2026-09-12T08:34:49+09:00
K0066,경제·비즈니스,66,전자세금계산서발행,세부 검색어,5620,5620,14523,125,수집결과 내 집계,71.09089394037944,92.49035386523013,75.0,78.29255312975876,310,네이버 검색광고 API,3490,2130,높음,10,2026-09-12T08:34:49+09:00
K0067,경제·비즈니스,67,증여세신고기한,세부 검색어,5270,5270,3257,139,수집결과 내 집계,83.25387511380447,98.11241794442589,62.5,83.56066294023,126,네이버 검색광고 API,1860,3410,높음,3,2026-09-12T08:34:49+09:00
K0068,경제·비즈니스,68,IRP세액공제,세부 검색어,4910,4910,13166,991,이상(하한),71.59323169824319,94.49278236447928,50.0,74.14445055846538,448,네이버 검색광고 API,1300,3610,높음,10,2026-09-12T08:34:49+09:00
K0069,경제·비즈니스,69,연차개수계산기,도구·신청 혼합형,5200,5200,282,21,수집결과 내 집계,83.0305510791942,97.25440703194026,75.0,85.69159764917917,80,네이버 검색광고 API,2730,2470,낮음,0,2026-09-12T08:34:49+09:00
K0070,경제·비즈니스,70,소득세율표,세부 검색어,4630,4630,1491,35,수집결과 내 집계,82.92110064858548,86.03168802137971,75.0,82.27005673070666,169,네이버 검색광고 API,1070,3560,높음,10,2026-09-12T08:34:49+09:00
K0071,경제·비즈니스,71,증여세기준,세부 검색어,4680,4680,15196,789,수집결과 내 집계,68.8990582459188,97.53894886906637,62.5,76.21121378367931,376,네이버 검색광고 API,750,3930,높음,7,2026-09-12T08:34:49+09:00
K0072,경제·비즈니스,72,연금저축세액공제한도,세부 검색어,4750,4750,5261,533,수집결과 내 집계,82.40385450999408,96.13918388794954,75.0,85.0436824213819,91,네이버 검색광고 API,1230,3520,높음,10,2026-09-12T08:34:49+09:00
K0073,경제·비즈니스,73,주휴수당계산,세부 검색어,4930,4930,8238,432,수집결과 내 집계,76.24474887503928,90.14352496928372,75.0,80.16543192830476,247,네이버 검색광고 API,1560,3370,높음,10,2026-09-12T08:34:49+09:00
K0074,경제·비즈니스,74,퇴직금IRP계좌개설,세부 검색어,4500,4500,2014,80,수집결과 내 집계,82.36485667606944,97.8199995528264,50.0,80.52842820388264,231,네이버 검색광고 API,1130,3370,높음,7,2026-09-12T08:34:49+09:00
K0075,경제·비즈니스,75,전세보증보험가입조건,세부 검색어,4640,4640,4194,343,수집결과 내 집계,82.2667228800081,89.14860413622037,62.5,80.37794268087016,234,네이버 검색광고 API,1470,3170,중간,8,2026-09-12T08:34:49+09:00
K0076,경제·비즈니스,76,내신용점수조회,도구·신청 혼합형,4140,4140,1224,130,수집결과 내 집계,81.70871131310878,97.7683238689326,50.0,80.18485281723417,246,네이버 검색광고 API,510,3630,높음,7,2026-09-12T08:34:49+09:00
K0077,경제·비즈니스,77,아파트양도세계산기,도구·신청 혼합형,3810,3810,511,18,수집결과 내 집계,81.64019269853914,96.15936974343903,75.0,84.66790727230128,106,네이버 검색광고 API,1000,2810,낮음,0,2026-09-12T08:34:49+09:00
K0078,경제·비즈니스,78,연차계산법,세부 검색어,3980,3980,3474,188,수집결과 내 집계,81.5428835952159,96.95213112811422,75.0,84.85708113604221,99,네이버 검색광고 API,1310,2670,높음,10,2026-09-12T08:34:49+09:00
K0079,경제·비즈니스,79,연차수당지급기준,세부 검색어,3860,3860,2408,96,수집결과 내 집계,81.42963293584643,92.07218784766937,62.5,80.83647282222402,223,네이버 검색광고 API,1400,2460,높음,10,2026-09-12T08:34:49+09:00
K0080,경제·비즈니스,80,퇴직연금해지,세부 검색어,3570,3570,4893,137,수집결과 내 집계,77.26808988758539,84.02004011564469,50.0,73.8400569784861,458,네이버 검색광고 API,640,2930,높음,3,2026-09-12T08:34:49+09:00
K0081,경제·비즈니스,81,연차계산,세부 검색어,3460,3460,11110,614,수집결과 내 집계,66.52142933179252,88.43357353920402,75.0,74.79078672765746,427,네이버 검색광고 API,2000,1460,높음,10,2026-09-12T08:34:49+09:00
K0082,경제·비즈니스,82,실업급여계산,세부 검색어,3520,3520,5801,663,수집결과 내 집계,74.36814710496824,87.42871976699132,75.0,78.41268948258151,302,네이버 검색광고 API,1370,2150,낮음,0,2026-09-12T08:34:49+09:00
K0083,경제·비즈니스,83,증여신고,세부 검색어,3260,3260,28083,993,이상(하한),54.34600626865697,97.88536270132924,62.5,69.03861194472725,568,네이버 검색광고 API,1860,1400,높음,3,2026-09-12T08:34:49+09:00
K0084,경제·비즈니스,84,상속세신고,세부 검색어,3340,3340,29063,992,이상(하한),53.88308022365793,97.10938920314106,62.5,68.57435687277129,580,네이버 검색광고 API,930,2410,높음,10,2026-09-12T08:34:49+09:00
K0085,경제·비즈니스,85,개인사업자폐업신고,세부 검색어,3260,3260,2221,70,수집결과 내 집계,80.61758563650748,87.95397246333212,62.5,79.19498455725338,277,네이버 검색광고 API,1170,2090,중간,3,2026-09-12T08:34:49+09:00
K0086,경제·비즈니스,86,연금저축계좌개설,세부 검색어,3360,3360,4526,176,수집결과 내 집계,76.96232062751892,96.93988761023282,50.0,77.5631265968293,329,네이버 검색광고 API,770,2590,높음,7,2026-09-12T08:34:49+09:00
K0087,경제·비즈니스,87,퇴직금세금계산기,도구·신청 혼합형,3390,3390,945,60,수집결과 내 집계,80.55141628362878,87.36205181862266,75.0,81.48432368740119,198,네이버 검색광고 API,1140,2250,중간,3,2026-09-12T08:34:49+09:00
K0088,경제·비즈니스,88,연금저축세액공제,세부 검색어,3200,3200,18131,988,이상(하한),59.04962980520152,96.15233861051635,50.0,68.37051648575567,584,네이버 검색광고 API,840,2360,높음,10,2026-09-12T08:34:49+09:00
K0089,경제·비즈니스,89,부부증여한도,세부 검색어,3050,3050,894,27,수집결과 내 집계,80.38260679350904,94.30847974380683,75.0,83.48384731989657,129,네이버 검색광고 API,510,2540,높음,3,2026-09-12T08:34:49+09:00
K0090,경제·비즈니스,90,연금계산기,도구·신청 혼합형,2960,2960,5353,358,수집결과 내 집계,72.39314861700888,95.14197157439148,75.0,79.73916578082188,259,네이버 검색광고 API,790,2170,높음,10,2026-09-12T08:34:49+09:00
K0091,경제·비즈니스,91,자진퇴사실업급여조건,세부 검색어,2900,2900,3241,948,수집결과 내 집계,78.1342188382122,74.05417403666983,62.5,73.78336163010705,460,네이버 검색광고 API,1030,1870,높음,3,2026-09-12T08:34:49+09:00
K0092,경제·비즈니스,92,증여세계산,세부 검색어,2530,2530,12798,456,수집결과 내 집계,58.926093876248814,96.56982407629266,75.0,73.43399416101221,468,네이버 검색광고 API,840,1690,낮음,0,2026-09-12T08:34:49+09:00
K0093,경제·비즈니스,93,고용보험실업급여조건,세부 검색어,2510,2510,7597,582,수집결과 내 집계,65.3170540537663,73.51790859894639,62.5,67.21389960656707,616,네이버 검색광고 API,540,1970,중간,3,2026-09-12T08:34:49+09:00
K0094,경제·비즈니스,94,비과세개인연금,세부 검색어,2520,2520,2435,24,수집결과 내 집계,79.06060580679116,94.56636480047041,50.0,77.90021234353671,322,네이버 검색광고 API,570,1950,높음,10,2026-09-12T08:34:49+09:00
K0095,경제·비즈니스,95,증여세율표,세부 검색어,2370,2370,322,7,수집결과 내 집계,78.97386627647538,97.79583174216555,75.0,83.82568266088735,121,네이버 검색광고 API,560,1810,중간,3,2026-09-12T08:34:49+09:00
K0096,경제·비즈니스,96,연차수당계산법,세부 검색어,2690,2690,2325,120,수집결과 내 집계,78.77381644051876,92.90345471941941,75.0,82.2579446360852,170,네이버 검색광고 API,1260,1430,높음,10,2026-09-12T08:34:49+09:00
K0097,경제·비즈니스,97,4대보험계산,세부 검색어,2400,2400,4447,218,수집결과 내 집계,70.26374260946108,91.89208526211527,75.0,77.69949688336511,328,네이버 검색광고 API,1340,1060,낮음,0,2026-09-12T08:34:49+09:00
K0098,경제·비즈니스,98,원금균등원리금균등차이,세부 검색어,540,540,719,101,수집결과 내 집계,67.71296230395703,,87.5,,,네이버 검색광고 API,290,250,중간,1,2026-09-12T08:34:49+09:00
K0099,경제·비즈니스,99,아파트탑층장단점,세부 검색어,320,320,538,9,수집결과 내 집계,63.18784801291936,95.50340849070628,75.0,75.24494655367157,409,네이버 검색광고 API,60,260,중간,1,2026-09-12T08:34:49+09:00
K0100,경제·비즈니스,100,퇴직연금DC형DB형차이,세부 검색어,290,290,0,0,수집결과 내 집계,68.16926939097476,,87.5,,,네이버 검색광고 API,160,130,중간,1,2026-09-12T08:34:49+09:00
K0101,마음·심리,1,공황장애증상,세부 검색어,46150,46150,42196,751,수집결과 내 집계,95.15209627601017,89.61198002376906,75.0,89.4596421451358,24,네이버 검색광고 API,3950,42200,높음,10,2026-09-12T08:34:49+09:00
K0102,마음·심리,2,공황장애,확장 주제어,32620,32620,128849,985,이상(하한),74.63949557154018,84.47468949175715,50.0,72.66215463329723,491,네이버 검색광고 API,6020,26600,높음,10,2026-09-12T08:34:49+09:00
K0103,마음·심리,3,우울증테스트,세부 검색어,28850,28850,9779,90,수집결과 내 집계,92.81923207049135,85.6796439036302,50.0,82.11350920633473,175,네이버 검색광고 API,2150,26700,높음,10,2026-09-12T08:34:49+09:00
K0104,마음·심리,4,심리테스트,세부 검색어,21450,21450,81180,475,수집결과 내 집계,74.43773908328484,86.22276878758005,50.0,73.08570017791644,476,네이버 검색광고 API,4750,16700,높음,10,2026-09-12T08:34:49+09:00
K0105,마음·심리,5,애착유형테스트,세부 검색어,34210,34210,1803,213,수집결과 내 집계,91.04328759884577,97.26513052972966,50.0,84.70118295834178,104,네이버 검색광고 API,1510,32700,중간,1,2026-09-12T08:34:49+09:00
K0106,마음·심리,6,성인ADHD증상,세부 검색어,21580,21580,10683,191,수집결과 내 집계,90.95016748264274,88.06420974554594,75.0,86.89434666498515,54,네이버 검색광고 API,2880,18700,높음,10,2026-09-12T08:34:49+09:00
K0107,마음·심리,7,우울증초기증상,세부 검색어,15890,15890,8774,162,수집결과 내 집계,89.22628601005455,87.20711266181353,75.0,85.77527680357133,78,네이버 검색광고 API,1090,14800,높음,10,2026-09-12T08:34:49+09:00
K0108,마음·심리,8,심리상담,세부 검색어,11400,11400,577352,933,이상(하한),41.78205848151459,87.53153185558183,50.0,57.15048879743185,837,네이버 검색광고 API,1730,9670,높음,10,2026-09-12T08:34:49+09:00
K0109,마음·심리,9,번아웃증상,세부 검색어,11730,11730,9033,259,수집결과 내 집계,87.2513585447079,91.58412427192621,75.0,86.10091655393181,72,네이버 검색광고 API,1330,10400,높음,3,2026-09-12T08:34:49+09:00
K0110,마음·심리,10,불안장애증상,세부 검색어,9500,9500,25444,375,수집결과 내 집계,73.81316934572538,89.58850801733217,75.0,78.78313707806234,293,네이버 검색광고 API,790,8710,높음,10,2026-09-12T08:34:49+09:00
K0111,마음·심리,11,불안장애,확장 주제어,7780,7780,90913,990,이상(하한),54.85223531671815,86.23533397610046,50.0,63.296717851189214,712,네이버 검색광고 API,1140,6640,높음,10,2026-09-12T08:34:49+09:00
K0112,마음·심리,12,성인애착유형검사,도구·신청 혼합형,7020,7020,735,20,수집결과 내 집계,85.19451082685839,97.3638474361395,50.0,81.80640964427104,184,네이버 검색광고 API,660,6360,높음,7,2026-09-12T08:34:49+09:00
K0113,마음·심리,13,회복탄력성,확장 주제어,7970,7970,41452,976,수집결과 내 집계,63.727417758454436,91.63464780723032,50.0,69.35410322139631,560,네이버 검색광고 API,1800,6170,높음,7,2026-09-12T08:34:49+09:00
K0114,마음·심리,14,우울증증상,세부 검색어,7610,7610,87010,824,수집결과 내 집계,53.77338018125458,83.7193483223413,75.0,67.00249458732968,624,네이버 검색광고 API,680,6930,높음,10,2026-09-12T08:34:49+09:00
K0115,마음·심리,15,스트레스해소법,세부 검색어,6460,6460,38592,533,수집결과 내 집계,61.38527417870678,85.18817851001657,50.0,66.24909064235837,644,네이버 검색광고 API,880,5580,높음,10,2026-09-12T08:34:49+09:00
K0116,마음·심리,16,성격테스트,세부 검색어,5660,5660,28608,140,수집결과 내 집계,62.94785774874723,83.23446508908447,50.0,66.44426840109895,636,네이버 검색광고 API,750,4910,높음,10,2026-09-12T08:34:49+09:00
K0117,마음·심리,17,나르시시스트특징,세부 검색어,5600,5600,2419,86,수집결과 내 집계,83.35726634982555,97.48331521000989,75.0,85.92362773791574,75,네이버 검색광고 API,700,4900,높음,3,2026-09-12T08:34:49+09:00
K0118,마음·심리,18,분노조절장애,확장 주제어,4590,4590,20837,199,수집결과 내 집계,63.293881254171794,83.55881976242551,50.0,66.71458655581355,632,네이버 검색광고 API,580,4010,높음,10,2026-09-12T08:34:49+09:00
K0119,마음·심리,19,성인ADHD검사,도구·신청 혼합형,4400,4400,3499,122,수집결과 내 집계,81.96192854200076,85.90869911308314,50.0,76.75357400492533,355,네이버 검색광고 API,650,3750,높음,10,2026-09-12T08:34:49+09:00
K0120,마음·심리,20,불면증치료,세부 검색어,4730,4730,22866,295,수집결과 내 집계,60.518534763363064,91.49067925170168,50.0,67.70647115719203,602,네이버 검색광고 API,400,4330,높음,10,2026-09-12T08:34:49+09:00
K0121,마음·심리,21,스트레스성공황장애,세부 검색어,4410,4410,3830,81,수집결과 내 집계,81.80329518439396,88.64373805848852,50.0,77.49476900974354,331,네이버 검색광고 API,570,3840,높음,10,2026-09-12T08:34:49+09:00
K0122,마음·심리,22,수면장애,확장 주제어,4270,4270,145801,987,이상(하한),39.405434001678174,84.20852035072139,50.0,54.965273106055506,865,네이버 검색광고 API,750,3520,높음,10,2026-09-12T08:34:49+09:00
K0123,마음·심리,23,공황장애원인,세부 검색어,4290,4290,12920,185,수집결과 내 집계,66.45002228402345,94.94916953878295,75.0,76.7097620036466,359,네이버 검색광고 API,400,3890,높음,10,2026-09-12T08:34:49+09:00
K0124,마음·심리,24,정신과상담,세부 검색어,3800,3800,30614,442,수집결과 내 집계,55.37757622982126,90.54073751155045,50.0,64.85100936837577,674,네이버 검색광고 API,380,3420,높음,10,2026-09-12T08:34:49+09:00
K0125,마음·심리,25,불면증극복하는법,세부 검색어,3770,3770,6516,114,수집결과 내 집계,73.60072693844492,89.07024355242245,62.5,76.0214365349492,384,네이버 검색광고 API,420,3350,높음,10,2026-09-12T08:34:49+09:00
K0126,마음·심리,26,성인ADHD검사비용,세부 검색어,3480,3480,398,38,수집결과 내 집계,80.60111405965687,97.47853278493857,75.0,84.54411686531,109,네이버 검색광고 API,390,3090,높음,10,2026-09-12T08:34:49+09:00
K0127,마음·심리,27,집중력높이는법,세부 검색어,3350,3350,6359,177,수집결과 내 집계,71.32738960959348,86.77552777769154,87.5,79.1963531381042,276,네이버 검색광고 API,430,2920,높음,10,2026-09-12T08:34:49+09:00
K0128,마음·심리,28,불면증증상,세부 검색어,2870,2870,57348,812,수집결과 내 집계,44.103101623144276,82.92954380035654,75.0,61.9304139516791,739,네이버 검색광고 API,180,2690,높음,10,2026-09-12T08:34:49+09:00
K0129,마음·심리,29,성인ADHD자가진단,도구·신청 혼합형,3020,3020,2304,54,수집결과 내 집계,79.69210076377479,84.32337570850981,50.0,75.14306309444034,413,네이버 검색광고 API,530,2490,높음,10,2026-09-12T08:34:49+09:00
K0130,마음·심리,30,공황장애치료,세부 검색어,2910,2910,30649,495,수집결과 내 집계,49.91292692227486,87.67831148865702,50.0,61.259956907734534,754,네이버 검색광고 API,310,2600,높음,10,2026-09-12T08:34:49+09:00
K0131,마음·심리,31,경계성성격장애,확장 주제어,2670,2670,1961,37,수집결과 내 집계,79.33385731357541,87.14046990489344,50.0,75.80906962825574,393,네이버 검색광고 API,460,2210,높음,10,2026-09-12T08:34:49+09:00
K0132,마음·심리,32,공황장애극복방법,세부 검색어,2540,2540,5313,44,수집결과 내 집계,69.49729841212039,85.3980572518856,75.0,75.36806638162588,406,네이버 검색광고 API,280,2260,높음,10,2026-09-12T08:34:49+09:00
K0133,마음·심리,33,불면증치료법,세부 검색어,2740,2740,2504,12,수집결과 내 집계,78.93000428368248,97.92853321738059,50.0,78.84356210705542,288,네이버 검색광고 API,170,2570,높음,10,2026-09-12T08:34:49+09:00
K0134,마음·심리,34,무료심리상담,세부 검색어,2420,2420,18252,187,수집결과 내 집계,53.23049866283098,88.9566286069291,50.0,63.302237913494224,711,네이버 검색광고 API,260,2160,높음,10,2026-09-12T08:34:49+09:00
K0135,마음·심리,35,우울증검사,도구·신청 혼합형,2290,2290,11006,182,수집결과 내 집계,59.064084272167605,85.8122443443966,50.0,65.27571543940279,663,네이버 검색광고 API,240,2050,높음,10,2026-09-12T08:34:49+09:00
K0136,마음·심리,36,우울증치료,세부 검색어,2390,2390,24456,309,수집결과 내 집계,49.22354185370699,84.97039155077749,50.0,60.10288839208674,782,네이버 검색광고 API,320,2070,높음,10,2026-09-12T08:34:49+09:00
K0137,마음·심리,37,청소년우울증테스트,세부 검색어,2340,2340,517,7,수집결과 내 집계,78.37597981297611,84.56635066835935,62.5,77.05789510699586,343,네이버 검색광고 API,110,2230,높음,10,2026-09-12T08:34:49+09:00
K0138,마음·심리,38,연애심리테스트,세부 검색어,2100,2100,4447,35,수집결과 내 집계,69.46446945181918,97.21284333635977,50.0,73.89608772681751,456,네이버 검색광고 API,250,1850,높음,10,2026-09-12T08:34:49+09:00
K0139,마음·심리,39,심리검사,도구·신청 혼합형,2150,2150,70736,993,이상(하한),36.738281832127555,88.24369114359936,50.0,54.84224825914359,867,네이버 검색광고 API,530,1620,높음,10,2026-09-12T08:34:49+09:00
K0140,마음·심리,40,자존감높이는방법,세부 검색어,2130,2130,7404,70,수집결과 내 집계,62.75965644218519,81.62547985380616,87.5,73.36747217723445,469,네이버 검색광고 API,260,1870,높음,10,2026-09-12T08:34:49+09:00
K0141,마음·심리,41,무기력증극복,세부 검색어,2160,2160,7118,144,수집결과 내 집계,63.17327846348533,87.59373320690966,50.0,67.86475919381556,597,네이버 검색광고 API,250,1910,높음,10,2026-09-12T08:34:49+09:00
K0142,마음·심리,42,분노조절장애증상,세부 검색어,2060,2060,2599,17,수집결과 내 집계,75.5876387984225,90.88704367527112,75.0,80.05993250179259,250,네이버 검색광고 API,220,1840,높음,10,2026-09-12T08:34:49+09:00
K0143,마음·심리,43,외상후스트레스장애,세부 검색어,2290,2290,17156,147,수집결과 내 집계,51.73005072883783,79.70805867106269,50.0,59.77744296573772,786,네이버 검색광고 API,400,1890,높음,10,2026-09-12T08:34:49+09:00
K0144,마음·심리,44,대인기피증증상,세부 검색어,2200,2200,3073,26,수집결과 내 집계,73.09341032855235,89.27353070448532,75.0,78.32876437562177,309,네이버 검색광고 API,150,2050,높음,10,2026-09-12T08:34:49+09:00
K0145,마음·심리,45,범불안장애,확장 주제어,2040,2040,5770,65,수집결과 내 집계,64.5411929585186,90.40557896336804,50.0,69.3922701682697,559,네이버 검색광고 API,360,1680,높음,10,2026-09-12T08:34:49+09:00
K0146,마음·심리,46,불면증극복,세부 검색어,1970,1970,30637,471,수집결과 내 집계,44.120959580673954,88.36658361123918,50.0,58.57045487370873,815,네이버 검색광고 API,260,1710,높음,10,2026-09-12T08:34:49+09:00
K0147,마음·심리,47,불안장애테스트,세부 검색어,1890,1890,2169,22,수집결과 내 집계,76.76616464035142,87.01494167847979,50.0,74.48756482371965,436,네이버 검색광고 API,210,1680,높음,10,2026-09-12T08:34:49+09:00
K0148,마음·심리,48,우울증종류,세부 검색어,1990,1990,5884,31,수집결과 내 집계,63.75473816402837,87.07129902797519,62.5,70.49875879040674,535,네이버 검색광고 API,150,1840,높음,10,2026-09-12T08:34:49+09:00
K0149,마음·심리,49,자기애성성격장애,확장 주제어,1990,1990,1845,33,수집결과 내 집계,77.5156952153128,86.87482290833304,50.0,74.82029448015632,426,네이버 검색광고 API,320,1670,높음,7,2026-09-12T08:34:49+09:00
K0150,마음·심리,50,우울증자가진단테스트,세부 검색어,1520,1520,3619,25,수집결과 내 집계,68.09715026412115,84.81902333928338,50.0,69.49428213384559,556,네이버 검색광고 API,130,1390,낮음,0,2026-09-12T08:34:49+09:00
K0151,마음·심리,51,공황장애자가진단,도구·신청 혼합형,1840,1840,3280,52,수집결과 내 집계,68.94173721911261,85.193277269427,50.0,70.02885179038441,544,네이버 검색광고 API,200,1640,높음,10,2026-09-12T08:34:49+09:00
K0152,마음·심리,52,우울증자가진단,도구·신청 혼합형,1730,1730,8477,80,수집결과 내 집계,56.9688681739926,82.46418432534063,50.0,63.22368938459849,714,네이버 검색광고 API,200,1530,높음,10,2026-09-12T08:34:49+09:00
K0153,마음·심리,53,사회불안장애,확장 주제어,1750,1750,13302,185,수집결과 내 집계,50.73499106576908,94.68821411228868,50.0,63.77395976657114,702,네이버 검색광고 API,240,1510,높음,10,2026-09-12T08:34:49+09:00
K0154,마음·심리,54,스트레스증상,세부 검색어,1650,1650,390226,926,이상(하한),20.69654494136163,81.72199122494925,75.0,49.86486983816559,924,네이버 검색광고 API,130,1520,높음,10,2026-09-12T08:34:49+09:00
K0155,마음·심리,55,종합심리검사,도구·신청 혼합형,1660,1660,9203,155,수집결과 내 집계,53.807294022944646,90.11401929792022,50.0,63.93785280084839,696,네이버 검색광고 API,390,1270,높음,10,2026-09-12T08:34:49+09:00
K0156,마음·심리,56,경계선성격장애,확장 주제어,1480,1480,2168,22,수집결과 내 집계,71.8014109116687,82.95807987970085,50.0,70.7881294197446,527,네이버 검색광고 API,260,1220,높음,3,2026-09-12T08:34:49+09:00
K0157,마음·심리,57,번아웃극복,세부 검색어,1540,1540,11380,329,수집결과 내 집계,50.76139324327646,84.99617219452486,50.0,60.87954827999569,765,네이버 검색광고 API,250,1290,높음,10,2026-09-12T08:34:49+09:00
K0158,마음·심리,58,공황장애초기증상,세부 검색어,1590,1590,5203,96,수집결과 내 집계,60.31618831999032,77.29841293064783,75.0,68.34761803918951,586,네이버 검색광고 API,190,1400,높음,10,2026-09-12T08:34:49+09:00
K0159,마음·심리,59,렘수면행동장애,세부 검색어,1360,1360,2675,90,수집결과 내 집계,67.37796561791022,92.52624720908246,50.0,71.44685697167985,518,네이버 검색광고 API,210,1150,높음,10,2026-09-12T08:34:49+09:00
K0160,마음·심리,60,성격검사,도구·신청 혼합형,1280,1280,18961,377,수집결과 내 집계,41.289831863578684,88.10828981746786,50.0,57.0774028770297,838,네이버 검색광고 API,250,1030,높음,10,2026-09-12T08:34:49+09:00
K0161,마음·심리,61,스트레스해소,세부 검색어,1170,1170,338386,966,이상(하한),18.86916913671883,90.45232866535417,50.0,46.57028316796567,955,네이버 검색광고 API,250,920,높음,10,2026-09-12T08:34:49+09:00
K0162,마음·심리,62,성인ADHD치료,세부 검색어,1160,1160,8125,110,수집결과 내 집계,50.264065532819146,79.50888191495577,50.0,58.984697340896304,809,네이버 검색광고 API,180,980,높음,10,2026-09-12T08:34:49+09:00
K0163,마음·심리,63,성인ADHD테스트,세부 검색어,1110,1110,1809,33,수집결과 내 집계,68.96436754381752,88.54912260291007,50.0,71.04692055278178,523,네이버 검색광고 API,180,930,높음,10,2026-09-12T08:34:49+09:00
K0164,마음·심리,64,심리상담비용,세부 검색어,1130,1130,8675,269,수집결과 내 집계,48.86373738887693,89.5443900206175,75.0,66.2951857006237,641,네이버 검색광고 API,150,980,높음,10,2026-09-12T08:34:49+09:00
K0165,마음·심리,65,수면장애치료,세부 검색어,1130,1130,29886,460,수집결과 내 집계,34.87167031607804,92.43857506680924,50.0,55.16740767808179,862,네이버 검색광고 API,130,1000,높음,10,2026-09-12T08:34:49+09:00
K0166,마음·심리,66,불면증에좋은음식,세부 검색어,1160,1160,9928,83,수집결과 내 집계,46.62146860432326,83.82548487268726,50.0,58.458379763967805,816,네이버 검색광고 API,200,960,높음,10,2026-09-12T08:34:49+09:00
K0167,마음·심리,67,스트레스테스트,세부 검색어,1010,1010,6256,48,수집결과 내 집계,51.3925915745379,78.33857946237305,50.0,59.197869625980864,804,네이버 검색광고 API,240,770,높음,10,2026-09-12T08:34:49+09:00
K0168,마음·심리,68,우울증극복방법,세부 검색어,1050,1050,13962,115,수집결과 내 집계,41.833914913327376,82.34535057470569,75.0,60.620562629075394,771,네이버 검색광고 API,120,930,높음,10,2026-09-12T08:34:49+09:00
K0169,마음·심리,69,스트레스검사,도구·신청 혼합형,990,990,56162,991,이상(하한),27.042089841487147,85.97192602879086,50.0,49.312622729380834,930,네이버 검색광고 API,230,760,높음,10,2026-09-12T08:34:49+09:00
K0170,마음·심리,70,성격장애,확장 주제어,970,970,33289,405,수집결과 내 집계,31.3084780261159,85.06713393416808,50.0,51.174379193308376,913,네이버 검색광고 API,200,770,높음,10,2026-09-12T08:34:49+09:00
K0171,마음·심리,71,분노조절장애테스트,세부 검색어,910,910,880,3,수집결과 내 집계,73.50254261284833,82.52270742939321,50.0,71.50808353524212,516,네이버 검색광고 API,140,770,높음,10,2026-09-12T08:34:49+09:00
K0172,마음·심리,72,불안장애극복,세부 검색어,920,920,9354,92,수집결과 내 집계,44.23847799177852,80.9022939825411,50.0,56.38992719065159,848,네이버 검색광고 API,110,810,높음,10,2026-09-12T08:34:49+09:00
K0173,마음·심리,73,분노조절장애치료,세부 검색어,830,830,2837,17,수집결과 내 집계,58.075870346844674,89.07708736523135,50.0,65.76106138299174,652,네이버 검색광고 API,100,730,높음,10,2026-09-12T08:34:49+09:00
K0174,마음·심리,74,우울증치료방법,세부 검색어,870,870,3458,20,수집결과 내 집계,54.971651920647616,87.2734762477543,75.0,68.6678688346501,578,네이버 검색광고 API,140,730,높음,10,2026-09-12T08:34:49+09:00
K0175,마음·심리,75,우울증에좋은음식,세부 검색어,830,830,4730,15,수집결과 내 집계,49.57067795340183,85.74046882928224,50.0,60.50747962548559,772,네이버 검색광고 API,80,750,높음,10,2026-09-12T08:34:49+09:00
K0176,마음·심리,76,우울증상담,세부 검색어,630,630,6194,66,수집결과 내 집계,42.88443142257357,84.8021571249078,75.0,61.88286284875912,741,네이버 검색광고 API,80,550,높음,10,2026-09-12T08:34:49+09:00
K0177,마음·심리,77,회피성성격장애,세부 검색어,640,640,1693,9,수집결과 내 집계,58.872978082405616,84.65417732336883,50.0,64.83274223821346,675,네이버 검색광고 API,100,540,높음,10,2026-09-12T08:34:49+09:00
K0178,마음·심리,78,수면장애증상,세부 검색어,680,680,37452,609,수집결과 내 집계,24.336098673528923,81.61892476194134,75.0,51.65372676534686,904,네이버 검색광고 API,70,610,높음,10,2026-09-12T08:34:49+09:00
K0179,마음·심리,79,부부심리상담,세부 검색어,650,650,40983,994,이상(하한),22.777656626091062,89.44934349901195,50.0,48.22363136274912,946,네이버 검색광고 API,140,510,높음,10,2026-09-12T08:34:49+09:00
K0180,마음·심리,80,우울증진단,도구·신청 혼합형,610,610,24254,349,수집결과 내 집계,27.21704403507405,83.22542513866637,50.0,48.57614955913694,938,네이버 검색광고 API,80,530,높음,10,2026-09-12T08:34:49+09:00
K0181,마음·심리,81,우울장애,확장 주제어,620,620,29238,282,수집결과 내 집계,25.543248342301123,83.61342715570031,50.0,47.85565231786065,949,네이버 검색광고 API,140,480,높음,10,2026-09-12T08:34:49+09:00
K0182,마음·심리,82,청소년우울증증상,세부 검색어,590,590,2257,22,수집결과 내 집계,54.09903335312249,80.96011742619919,75.0,66.337551904421,639,네이버 검색광고 API,50,540,높음,10,2026-09-12T08:34:49+09:00
K0183,마음·심리,83,우울증원인,세부 검색어,590,590,37134,370,수집결과 내 집계,23.105851218807153,85.21565226207125,75.0,52.11762128802495,900,네이버 검색광고 API,80,510,높음,10,2026-09-12T08:34:49+09:00
K0184,마음·심리,84,회피형남자특징,세부 검색어,510,510,463,14,수집결과 내 집계,71.01273724227016,87.54758996819733,75.0,76.77064561159428,353,네이버 검색광고 API,90,420,중간,2,2026-09-12T08:34:49+09:00
K0185,마음·심리,85,무기력증테스트,세부 검색어,440,440,791,15,수집결과 내 집계,66.16935126323716,82.7929212916132,50.0,67.92255201910254,596,네이버 검색광고 API,60,380,높음,3,2026-09-12T08:34:49+09:00
K0186,마음·심리,86,우울증극복,세부 검색어,490,490,43860,339,수집결과 내 집계,20.95635210432524,79.83753053477574,50.0,44.42943521259534,968,네이버 검색광고 API,90,400,높음,10,2026-09-12T08:34:49+09:00
K0187,마음·심리,87,불안장애치료,세부 검색어,540,540,23793,377,수집결과 내 집계,25.626544720369413,81.88783716951049,50.0,47.379623511037856,952,네이버 검색광고 API,80,460,높음,10,2026-09-12T08:34:49+09:00
K0188,마음·심리,88,자존감낮은사람특징,세부 검색어,470,470,1322,27,수집결과 내 집계,57.5901032351483,79.3606797980748,75.0,67.60325555699659,604,네이버 검색광고 API,60,410,중간,2,2026-09-12T08:34:49+09:00
K0189,마음·심리,89,번아웃치료,세부 검색어,480,480,2640,65,수집결과 내 집계,47.479846238150756,90.35025520714733,50.0,60.844999681219576,766,네이버 검색광고 API,80,400,높음,3,2026-09-12T08:34:49+09:00
K0190,마음·심리,90,감정조절,확장 주제어,420,420,110116,982,이상(하한),13.941458571471149,88.03261263204888,50.0,43.38051307535024,972,네이버 검색광고 API,80,340,높음,3,2026-09-12T08:34:49+09:00
K0191,마음·심리,91,정신건강상담,세부 검색어,380,380,37436,831,수집결과 내 집계,18.19089712683916,94.82937715836925,50.0,47.54426171093036,951,네이버 검색광고 API,90,290,높음,10,2026-09-12T08:34:49+09:00
K0192,마음·심리,92,정신과치료,세부 검색어,350,350,58053,868,수집결과 내 집계,15.370392314264855,84.04170621804174,50.0,42.89770802254495,975,네이버 검색광고 API,60,290,높음,10,2026-09-12T08:34:49+09:00
K0193,마음·심리,93,공황장애테스트,세부 검색어,370,370,1524,21,수집결과 내 집계,50.48522543659812,77.00716983888519,50.0,58.34476366996462,819,네이버 검색광고 API,40,330,높음,10,2026-09-12T08:34:49+09:00
K0194,마음·심리,94,성인심리치료,세부 검색어,370,370,5489,43,수집결과 내 집계,34.23218460196997,87.61355257067089,50.0,53.40015807218625,884,네이버 검색광고 API,40,330,높음,10,2026-09-12T08:34:49+09:00
K0195,마음·심리,95,공황장애검사,도구·신청 혼합형,260,260,3761,124,수집결과 내 집계,34.308513520859485,81.23149345986893,50.0,51.52370479839042,907,네이버 검색광고 API,40,220,높음,10,2026-09-12T08:34:49+09:00
K0196,마음·심리,96,스트레스에좋은음식,세부 검색어,260,260,35396,247,수집결과 내 집계,14.576399577424127,85.48296552497696,50.0,42.93308944620515,974,네이버 검색광고 API,20,240,높음,3,2026-09-12T08:34:49+09:00
K0197,마음·심리,97,분노조절,확장 주제어,230,230,42311,403,수집결과 내 집계,12.926707665373407,79.91862914481426,50.0,40.438942576130984,977,네이버 검색광고 API,50,180,높음,10,2026-09-12T08:34:49+09:00
K0198,마음·심리,98,공황장애진단,도구·신청 혼합형,280,280,9219,135,수집결과 내 집계,23.180216863170322,81.96103372267675,50.0,46.17841854838818,959,네이버 검색광고 API,50,230,높음,10,2026-09-12T08:34:49+09:00
K0199,마음·심리,99,인간관계현타,세부 검색어,200,200,1206,30,수집결과 내 집계,43.63350499362616,74.17436640395414,50.0,54.06906241799932,879,네이버 검색광고 API,20,180,중간,2,2026-09-12T08:34:49+09:00
K0200,마음·심리,100,무기력증극복방법,세부 검색어,120,120,2738,43,수집결과 내 집계,24.0000013030285,,75.0,,,네이버 검색광고 API,20,100,중간,3,2026-09-12T08:34:49+09:00
K0201,리빙,1,폐가전무료수거,세부 검색어,51320,51320,7146,231,수집결과 내 집계,96.19810945701491,97.34093580015892,50.0,87.30133546855512,48,네이버 검색광고 API,9120,42200,높음,10,2026-09-12T08:34:49+09:00
K0202,리빙,2,에어컨청소,세부 검색어,31440,31440,1177003,897,이상(하한),53.0489776264339,90.75508987576623,62.5,66.25101577594683,643,네이버 검색광고 API,7140,24300,중간,8,2026-09-12T08:34:49+09:00
K0203,리빙,3,세탁기청소,세부 검색어,27110,27110,268492,983,이상(하한),64.99628762705163,92.25321910207634,62.5,72.67410954414872,489,네이버 검색광고 API,2610,24500,높음,10,2026-09-12T08:34:49+09:00
K0204,리빙,4,에어컨물떨어짐,세부 검색어,16260,16260,7602,988,이상(하한),91.5973327304997,82.36076783877625,50.0,80.50689671688272,232,네이버 검색광고 API,1260,15000,높음,10,2026-09-12T08:34:49+09:00
K0205,리빙,5,초파리없애는법,세부 검색어,15860,15860,3475,223,수집결과 내 집계,91.25142103226358,85.79366485531199,62.5,83.86380997272539,119,네이버 검색광고 API,1460,14400,높음,10,2026-09-12T08:34:49+09:00
K0206,리빙,6,바퀴벌레없애는법,세부 검색어,18450,18450,2543,47,수집결과 내 집계,90.25268119442681,91.2602851797896,62.5,85.00442615115028,93,네이버 검색광고 API,1650,16800,높음,10,2026-09-12T08:34:49+09:00
K0207,리빙,7,드럼세탁기청소,세부 검색어,16500,16500,53390,461,수집결과 내 집계,75.7796587917511,94.37346192364863,62.5,78.70186797297015,295,네이버 검색광고 API,1400,15100,높음,10,2026-09-12T08:34:49+09:00
K0208,리빙,8,벽지곰팡이제거,세부 검색어,14020,14020,36765,814,수집결과 내 집계,77.90819303008135,92.46540063123615,62.5,79.19371670441151,278,네이버 검색광고 API,1520,12500,높음,10,2026-09-12T08:34:49+09:00
K0209,리빙,9,좀벌레퇴치,세부 검색어,13520,13520,6138,202,수집결과 내 집계,88.89338380757167,95.99898905840935,50.0,83.24638862130864,138,네이버 검색광고 API,1220,12300,중간,8,2026-09-12T08:34:49+09:00
K0210,리빙,10,에어컨냄새제거,세부 검색어,11270,11270,63121,996,이상(하한),69.24217487388012,85.67547623537217,62.5,72.82373030755171,485,네이버 검색광고 API,970,10300,높음,8,2026-09-12T08:34:49+09:00
K0211,리빙,11,날파리퇴치,세부 검색어,10480,10480,8383,241,수집결과 내 집계,88.30957023027433,94.10786483722453,50.0,82.38714456630453,164,네이버 검색광고 API,1230,9250,중간,8,2026-09-12T08:34:49+09:00
K0212,리빙,12,주방후드교체,세부 검색어,12060,12060,104320,978,이상(하한),62.094386273406776,97.90923384816034,62.5,72.91996329115149,479,네이버 검색광고 API,1560,10500,높음,8,2026-09-12T08:34:49+09:00
K0213,리빙,13,통돌이세탁기청소,세부 검색어,11810,11810,49783,625,수집결과 내 집계,70.5583522283676,96.69198358279249,62.5,76.78677118902155,352,네이버 검색광고 API,1010,10800,높음,10,2026-09-12T08:34:49+09:00
K0214,리빙,14,에어컨필터청소,세부 검색어,7330,7330,94425,977,이상(하한),61.428185865004025,85.71040385364034,62.5,68.92721408859411,571,네이버 검색광고 API,670,6660,높음,10,2026-09-12T08:34:49+09:00
K0215,리빙,15,화장실청소,세부 검색어,11310,11310,486090,896,이상(하한),43.50658167059427,87.40857387069315,62.5,60.47586299650508,774,네이버 검색광고 API,1650,9660,높음,10,2026-09-12T08:34:49+09:00
K0216,리빙,16,돈벌레나오는이유,세부 검색어,10400,10400,407,25,수집결과 내 집계,87.46695945300254,91.47027548166196,62.5,83.67456237099987,123,네이버 검색광고 API,1060,9340,중간,7,2026-09-12T08:34:49+09:00
K0217,리빙,17,세면대수전교체,세부 검색어,10540,10540,134961,975,이상(하한),55.74665501053011,97.50946512310836,62.5,69.62616704219757,554,네이버 검색광고 API,1550,8990,높음,8,2026-09-12T08:34:49+09:00
K0218,리빙,18,벽걸이에어컨청소,세부 검색어,7800,7800,131370,995,이상(하한),55.83303143518847,86.32093202384227,62.5,66.31279532474692,640,네이버 검색광고 API,1810,5990,중간,8,2026-09-12T08:34:49+09:00
K0219,리빙,19,바퀴벌레퇴치법,세부 검색어,9650,9650,4033,88,수집결과 내 집계,86.58117943542723,90.39978219993208,50.0,80.41052437769324,233,네이버 검색광고 API,630,9020,높음,10,2026-09-12T08:34:49+09:00
K0220,리빙,20,세탁기통세척,세부 검색어,8740,8740,12551,635,수집결과 내 집계,82.61098959342598,86.28905189683177,62.5,79.69221036576252,260,네이버 검색광고 API,580,8160,높음,10,2026-09-12T08:34:49+09:00
K0221,리빙,21,하수구냄새제거,세부 검색어,8310,8310,97532,519,수집결과 내 집계,56.07133210974946,91.0576785544504,62.5,67.85296962120985,598,네이버 검색광고 API,940,7370,높음,10,2026-09-12T08:34:49+09:00
K0222,리빙,22,권연벌레퇴치,세부 검색어,7780,7780,2526,170,수집결과 내 집계,85.96202644816111,86.17293654168253,50.0,78.83289418658532,289,네이버 검색광고 API,580,7200,높음,10,2026-09-12T08:34:49+09:00
K0223,리빙,23,방충망청소,세부 검색어,9390,9390,37488,822,수집결과 내 집계,66.75696566944393,93.37610387558871,62.5,73.89131399739858,457,네이버 검색광고 API,1100,8290,높음,10,2026-09-12T08:34:49+09:00
K0224,리빙,24,녹제거방법,세부 검색어,9030,9030,4902,85,수집결과 내 집계,85.66023376744128,84.91201867212015,75.0,83.30372248535669,135,네이버 검색광고 API,930,8100,높음,10,2026-09-12T08:34:49+09:00
K0225,리빙,25,과탄산소다사용법,세부 검색어,7630,7630,3449,159,수집결과 내 집계,85.39973883177683,88.90067778470436,62.5,81.87007275129972,180,네이버 검색광고 API,580,7050,높음,10,2026-09-12T08:34:49+09:00
K0226,리빙,26,전자레인지청소,세부 검색어,7380,7380,13098,630,수집결과 내 집계,78.14155456502723,90.86219602113479,62.5,78.82943608885405,290,네이버 검색광고 API,420,6960,높음,10,2026-09-12T08:34:49+09:00
K0227,리빙,27,주방후드청소,세부 검색어,7710,7710,57168,987,이상(하한),59.44633444050206,97.7287859848516,62.5,71.5418030157065,512,네이버 검색광고 API,700,7010,높음,10,2026-09-12T08:34:49+09:00
K0228,리빙,28,실외기청소,세부 검색어,2660,2660,31735,996,이상(하한),66.43625170225283,82.94284909987879,62.5,70.60098058109006,531,네이버 검색광고 API,310,2350,높음,10,2026-09-12T08:34:49+09:00
K0229,리빙,29,에어컨청소비용,세부 검색어,5470,5470,31182,499,수집결과 내 집계,66.20656803650823,85.71705918682309,75.0,73.81840177430104,459,네이버 검색광고 API,680,4790,높음,10,2026-09-12T08:34:49+09:00
K0230,리빙,30,구연산사용법,세부 검색어,7000,7000,2431,78,수집결과 내 집계,84.80091824758729,91.04120447861291,62.5,82.21282046737753,172,네이버 검색광고 API,390,6610,높음,9,2026-09-12T08:34:49+09:00
K0231,리빙,31,에어컨실외기청소,세부 검색어,2620,2620,17396,511,수집결과 내 집계,72.6094782770681,88.6999623140614,62.5,75.41472783275248,404,네이버 검색광고 API,350,2270,높음,10,2026-09-12T08:34:49+09:00
K0232,리빙,32,스티로폼분리수거,세부 검색어,6630,6630,1818,40,수집결과 내 집계,84.28333342934211,89.22032452657353,50.0,78.90776407264312,283,네이버 검색광고 API,570,6060,높음,10,2026-09-12T08:34:49+09:00
K0233,리빙,33,시스템에어컨청소,세부 검색어,5010,5010,74367,995,이상(하한),52.91926013188899,85.09617076144306,62.5,64.48848129437741,682,네이버 검색광고 API,1140,3870,높음,10,2026-09-12T08:34:49+09:00
K0234,리빙,34,벽걸이에어컨셀프청소,세부 검색어,3880,3880,3575,122,수집결과 내 집계,83.86701547580432,94.55993701880686,62.5,82.80148884354422,153,네이버 검색광고 API,380,3500,높음,10,2026-09-12T08:34:49+09:00
K0235,리빙,35,베이킹소다사용법,세부 검색어,5610,5610,3322,147,수집결과 내 집계,83.64706438038269,94.10728419315666,62.5,82.55571744813834,159,네이버 검색광고 API,370,5240,높음,10,2026-09-12T08:34:49+09:00
K0236,리빙,36,화장실하수구냄새,세부 검색어,5680,5680,125715,985,이상(하한),46.064963985378554,97.88710045185667,50.0,62.39861212824628,732,네이버 검색광고 API,550,5130,높음,10,2026-09-12T08:34:49+09:00
K0237,리빙,37,창틀청소,세부 검색어,6330,6330,128882,911,이상(하한),45.71511516297194,90.85331938364624,62.5,62.613553396579846,729,네이버 검색광고 API,900,5430,높음,10,2026-09-12T08:34:49+09:00
K0238,리빙,38,결로현상,세부 검색어,4780,4780,51798,990,이상(하한),56.03424767951013,88.90764588765259,50.0,64.68941760605084,677,네이버 검색광고 API,1090,3690,높음,10,2026-09-12T08:34:49+09:00
K0239,리빙,39,에어컨곰팡이제거,세부 검색어,4490,4490,19663,287,수집결과 내 집계,67.91326834284337,93.98429151715821,62.5,74.65192162656915,431,네이버 검색광고 API,360,4130,높음,10,2026-09-12T08:34:49+09:00
K0240,리빙,40,폐가전수거,세부 검색어,5620,5620,73040,997,이상(하한),51.93858081390451,91.14014394242413,50.0,63.31133358967949,710,네이버 검색광고 API,1450,4170,높음,10,2026-09-12T08:34:49+09:00
K0241,리빙,41,집벌레종류,세부 검색어,5140,5140,754,24,수집결과 내 집계,83.55866945181181,86.48285514107069,62.5,80.22419126822712,241,네이버 검색광고 API,230,4910,높음,10,2026-09-12T08:34:49+09:00
K0242,리빙,42,주방기름때제거,세부 검색어,5350,5350,29131,932,수집결과 내 집계,62.9453280627979,97.40704265142223,62.5,73.19477682682562,474,네이버 검색광고 API,460,4890,높음,8,2026-09-12T08:34:49+09:00
K0243,리빙,43,싱크대배수구교체,세부 검색어,5840,5840,77136,971,수집결과 내 집계,51.131280714739674,97.99125056425324,62.5,67.4630155266458,608,네이버 검색광고 API,940,4900,중간,8,2026-09-12T08:34:49+09:00
K0244,리빙,44,에어컨냄새원인,세부 검색어,4520,4520,19362,995,이상(하한),66.7255651245346,81.35576316838522,75.0,72.76951151278287,488,네이버 검색광고 API,330,4190,높음,7,2026-09-12T08:34:49+09:00
K0245,리빙,45,폐가전방문수거,세부 검색어,4990,4990,21886,557,수집결과 내 집계,64.60407631652285,97.81884072220888,50.0,71.64769037492408,506,네이버 검색광고 API,1030,3960,높음,10,2026-09-12T08:34:49+09:00
K0246,리빙,46,곰팡이제거,세부 검색어,4840,4840,203431,969,이상(하한),38.53203509757564,86.67049915599219,62.5,57.76716729558547,829,네이버 검색광고 API,910,3930,높음,10,2026-09-12T08:34:49+09:00
K0247,리빙,47,싱크대교체,세부 검색어,4880,4880,540760,895,이상(하한),30.987670027607606,95.93657658059625,62.5,56.77480798798268,843,네이버 검색광고 API,980,3900,중간,8,2026-09-12T08:34:49+09:00
K0248,리빙,48,에어컨냄새,세부 검색어,4230,4230,356856,946,이상(하한),33.8038970671603,80.00348206509973,50.0,50.90299315311007,918,네이버 검색광고 API,560,3670,높음,8,2026-09-12T08:34:49+09:00
K0249,리빙,49,에어콘청소,세부 검색어,3340,3340,8080,24,수집결과 내 집계,75.14466388464955,91.33771907225926,62.5,77.47364766400256,332,네이버 검색광고 API,290,3050,높음,10,2026-09-12T08:34:49+09:00
K0250,리빙,50,세탁기고무패킹청소,세부 검색어,4230,4230,2123,203,수집결과 내 집계,82.2667228800081,97.15072967110157,62.5,82.77858034133452,154,네이버 검색광고 API,240,3990,높음,7,2026-09-12T08:34:49+09:00
K0251,리빙,51,벽걸이에어컨물떨어짐,세부 검색어,3170,3170,1114,132,수집결과 내 집계,82.24192731595183,69.86828525458613,50.0,72.08144923435175,498,네이버 검색광고 API,330,2840,높음,7,2026-09-12T08:34:49+09:00
K0252,리빙,52,바퀴벌레종류,세부 검색어,4320,4320,2638,51,수집결과 내 집계,82.01385494708668,88.02910932318555,62.5,79.915660270499,255,네이버 검색광고 API,410,3910,높음,10,2026-09-12T08:34:49+09:00
K0253,리빙,53,실리콘곰팡이제거,세부 검색어,4200,4200,13974,627,수집결과 내 집계,66.91587649840018,93.60136923520649,62.5,74.03834901976204,450,네이버 검색광고 API,380,3820,높음,10,2026-09-12T08:34:49+09:00
K0254,리빙,54,드럼세탁기통세척,세부 검색어,3940,3940,4162,175,수집결과 내 집계,81.58205449072207,97.55017365301995,62.5,82.55607934126702,158,네이버 검색광고 API,200,3740,높음,10,2026-09-12T08:34:49+09:00
K0255,리빙,55,에어컨청소가격,세부 검색어,3100,3100,23600,688,수집결과 내 집계,59.61459120117205,87.19971373354215,62.5,68.46720972064867,583,네이버 검색광고 API,300,2800,높음,10,2026-09-12T08:34:49+09:00
K0256,리빙,56,전자렌지청소,세부 검색어,4150,4150,3859,78,수집결과 내 집계,81.65396144547509,88.19725798234681,62.5,79.78615811744159,258,네이버 검색광고 API,180,3970,높음,10,2026-09-12T08:34:49+09:00
K0257,리빙,57,가스렌지후드청소,세부 검색어,4150,4150,6920,50,수집결과 내 집계,74.878441421829,87.07156175004636,62.5,76.06068923592841,381,네이버 검색광고 API,180,3970,높음,10,2026-09-12T08:34:49+09:00
K0258,리빙,58,싱크대하수구냄새,세부 검색어,3380,3380,165260,976,이상(하한),37.037591890518605,97.7402718670269,50.0,57.840877505367374,827,네이버 검색광고 API,380,3000,높음,10,2026-09-12T08:34:49+09:00
K0259,리빙,59,욕실청소,세부 검색어,3680,3680,301536,873,이상(하한),31.812707917349634,87.94595303625293,62.5,54.7901398695507,868,네이버 검색광고 API,690,2990,높음,8,2026-09-12T08:34:49+09:00
K0260,리빙,60,드럼세탁기고무패킹청소,세부 검색어,3550,3550,2361,176,수집결과 내 집계,81.16641691195234,96.75333925154455,62.5,82.10921023143953,176,네이버 검색광고 API,300,3250,높음,10,2026-09-12T08:34:49+09:00
K0261,리빙,61,수건냄새제거,세부 검색어,3490,3490,4809,363,수집결과 내 집계,77.54066301337765,91.2299919727742,62.5,78.63932909852109,296,네이버 검색광고 API,270,3220,높음,10,2026-09-12T08:34:49+09:00
K0262,리빙,62,보일러교체비용,세부 검색어,3840,3840,12087,172,수집결과 내 집계,65.71109733512674,91.712674214056,75.0,75.36935093178016,405,네이버 검색광고 API,620,3220,높음,10,2026-09-12T08:34:49+09:00
K0263,리빙,63,통돌이세탁조청소,세부 검색어,3290,3290,4098,117,수집결과 내 집계,78.77170947815554,96.9141509176164,62.5,80.9601000143627,216,네이버 검색광고 API,220,3070,높음,10,2026-09-12T08:34:49+09:00
K0264,리빙,64,날파리퇴치법,세부 검색어,1570,1570,1945,69,수집결과 내 집계,80.71544298616013,,50.0,,,네이버 검색광고 API,150,1420,높음,10,2026-09-12T08:34:49+09:00
K0265,리빙,65,세면대배수관교체,세부 검색어,3340,3340,26534,384,수집결과 내 집계,54.978459286069956,96.56052335250524,62.5,68.95738664878655,569,네이버 검색광고 API,450,2890,높음,8,2026-09-12T08:34:49+09:00
K0266,리빙,66,화장실곰팡이제거,세부 검색어,3290,3290,24824,555,수집결과 내 집계,55.52544838976861,91.32941907963695,62.5,67.66154991877539,603,네이버 검색광고 API,440,2850,높음,10,2026-09-12T08:34:49+09:00
K0267,리빙,67,통돌이세탁기통세척,세부 검색어,3230,3230,3456,141,수집결과 내 집계,80.26522388196395,96.78188296270159,62.5,81.66717682979245,188,네이버 검색광고 API,240,2990,높음,10,2026-09-12T08:34:49+09:00
K0268,리빙,68,바퀴벌레퇴치,세부 검색어,3250,3250,41694,647,수집결과 내 집계,49.06554813055321,82.8685022733674,50.0,59.393324747286826,798,네이버 검색광고 API,610,2640,높음,10,2026-09-12T08:34:49+09:00
K0269,리빙,69,냉장고청소방법,세부 검색어,3020,3020,2371,67,수집결과 내 집계,80.33098901900286,95.44486360294431,75.0,83.79895359038471,122,네이버 검색광고 API,210,2810,높음,9,2026-09-12T08:34:49+09:00
K0270,리빙,70,에어프라이어청소,세부 검색어,3070,3070,6446,351,수집결과 내 집계,71.09640251597911,86.49281185327101,62.5,73.99604481397085,452,네이버 검색광고 API,300,2770,높음,10,2026-09-12T08:34:49+09:00
K0271,리빙,71,아파트창문청소,세부 검색어,3140,3140,24653,893,수집결과 내 집계,54.144297915455624,97.2294423820218,62.5,68.74098167233436,576,네이버 검색광고 API,480,2660,높음,10,2026-09-12T08:34:49+09:00
K0272,리빙,72,보일러교체,세부 검색어,3320,3320,270615,975,이상(하한),29.909251035201255,96.95393405798633,62.5,56.540805734996525,846,네이버 검색광고 API,620,2700,높음,8,2026-09-12T08:34:49+09:00
K0273,리빙,73,재활용분리수거,세부 검색어,3010,3010,35409,951,수집결과 내 집계,49.454117659497655,88.93162360396568,50.0,61.40654591093853,749,네이버 검색광고 API,410,2600,높음,8,2026-09-12T08:34:49+09:00
K0274,리빙,74,셀프에어컨청소,세부 검색어,2260,2260,17723,673,수집결과 내 집계,57.64309100733112,86.23912490189531,62.5,67.19328297423415,617,네이버 검색광고 API,220,2040,높음,8,2026-09-12T08:34:49+09:00
K0275,리빙,75,하수구냄새,세부 검색어,2950,2950,447107,911,이상(하한),26.664524253323467,86.21261139016616,50.0,49.196045543711584,932,네이버 검색광고 API,460,2490,높음,8,2026-09-12T08:34:49+09:00
K0276,리빙,76,돈벌레퇴치,세부 검색어,2570,2570,1724,30,수집결과 내 집계,79.93770633085016,89.29397304115183,50.0,76.75704507777063,354,네이버 검색광고 API,280,2290,높음,10,2026-09-12T08:34:49+09:00
K0277,리빙,77,드럼세탁기청소방법,세부 검색어,2950,2950,4169,82,수집결과 내 집계,75.65393166274376,97.27943447159407,75.0,82.01079617285009,179,네이버 검색광고 API,240,2710,높음,10,2026-09-12T08:34:49+09:00
K0278,리빙,78,집냄새제거,세부 검색어,2800,2800,70260,987,이상(하한),40.9434202930406,94.52419407989895,62.5,61.32896837048999,751,네이버 검색광고 API,300,2500,높음,10,2026-09-12T08:34:49+09:00
K0279,리빙,79,에어컨청소방법,세부 검색어,2010,2010,17554,491,수집결과 내 집계,56.418889023224025,88.34827168596547,75.0,69.71392601740166,553,네이버 검색광고 API,160,1850,높음,10,2026-09-12T08:34:49+09:00
K0280,리빙,80,싱크대하수구청소,세부 검색어,2600,2600,222102,994,이상(하한),30.008134667366075,95.44450440162092,62.5,56.13741865416931,854,네이버 검색광고 API,190,2410,높음,8,2026-09-12T08:34:49+09:00
K0281,리빙,81,냉장고청소,세부 검색어,2620,2620,92555,982,이상(하한),37.26829008030235,86.23077260620443,62.5,57.0033768220125,841,네이버 검색광고 API,380,2240,높음,10,2026-09-12T08:34:49+09:00
K0282,리빙,82,아파트유리창청소,세부 검색어,2730,2730,37547,996,이상(하한),46.31623949837723,92.90672685715961,62.5,63.5301378063365,705,네이버 검색광고 API,400,2330,높음,10,2026-09-12T08:34:49+09:00
K0283,리빙,83,싱크대하부장냄새,세부 검색어,2300,2300,11701,339,수집결과 내 집계,60.2449389510689,87.49773175419989,50.0,66.37178900179441,637,네이버 검색광고 API,280,2020,높음,8,2026-09-12T08:34:49+09:00
K0284,리빙,84,싱크대냄새제거,세부 검색어,2460,2460,58276,348,수집결과 내 집계,41.339767841593115,92.92885221523429,62.5,61.04853958536684,760,네이버 검색광고 API,270,2190,높음,10,2026-09-12T08:34:49+09:00
K0285,리빙,85,욕실곰팡이제거,세부 검색어,2420,2420,26519,991,이상(하한),49.956186248160975,90.07870724427212,62.5,64.50170529736212,681,네이버 검색광고 API,270,2150,높음,10,2026-09-12T08:34:49+09:00
K0286,리빙,86,배관청소,세부 검색어,2550,2550,542130,936,이상(하한),23.909286581808882,95.21947755616482,62.5,53.020486557753884,891,네이버 검색광고 API,520,2030,높음,10,2026-09-12T08:34:49+09:00
K0287,리빙,87,천장형에어컨청소,세부 검색어,1840,1840,43386,699,수집결과 내 집계,43.44434829421236,87.52118792346798,62.5,60.47853052414658,773,네이버 검색광고 API,330,1510,높음,10,2026-09-12T08:34:49+09:00
K0288,리빙,88,드럼세탁기청소비용,세부 검색어,2270,2270,1312,14,수집결과 내 집계,78.61329809010427,97.53313760895234,75.0,83.56659032773783,125,네이버 검색광고 API,250,2020,높음,10,2026-09-12T08:34:49+09:00
K0289,리빙,89,곰팡이냄새제거,세부 검색어,2230,2230,34271,548,수집결과 내 집계,45.24746149523153,88.89551941843513,62.5,61.7923865731463,743,네이버 검색광고 API,300,1930,높음,8,2026-09-12T08:34:49+09:00
K0290,리빙,90,에어컨누수,세부 검색어,1660,1660,48777,987,이상(하한),40.48762488498399,81.67647063689147,50.0,54.746753633559436,870,네이버 검색광고 API,240,1420,높음,10,2026-09-12T08:34:49+09:00
K0291,리빙,91,화장실환풍기청소,세부 검색어,2060,2060,4147,102,수집결과 내 집계,69.85854394518617,92.7588806848594,62.5,75.2569361780509,408,네이버 검색광고 API,170,1890,높음,10,2026-09-12T08:34:49+09:00
K0292,리빙,92,후드청소,세부 검색어,2150,2150,111748,976,이상(하한),32.10611890086852,76.56933486274437,62.5,51.52385990925757,906,네이버 검색광고 API,660,1490,높음,10,2026-09-12T08:34:49+09:00
K0293,리빙,93,에어컨곰팡이냄새,세부 검색어,1790,1790,64735,990,이상(하한),37.19746679908323,,50.0,,,네이버 검색광고 API,150,1640,높음,8,2026-09-12T08:34:49+09:00
K0294,리빙,94,세탁기분해청소,세부 검색어,1990,1990,109852,991,이상(하한),31.990379457690683,89.00100815704278,62.5,55.19549217595817,861,네이버 검색광고 API,360,1630,높음,10,2026-09-12T08:34:49+09:00
K0295,리빙,95,화장실냄새,세부 검색어,2090,2090,313100,871,이상(하한),24.51775759326797,86.97488321794273,50.0,48.3513437620168,945,네이버 검색광고 API,300,1790,높음,10,2026-09-12T08:34:49+09:00
K0296,리빙,96,냉장고냄새제거,세부 검색어,1330,1330,10478,324,수집결과 내 집계,49.684335205321425,78.63310811411928,62.5,60.9321000368965,763,네이버 검색광고 API,610,720,중간,8,2026-09-12T08:34:49+09:00
K0297,리빙,97,화장실하수구냄새제거,세부 검색어,1160,1160,36656,225,수집결과 내 집계,33.34712965502624,88.42229590163213,62.5,55.70025359800276,858,네이버 검색광고 API,170,990,높음,10,2026-09-12T08:34:49+09:00
K0298,리빙,98,세탁기청소방법,세부 검색어,740,740,15822,283,수집결과 내 집계,36.53272610945116,82.55397152386104,75.0,58.03255451188389,824,네이버 검색광고 API,130,610,높음,10,2026-09-12T08:34:49+09:00
K0299,리빙,99,에어컨전기세절약,세부 검색어,60,60,13859,992,이상(하한),12.673849430125443,,50.0,,,네이버 검색광고 API,20,40,높음,3,2026-09-12T08:34:49+09:00
K0300,리빙,100,음식물쓰레기냄새제거,세부 검색어,100,100,1045,62,수집결과 내 집계,36.07768008684673,,62.5,,,네이버 검색광고 API,10,90,높음,3,2026-09-12T08:34:49+09:00
K0301,건강,1,마그네슘효능,세부 검색어,85900,85900,37174,988,이상(하한),98.80768770305642,98.20699739734431,62.5,91.3659430707315,11,네이버 검색광고 API,6200,79700,높음,10,2026-09-12T08:34:49+09:00
K0302,건강,2,혈압정상수치,세부 검색어,81060,81060,13989,546,수집결과 내 집계,98.7984417309849,94.73224917186744,75.0,92.81889561705268,3,네이버 검색광고 API,3860,77200,높음,7,2026-09-12T08:34:49+09:00
K0303,건강,3,당뇨초기증상,세부 검색어,57770,57770,24041,990,이상(하한),96.83038510278993,89.78023422658846,75.0,90.3492628193715,18,네이버 검색광고 API,4970,52800,높음,10,2026-09-12T08:34:49+09:00
K0304,건강,4,당뇨에좋은음식,세부 검색어,45260,45260,34186,513,수집결과 내 집계,95.42738489272841,89.80080745479275,50.0,84.65393468280203,107,네이버 검색광고 API,3460,41800,높음,10,2026-09-12T08:34:49+09:00
K0305,건강,5,콜레스테롤수치,세부 검색어,43770,43770,131645,953,이상(하한),81.24348623713651,90.41489297540299,75.0,82.74621101118915,155,네이버 검색광고 API,3870,39900,높음,10,2026-09-12T08:34:49+09:00
K0306,건강,6,당화혈색소수치,세부 검색어,41310,41310,15322,987,수집결과 내 집계,95.07407329908014,98.02688775360947,75.0,91.94510297562292,7,네이버 검색광고 API,3510,37800,높음,7,2026-09-12T08:34:49+09:00
K0307,건강,7,저혈압수치,세부 검색어,40350,40350,7037,156,수집결과 내 집계,95.02374502534474,93.650789455047,75.0,90.60710934918647,16,네이버 검색광고 API,2250,38100,높음,3,2026-09-12T08:34:49+09:00
K0308,건강,8,역류성식도염증상,세부 검색어,41480,41480,53814,978,수집결과 내 집계,91.6344208913059,88.08287228457517,75.0,87.2420721310255,49,네이버 검색광고 API,4180,37300,높음,10,2026-09-12T08:34:49+09:00
K0309,건강,9,혈당정상수치,세부 검색어,34740,34740,26212,990,이상(하한),93.92261295250641,92.54424693568956,75.0,89.72458055696008,20,네이버 검색광고 API,2840,31900,높음,10,2026-09-12T08:34:49+09:00
K0310,건강,10,마그네슘많은음식,세부 검색어,36810,36810,3752,255,수집결과 내 집계,93.59634323617576,93.92843282503304,50.0,84.97670146559778,94,네이버 검색광고 API,1910,34900,높음,9,2026-09-12T08:34:49+09:00
K0311,건강,11,고지혈증증상,세부 검색어,29990,29990,24669,670,수집결과 내 집계,93.13058425188186,97.2957676903094,75.0,90.75402243303375,14,네이버 검색광고 API,2190,27800,높음,10,2026-09-12T08:34:49+09:00
K0312,건강,12,공복혈당정상수치,세부 검색어,29810,29810,9594,585,수집결과 내 집계,93.0273636938364,97.397263129153,75.0,90.7328607856641,15,네이버 검색광고 API,3510,26300,높음,7,2026-09-12T08:34:49+09:00
K0313,건강,13,당뇨정상수치,세부 검색어,29430,29430,13556,521,수집결과 내 집계,92.9711614431827,91.62971506316893,75.0,88.97449524054203,30,네이버 검색광고 API,1730,27700,높음,10,2026-09-12T08:34:49+09:00
K0314,건강,14,공복혈당수치,세부 검색어,28880,28880,29508,985,이상(하한),92.39081764855533,88.06495765785134,75.0,87.61489612163307,44,네이버 검색광고 API,1580,27300,높음,10,2026-09-12T08:34:49+09:00
K0315,건강,15,단백질많은음식,세부 검색어,27350,27350,8804,207,수집결과 내 집계,92.58879406392674,94.25238459467072,50.0,84.57011241036459,108,네이버 검색광고 API,2650,24700,높음,10,2026-09-12T08:34:49+09:00
K0316,건강,16,식후2시간혈당,세부 검색어,26240,26240,10055,387,수집결과 내 집계,92.28338119535334,93.60327479176118,75.0,89.22267303520502,25,네이버 검색광고 API,2240,24000,높음,10,2026-09-12T08:34:49+09:00
K0317,건강,17,당화혈색소정상수치,세부 검색어,24290,24290,5463,333,수집결과 내 집계,91.90971894680578,90.97416254505933,75.0,88.2471082369207,36,네이버 검색광고 API,3290,21000,높음,10,2026-09-12T08:34:49+09:00
K0318,건강,18,저혈압증상,세부 검색어,23320,23320,26775,579,수집결과 내 집계,90.60237123396868,88.04693120222792,75.0,86.71526497765272,58,네이버 검색광고 API,1820,21500,높음,7,2026-09-12T08:34:49+09:00
K0319,건강,19,고혈압증상,세부 검색어,24320,24320,98626,994,이상(하한),73.59270863826227,90.56133867457669,75.0,78.96475592150414,282,네이버 검색광고 API,2320,22000,높음,10,2026-09-12T08:34:49+09:00
K0320,건강,20,정상혈압,세부 검색어,23680,23680,47987,989,이상(하한),82.53326088621559,90.64498211708819,50.0,78.46012507823426,300,네이버 검색광고 API,1780,21900,높음,7,2026-09-12T08:34:49+09:00
K0321,건강,21,고지혈증좋은음식,세부 검색어,22150,22150,13457,466,수집결과 내 집계,91.42187217088592,91.23500197148067,50.0,83.08143667688717,142,네이버 검색광고 API,1850,20300,높음,10,2026-09-12T08:34:49+09:00
K0322,건강,22,당뇨증상,세부 검색어,21790,21790,80302,986,이상(하한),74.47295294155575,90.38606924460845,75.0,79.35229724416041,272,네이버 검색광고 API,2190,19600,높음,10,2026-09-12T08:34:49+09:00
K0323,건강,23,허리디스크증상,세부 검색어,20540,20540,108880,973,이상(하한),69.6019404986083,91.73118765279472,75.0,77.32032654514256,337,네이버 검색광고 API,1840,18700,높음,10,2026-09-12T08:34:49+09:00
K0324,건강,24,마그네슘음식,세부 검색어,20590,20590,18446,561,수집결과 내 집계,89.87591474038155,97.88562681689871,50.0,84.30364541526038,114,네이버 검색광고 API,1090,19500,높음,10,2026-09-12T08:34:49+09:00
K0325,건강,25,식후혈당정상수치,세부 검색어,16680,16680,6325,231,수집결과 내 집계,89.62499410310122,94.41678206289747,75.0,88.13753167041985,38,네이버 검색광고 API,1580,15100,높음,10,2026-09-12T08:34:49+09:00
K0326,건강,26,콜레스테롤낮추는음식,세부 검색어,15890,15890,8403,242,수집결과 내 집계,89.49511842498434,84.70864842902975,50.0,80.1601537412011,248,네이버 검색광고 API,1690,14200,높음,10,2026-09-12T08:34:49+09:00
K0327,건강,27,내장지방빼는법,세부 검색어,15600,15600,7851,208,수집결과 내 집계,89.47734206666021,90.33854668829774,62.5,84.34023503981943,113,네이버 검색광고 API,2200,13400,높음,10,2026-09-12T08:34:49+09:00
K0328,건강,28,중성지방수치,세부 검색어,15600,15600,21072,920,수집결과 내 집계,86.06593252814213,94.01762746342503,75.0,86.23825450309857,68,네이버 검색광고 API,1700,13900,높음,7,2026-09-12T08:34:49+09:00
K0329,건강,29,허리아플때운동,세부 검색어,14480,14480,5294,149,수집결과 내 집계,88.88550122588032,95.47316793227293,50.0,83.08470099262203,141,네이버 검색광고 API,980,13500,높음,10,2026-09-12T08:34:49+09:00
K0330,건강,30,고혈압낮추는방법,세부 검색어,14780,14780,7199,86,수집결과 내 집계,88.7980770405498,88.60629568623102,75.0,85.9809272261442,74,네이버 검색광고 API,1580,13200,높음,10,2026-09-12T08:34:49+09:00
K0331,건강,31,식도염증상,세부 검색어,13890,13890,62178,981,이상(하한),69.41616793097174,88.93822441801643,75.0,76.3895512908908,369,네이버 검색광고 API,990,12900,높음,10,2026-09-12T08:34:49+09:00
K0332,건강,32,고혈압수치,세부 검색어,13530,13530,40546,992,이상(하한),74.1405701891997,94.04561603000926,75.0,80.28396990360262,237,네이버 검색광고 API,1030,12500,높음,10,2026-09-12T08:34:49+09:00
K0333,건강,33,콜레스테롤높으면,세부 검색어,12100,12100,5417,223,수집결과 내 집계,87.76166710665046,98.01968589891686,50.0,83.28673932300029,136,네이버 검색광고 API,1300,10800,높음,7,2026-09-12T08:34:49+09:00
K0334,건강,34,비타민D부족증상,세부 검색어,11270,11270,9325,223,수집결과 내 집계,87.68938457782417,97.90620336173384,75.0,88.21655329743224,37,네이버 검색광고 API,1070,10200,높음,10,2026-09-12T08:34:49+09:00
K0335,건강,35,당뇨에좋은과일,세부 검색어,11050,11050,4586,139,수집결과 내 집계,87.36016251850432,91.47216356463954,50.0,81.12173032864402,213,네이버 검색광고 API,750,10300,높음,10,2026-09-12T08:34:49+09:00
K0336,건강,36,지방간치료,세부 검색어,10790,10790,8297,129,수집결과 내 집계,87.08152769626209,93.79514969927101,50.0,81.67930875791234,187,네이버 검색광고 API,960,9830,높음,10,2026-09-12T08:34:49+09:00
K0337,건강,37,공복혈당낮추기,세부 검색어,10310,10310,2887,55,수집결과 내 집계,87.07613937073793,98.04100811684437,50.0,82.95037212042227,147,네이버 검색광고 API,1110,9200,높음,10,2026-09-12T08:34:49+09:00
K0338,건강,38,수면다원검사,도구·신청 혼합형,10240,10240,39975,993,이상(하한),70.09749028334157,98.0518982435616,50.0,74.46431461473927,437,네이버 검색광고 API,2160,8080,높음,10,2026-09-12T08:34:49+09:00
K0339,건강,39,혈당낮추는음식,세부 검색어,10000,10000,9137,356,수집결과 내 집계,86.98376214961358,87.68059808308868,50.0,79.7960604997334,257,네이버 검색광고 API,1040,8960,높음,10,2026-09-12T08:34:49+09:00
K0340,건강,40,당화혈색소검사,도구·신청 혼합형,10140,10140,7058,400,수집결과 내 집계,86.85638793237982,94.30124907556439,50.0,81.71856868885922,186,네이버 검색광고 API,1500,8640,높음,10,2026-09-12T08:34:49+09:00
K0341,건강,41,저혈압원인,세부 검색어,8850,8850,14570,347,수집결과 내 집계,80.4407361981632,88.69646880464126,75.0,81.82930874047398,182,네이버 검색광고 API,680,8170,높음,7,2026-09-12T08:34:49+09:00
K0342,건강,42,지방간에좋은음식,세부 검색어,9220,9220,7959,204,수집결과 내 집계,86.18633943588635,92.2677169190978,50.0,80.77348479367251,224,네이버 검색광고 API,650,8570,높음,10,2026-09-12T08:34:49+09:00
K0343,건강,43,고지혈증원인,세부 검색어,8580,8580,22434,247,수집결과 내 집계,74.3717644446248,97.95683236118234,75.0,81.5729319306671,195,네이버 검색광고 API,800,7780,높음,10,2026-09-12T08:34:49+09:00
K0344,건강,44,당뇨관리,세부 검색어,8880,8880,189926,940,이상(하한),48.666725158345535,95.4306122302015,50.0,62.96254624823322,720,네이버 검색광고 API,950,7930,높음,10,2026-09-12T08:34:49+09:00
K0345,건강,45,고지혈증수치,세부 검색어,8550,8550,35289,978,이상(하한),68.02202882147719,94.1905171841474,75.0,77.26816956598282,338,네이버 검색광고 API,940,7610,높음,7,2026-09-12T08:34:49+09:00
K0346,건강,46,콜레스테롤낮추는방법,세부 검색어,8390,8390,10172,211,수집결과 내 집계,83.56748106058082,87.03430236827758,75.0,82.89403124077369,148,네이버 검색광고 API,1170,7220,높음,10,2026-09-12T08:34:49+09:00
K0347,건강,47,역류성식도염치료,세부 검색어,8550,8550,27251,257,수집결과 내 집계,71.01031336642828,86.40016391395619,50.0,71.425205857401,519,네이버 검색광고 API,950,7600,높음,10,2026-09-12T08:34:49+09:00
K0348,건강,48,혈당스파이크증상,세부 검색어,8480,8480,5674,387,수집결과 내 집계,85.80303003958333,90.49277726797861,75.0,85.04934820018525,90,네이버 검색광고 API,1690,6790,높음,7,2026-09-12T08:34:49+09:00
K0349,건강,49,마그네슘부족증상,세부 검색어,8970,8970,11505,481,수집결과 내 집계,81.61361801308047,81.47138184206632,75.0,80.24822355916012,240,네이버 검색광고 API,740,8230,높음,10,2026-09-12T08:34:49+09:00
K0350,건강,50,혈당수치,세부 검색어,8330,8330,143734,940,이상(하한),50.5866614884183,83.82886719634797,75.0,65.44199090311355,658,네이버 검색광고 API,1110,7220,높음,10,2026-09-12T08:34:49+09:00
K0351,건강,51,당화혈색소낮추기,세부 검색어,7870,7870,2136,53,수집결과 내 집계,85.5979405207106,95.02377544531475,50.0,81.30610289394973,207,네이버 검색광고 API,1100,6770,높음,10,2026-09-12T08:34:49+09:00
K0352,건강,52,혈압높을때증상,세부 검색어,8290,8290,1900,43,수집결과 내 집계,85.35636967499866,95.74557622119461,75.0,86.40185770385771,65,네이버 검색광고 API,580,7710,높음,10,2026-09-12T08:34:49+09:00
K0353,건강,53,고혈압에좋은음식,세부 검색어,7520,7520,24862,245,수집결과 내 집계,69.83665179718868,86.54001311012922,50.0,70.8803298316331,524,네이버 검색광고 API,850,6670,높음,10,2026-09-12T08:34:49+09:00
K0354,건강,54,지방간원인,세부 검색어,7360,7360,11482,343,수집결과 내 집계,78.6428291896336,97.8081972372731,75.0,83.66387376599873,124,네이버 검색광고 API,570,6790,높음,3,2026-09-12T08:34:49+09:00
K0355,건강,55,역류성식도염좋은음식,세부 검색어,6650,6650,8824,126,수집결과 내 집계,81.43600777673082,88.39310549168202,50.0,77.23593553587001,339,네이버 검색광고 API,820,5830,높음,10,2026-09-12T08:34:49+09:00
K0356,건강,56,비타민D효능,세부 검색어,6230,6230,24559,325,수집결과 내 집계,66.93149549407926,96.93865066041494,62.5,75.0473429451641,418,네이버 검색광고 API,1020,5210,높음,10,2026-09-12T08:34:49+09:00
K0357,건강,57,고혈압원인,세부 검색어,6570,6570,75122,536,수집결과 내 집계,53.135878496911175,91.23205172630779,75.0,68.93755476634792,570,네이버 검색광고 API,600,5970,높음,10,2026-09-12T08:34:49+09:00
K0358,건강,58,콜레스테롤높은이유,세부 검색어,6260,6260,2866,88,수집결과 내 집계,83.81990573372795,86.33865328275165,62.5,80.31154885168947,236,네이버 검색광고 API,660,5600,높음,7,2026-09-12T08:34:49+09:00
K0359,건강,59,허리디스크치료,세부 검색어,5620,5620,152005,985,이상(하한),44.31718617529424,86.76972835354474,50.0,58.189511593710534,822,네이버 검색광고 API,720,4900,높음,10,2026-09-12T08:34:49+09:00
K0360,건강,60,기립성저혈압치료,세부 검색어,5360,5360,2174,44,수집결과 내 집계,83.45884361062764,90.23719993970406,50.0,78.80058178722504,291,네이버 검색광고 API,520,4840,높음,7,2026-09-12T08:34:49+09:00
K0361,건강,61,걷기운동효과,세부 검색어,4950,4950,27289,616,수집결과 내 집계,60.67780575295432,86.79896122373756,62.5,68.87859124359844,572,네이버 검색광고 API,510,4440,중간,6,2026-09-12T08:34:49+09:00
K0362,건강,62,총콜레스테롤수치,세부 검색어,4540,4540,5540,266,수집결과 내 집계,80.17997751574092,87.49111903792215,75.0,81.33732446924711,204,네이버 검색광고 API,800,3740,높음,10,2026-09-12T08:34:49+09:00
K0363,건강,63,허리협착증치료,세부 검색어,4480,4480,25827,512,수집결과 내 집계,60.244796947692286,96.53654965660736,50.0,69.08336337082835,566,네이버 검색광고 API,370,4110,높음,10,2026-09-12T08:34:49+09:00
K0364,건강,64,혈압에좋은음식,세부 검색어,4780,4780,17377,427,수집결과 내 집계,64.96519937247827,94.07795823050301,50.0,70.70598715539003,528,네이버 검색광고 API,420,4360,높음,10,2026-09-12T08:34:49+09:00
K0365,건강,65,허리디스크운동,세부 검색어,4370,4370,71682,992,이상(하한),47.74460773703806,86.09595972398947,50.0,59.70109178571587,789,네이버 검색광고 API,730,3640,높음,10,2026-09-12T08:34:49+09:00
K0366,건강,66,혈액검사,도구·신청 혼합형,4550,4550,175300,976,이상(하한),38.397487535366224,87.71857162614307,50.0,55.51431525552603,860,네이버 검색광고 API,600,3950,높음,10,2026-09-12T08:34:49+09:00
K0367,건강,67,수면다원검사비용,세부 검색어,4040,4040,3504,136,수집결과 내 집계,81.869921412819,97.99125582658192,75.0,85.33233745438407,86,네이버 검색광고 API,760,3280,높음,10,2026-09-12T08:34:49+09:00
K0368,건강,68,간기능검사,도구·신청 혼합형,4390,4390,11459,154,수집결과 내 집계,69.12187145034738,88.75544732683977,50.0,71.18756992322562,522,네이버 검색광고 API,650,3740,높음,10,2026-09-12T08:34:49+09:00
K0369,건강,69,콜레스테롤정상수치,세부 검색어,3800,3800,10689,446,수집결과 내 집계,68.2359419759452,86.8203638911032,75.0,75.16408015530355,411,네이버 검색광고 API,530,3270,높음,7,2026-09-12T08:34:49+09:00
K0370,건강,70,총콜레스테롤정상수치,세부 검색어,3600,3600,1468,84,수집결과 내 집계,80.93754302645864,87.25179798296358,75.0,81.6443109081184,190,네이버 검색광고 API,480,3120,높음,7,2026-09-12T08:34:49+09:00
K0371,건강,71,비타민D음식,세부 검색어,3500,3500,27954,364,수집결과 내 집계,54.90485950330719,88.03342771789008,50.0,63.86245806702062,701,네이버 검색광고 API,490,3010,높음,10,2026-09-12T08:34:49+09:00
K0372,건강,72,비타민D수치,세부 검색어,3170,3170,15033,305,수집결과 내 집계,61.31660792603454,90.52089021269259,75.0,72.81457102682505,486,네이버 검색광고 API,640,2530,높음,10,2026-09-12T08:34:49+09:00
K0373,건강,73,허리강화운동,세부 검색어,3400,3400,28932,857,수집결과 내 집계,53.04823746499944,87.06315541861179,50.0,62.643065358083255,727,네이버 검색광고 API,380,3020,높음,10,2026-09-12T08:34:49+09:00
K0374,건강,74,허리운동,세부 검색어,3100,3100,547038,910,이상(하한),26.166385271469775,86.55760703010166,50.0,49.05047474476539,933,네이버 검색광고 API,420,2680,높음,10,2026-09-12T08:34:49+09:00
K0375,건강,75,HDL콜레스테롤높으면,세부 검색어,3110,3110,693,39,수집결과 내 집계,80.19104854231851,87.54145384292937,50.0,76.35796042403807,372,네이버 검색광고 API,510,2600,높음,3,2026-09-12T08:34:49+09:00
K0376,건강,76,허리근육강화운동,세부 검색어,3090,3090,9929,347,수집결과 내 집계,64.91669235741495,93.56424671403948,50.0,70.52762019291931,533,네이버 검색광고 API,310,2780,높음,7,2026-09-12T08:34:49+09:00
K0377,건강,77,수면무호흡증치료,세부 검색어,2960,2960,15259,279,수집결과 내 집계,59.37057332697282,93.6615973496807,50.0,67.78376586839062,599,네이버 검색광고 API,370,2590,높음,10,2026-09-12T08:34:49+09:00
K0378,건강,78,고지혈증약복용시간,세부 검색어,3050,3050,300,17,수집결과 내 집계,79.82564305130866,98.19123511605817,75.0,84.37019206047178,112,네이버 검색광고 API,210,2840,높음,3,2026-09-12T08:34:49+09:00
K0379,건강,79,생애주기별건강검진,세부 검색어,2950,2950,860,22,수집결과 내 집계,79.73057104058105,94.4543596877606,75.0,83.2015934266187,139,네이버 검색광고 API,460,2490,높음,7,2026-09-12T08:34:49+09:00
K0380,건강,80,LDL콜레스테롤정상수치,세부 검색어,2890,2890,2675,167,수집결과 내 집계,79.71136785429383,86.86156789133227,75.0,80.91415429454659,219,네이버 검색광고 API,430,2460,높음,7,2026-09-12T08:34:49+09:00
K0381,건강,81,고지혈증나쁜음식,세부 검색어,2880,2880,2617,98,수집결과 내 집계,79.20934164666915,85.01587026737764,50.0,75.10943190354786,415,네이버 검색광고 API,330,2550,높음,7,2026-09-12T08:34:49+09:00
K0382,건강,82,혈액순환에좋은음식,세부 검색어,2610,2610,8939,86,수집결과 내 집계,63.4764657341149,85.8298349777416,50.0,67.48718336037993,607,네이버 검색광고 API,310,2300,높음,10,2026-09-12T08:34:49+09:00
K0383,건강,83,혈압낮추는음식,세부 검색어,2680,2680,10208,211,수집결과 내 집계,61.8113925463451,91.03702518983755,50.0,68.21680383012381,589,네이버 검색광고 API,290,2390,높음,10,2026-09-12T08:34:49+09:00
K0384,건강,84,빈혈검사,도구·신청 혼합형,2480,2480,22764,524,수집결과 내 집계,51.56494461296669,91.21519286599566,50.0,63.14703016628204,716,네이버 검색광고 API,370,2110,높음,3,2026-09-12T08:34:49+09:00
K0385,건강,85,비타민D3효능,세부 검색어,2600,2600,1862,17,수집결과 내 집계,78.99567329042097,92.20329597205162,62.5,79.65882543682596,262,네이버 검색광고 API,250,2350,높음,10,2026-09-12T08:34:49+09:00
K0386,건강,86,중성지방낮추는음식,세부 검색어,2330,2330,2420,91,수집결과 내 집계,78.81887312983912,88.48728555058781,50.0,75.9556222300959,387,네이버 검색광고 API,330,2000,높음,7,2026-09-12T08:34:49+09:00
K0387,건강,87,수면무호흡증증상,세부 검색어,2290,2290,11711,270,수집결과 내 집계,59.10871031135709,91.33052591862558,75.0,71.95351293126622,500,네이버 검색광고 API,260,2030,높음,10,2026-09-12T08:34:49+09:00
K0388,건강,88,허리디스크초기증상,세부 검색어,2360,2360,10248,302,수집결과 내 집계,60.328312485737,83.09728679253342,75.0,70.09334228062852,541,네이버 검색광고 API,380,1980,높음,10,2026-09-12T08:34:49+09:00
K0389,건강,89,허리디스크에좋은운동,세부 검색어,2440,2440,7371,73,수집결과 내 집계,64.46330568578635,83.36501928384969,50.0,67.24115862804808,614,네이버 검색광고 API,370,2070,높음,10,2026-09-12T08:34:49+09:00
K0390,건강,90,허리디스크원인,세부 검색어,2300,2300,70150,987,이상(하한),37.96107251472846,90.82806121456606,75.0,61.22895462173405,755,네이버 검색광고 API,250,2050,높음,10,2026-09-12T08:34:49+09:00
K0391,건강,91,마그네슘부족,세부 검색어,1950,1950,37465,985,이상(하한),43.95417661455127,97.70135582768131,50.0,61.287495055580024,753,네이버 검색광고 API,290,1660,높음,10,2026-09-12T08:34:49+09:00
K0392,건강,92,비타민D정상수치,세부 검색어,2180,2180,1531,36,수집결과 내 집계,78.37597981297611,95.88427097831699,75.0,82.95327119998315,146,네이버 검색광고 API,400,1780,높음,3,2026-09-12T08:34:49+09:00
K0393,건강,93,고지혈증에좋은음식,세부 검색어,2260,2260,13457,466,수집결과 내 집계,55.492377421157435,94.06428188161128,50.0,65.9654732750621,648,네이버 검색광고 API,330,1930,높음,10,2026-09-12T08:34:49+09:00
K0394,건강,94,허리견인치료,세부 검색어,1950,1950,1599,61,수집결과 내 집계,77.62704009607468,97.64502260155744,50.0,78.10702682850457,313,네이버 검색광고 API,180,1770,높음,10,2026-09-12T08:34:49+09:00
K0395,건강,95,간수치높은이유,세부 검색어,1500,1500,3935,89,수집결과 내 집계,62.983224414921644,92.16287581163326,87.5,76.64047495095079,363,네이버 검색광고 API,200,1300,높음,3,2026-09-12T08:34:49+09:00
K0396,건강,96,아침공복에좋은음식,세부 검색어,930,930,7709,228,수집결과 내 집계,46.34816119140645,95.6553774744299,50.0,61.870693838032196,742,네이버 검색광고 API,70,860,높음,3,2026-09-12T08:34:49+09:00
K0397,건강,97,혈압낮추는방법,세부 검색어,690,690,14769,228,수집결과 내 집계,35.63886745441784,78.0268570474379,75.0,56.227490841440286,851,네이버 검색광고 API,170,520,높음,10,2026-09-12T08:34:49+09:00
K0398,건강,98,물많이마시면좋은점,세부 검색어,350,350,1612,12,수집결과 내 집계,50.70581815340348,83.20192830999098,50.0,60.313487569699035,776,네이버 검색광고 API,80,270,중간,2,2026-09-12T08:34:49+09:00
K0399,건강,99,공복혈당낮추는방법,세부 검색어,310,310,2235,89,수집결과 내 집계,44.79539579856323,96.57777724075186,75.0,66.37103107150716,638,네이버 검색광고 API,50,260,높음,7,2026-09-12T08:34:49+09:00
K0400,건강,100,중성지방낮추는방법,세부 검색어,110,110,2020,56,수집결과 내 집계,29.752452300630875,81.53161226112456,75.0,54.3357098286528,876,네이버 검색광고 API,30,80,높음,3,2026-09-12T08:34:49+09:00
K0401,여행,1,인천공항주차장,세부 검색어,79300,79300,78773,941,이상(하한),99.03279771826135,84.14843337104243,50.0,84.76092887044341,101,네이버 검색광고 API,12400,66900,중간,1,2026-09-12T08:34:49+09:00
K0402,여행,2,여권사진규격,세부 검색어,68600,68600,8758,453,수집결과 내 집계,97.80373770284208,96.34110135679651,75.0,92.80419925845999,4,네이버 검색광고 API,14500,54100,높음,10,2026-09-12T08:34:49+09:00
K0403,여행,3,비짓재팬등록방법,세부 검색어,35510,35510,8642,877,수집결과 내 집계,93.84777664100316,97.57777145096634,75.0,91.19721975579148,12,네이버 검색광고 API,9810,25700,낮음,2,2026-09-12T08:34:49+09:00
K0404,여행,4,여권사진옷,세부 검색어,24030,24030,2564,56,수집결과 내 집계,91.91906857396133,91.98073788142383,50.0,83.55375565140781,127,네이버 검색광고 API,2130,21900,높음,7,2026-09-12T08:34:49+09:00
K0405,여행,5,인천공항주차,세부 검색어,19280,19280,169712,908,이상(하한),63.5748628802361,91.83806763282672,50.0,69.33885172996607,561,네이버 검색광고 API,5280,14000,중간,1,2026-09-12T08:34:49+09:00
K0406,여행,6,여권재발급기간,세부 검색어,17890,17890,10433,671,수집결과 내 집계,90.20263437512148,92.07575918975336,75.0,87.72404494448675,42,네이버 검색광고 API,4190,13700,높음,3,2026-09-12T08:34:49+09:00
K0407,여행,7,해외여행준비물,세부 검색어,16790,16790,62449,986,이상(하한),74.20885484367096,88.28943021947418,62.5,76.09125648767774,379,네이버 검색광고 API,2390,14400,높음,10,2026-09-12T08:34:49+09:00
K0408,여행,8,일본여행준비물,세부 검색어,17120,17120,18627,772,수집결과 내 집계,88.66953232373756,88.54657443255805,62.5,83.3987384916362,132,네이버 검색광고 API,3320,13800,높음,10,2026-09-12T08:34:49+09:00
K0409,여행,9,일본여행지추천,세부 검색어,16780,16780,3338,88,수집결과 내 집계,89.63539797896075,97.93354143478207,50.0,84.197761419915,115,네이버 검색광고 API,3280,13500,높음,10,2026-09-12T08:34:49+09:00
K0410,여행,10,일본여행추천,세부 검색어,14770,14770,143166,966,이상(하한),59.885511071773706,94.63808913475623,50.0,68.33418227631373,587,네이버 검색광고 API,2970,11800,높음,10,2026-09-12T08:34:49+09:00
K0411,여행,11,이심사용법,세부 검색어,11760,11760,7767,321,수집결과 내 집계,87.76166710665046,86.63422619419944,62.5,82.37110141158506,165,네이버 검색광고 API,1460,10300,높음,7,2026-09-12T08:34:49+09:00
K0412,여행,12,일본여행준비물리스트,세부 검색어,12330,12330,3849,156,수집결과 내 집계,87.74728261389006,97.79681970420924,62.5,85.7126872182078,79,네이버 검색광고 API,1930,10400,높음,3,2026-09-12T08:34:49+09:00
K0413,여행,13,면세한도,세부 검색어,12770,12770,10991,240,수집결과 내 집계,87.66021698284715,87.59755833744487,75.0,85.10937599265704,88,네이버 검색광고 API,1970,10800,높음,3,2026-09-12T08:34:49+09:00
K0414,여행,14,여권발급비용,세부 검색어,10980,10980,6955,192,수집결과 내 집계,87.42143034269876,91.9767596413672,75.0,86.30374306375954,66,네이버 검색광고 API,1840,9140,높음,3,2026-09-12T08:34:49+09:00
K0415,여행,15,항공권가격비교사이트,도구·신청 혼합형,10420,10420,2423,30,수집결과 내 집계,86.91211266820646,95.32825820886029,75.0,87.05453379676132,52,네이버 검색광고 API,3180,7240,높음,10,2026-09-12T08:34:49+09:00
K0416,여행,16,여권사진규정,세부 검색어,10270,10270,12498,331,수집결과 내 집계,84.38461480207334,94.62265626136592,62.5,83.07910427944645,143,네이버 검색광고 API,2000,8270,높음,3,2026-09-12T08:34:49+09:00
K0417,여행,17,여권재발급준비물,세부 검색어,9770,9770,6188,467,수집결과 내 집계,86.5458400254583,93.63133535188126,62.5,83.86232061829352,120,네이버 검색광고 API,1780,7990,중간,3,2026-09-12T08:34:49+09:00
K0418,여행,18,여권사진귀,세부 검색어,9180,9180,1888,43,수집결과 내 집계,86.01406954336753,95.22863077329627,50.0,81.57562400367264,194,네이버 검색광고 API,1190,7990,높음,3,2026-09-12T08:34:49+09:00
K0419,여행,19,인천공항주차장예약,도구·신청 혼합형,8630,8630,18273,711,수집결과 내 집계,76.68947719047385,86.41114841398941,50.0,74.26808311943375,446,네이버 검색광고 API,2930,5700,높음,7,2026-09-12T08:34:49+09:00
K0420,여행,20,보조배터리기내반입,세부 검색어,8400,8400,13409,989,이상(하한),79.74005241433917,93.68138298805714,50.0,77.97444110358673,318,네이버 검색광고 API,1150,7250,중간,3,2026-09-12T08:34:49+09:00
K0421,여행,21,해외여행준비물리스트,세부 검색어,8240,8240,11916,342,수집결과 내 집계,80.71527547979058,88.21847244846253,62.5,79.32317947443406,274,네이버 검색광고 API,1250,6990,높음,3,2026-09-12T08:34:49+09:00
K0422,여행,22,일본면세한도,세부 검색어,8230,8230,772,44,수집결과 내 집계,85.07388656058555,97.85123113190508,75.0,86.8923126198643,55,네이버 검색광고 API,950,7280,중간,2,2026-09-12T08:34:49+09:00
K0423,여행,23,위탁수하물,확장 주제어,6390,6390,23587,949,수집결과 내 집계,68.84555866305969,84.42732394982455,50.0,69.75097651647721,551,네이버 검색광고 API,900,5490,높음,3,2026-09-12T08:34:49+09:00
K0424,여행,24,아기여권사진,세부 검색어,6500,6500,12935,270,수집결과 내 집계,75.49430722192957,94.9382578624421,50.0,76.22863096969742,374,네이버 검색광고 API,620,5880,높음,7,2026-09-12T08:34:49+09:00
K0425,여행,25,여권발급준비물,세부 검색어,6690,6690,11247,346,수집결과 내 집계,77.22244499881694,83.11545540570704,62.5,76.04585912112059,382,네이버 검색광고 API,1110,5580,높음,3,2026-09-12T08:34:49+09:00
K0426,여행,26,인천공항2터미널단기주차장,세부 검색어,5780,5780,1221,55,수집결과 내 집계,84.06079429996875,97.49043311900792,50.0,81.27752708568676,208,네이버 검색광고 API,990,4790,높음,7,2026-09-12T08:34:49+09:00
K0427,여행,27,일본이심추천,세부 검색어,6370,6370,7215,428,수집결과 내 집계,82.15700348811589,97.3356489309481,50.0,80.27919642334237,238,네이버 검색광고 API,1180,5190,높음,10,2026-09-12T08:34:49+09:00
K0428,여행,28,여행자보험추천,세부 검색어,5810,5810,2664,61,수집결과 내 집계,83.75330140429989,90.0935474719476,50.0,78.90471494373422,284,네이버 검색광고 API,1670,4140,높음,10,2026-09-12T08:34:49+09:00
K0429,여행,29,여권사진앞머리,세부 검색어,5920,5920,1376,45,수집결과 내 집계,83.74372364304551,88.34079803101332,50.0,78.37410123082675,306,네이버 검색광고 API,920,5000,높음,3,2026-09-12T08:34:49+09:00
K0430,여행,30,여권사진가격,세부 검색어,5390,5390,5142,76,수집결과 내 집계,83.28508680857186,91.21233981777512,50.0,79.00624534961847,281,네이버 검색광고 API,800,4590,높음,10,2026-09-12T08:34:49+09:00
K0431,여행,31,일본입국심사,세부 검색어,5010,5010,9125,449,수집결과 내 집계,74.63887155763244,87.49180058032724,50.0,73.56697595291439,465,네이버 검색광고 API,630,4380,높음,3,2026-09-12T08:34:49+09:00
K0432,여행,32,여권재발급비용,세부 검색어,4400,4400,4269,294,수집결과 내 집계,82.27908095376708,95.39196662477588,75.0,84.7571304643163,102,네이버 검색광고 API,790,3610,높음,3,2026-09-12T08:34:49+09:00
K0433,여행,33,비행기액체용량,세부 검색어,3850,3850,206,6,수집결과 내 집계,81.62639112976787,93.48843805473811,50.0,78.85972698130537,286,네이버 검색광고 API,240,3610,중간,1,2026-09-12T08:34:49+09:00
K0434,여행,34,기내반입액체,세부 검색어,3780,3780,1726,58,수집결과 내 집계,81.35770958412603,87.12761240049106,50.0,76.81713851221033,350,네이버 검색광고 API,150,3630,중간,1,2026-09-12T08:34:49+09:00
K0435,여행,35,비행기좌석추천,세부 검색어,3660,3660,1964,53,수집결과 내 집계,81.31412276328047,85.18980945467197,50.0,76.21400421804182,375,네이버 검색광고 API,760,2900,높음,3,2026-09-12T08:34:49+09:00
K0436,여행,36,여권사진사이즈,세부 검색어,3760,3760,2948,27,수집결과 내 집계,80.92195821123974,86.67260207524919,50.0,76.46275972819463,368,네이버 검색광고 API,1390,2370,높음,10,2026-09-12T08:34:49+09:00
K0437,여행,37,여권분실재발급,세부 검색어,3560,3560,3310,109,수집결과 내 집계,80.8906621601302,88.625774544489,62.5,79.5330634434118,267,네이버 검색광고 API,610,2950,높음,3,2026-09-12T08:34:49+09:00
K0438,여행,38,항공권취소수수료,세부 검색어,3480,3480,3543,154,수집결과 내 집계,80.87495046702038,89.77357373977466,75.0,82.36954735544259,166,네이버 검색광고 API,640,2840,높음,7,2026-09-12T08:34:49+09:00
K0439,여행,39,환전수수료,세부 검색어,3500,3500,43284,948,이상(하한),49.437075910384294,86.23006794637162,75.0,65.58755833910364,653,네이버 검색광고 API,750,2750,높음,10,2026-09-12T08:34:49+09:00
K0440,여행,40,인천공항공식주차대행,세부 검색어,3490,3490,6280,151,수집결과 내 집계,73.24921263677243,90.14267662201691,50.0,73.66740930499128,464,네이버 검색광고 API,970,2520,낮음,0,2026-09-12T08:34:49+09:00
K0441,여행,41,여권사진렌즈,세부 검색어,3180,3180,73,1,수집결과 내 집계,80.3997109576706,92.564877772892,50.0,77.9693188107029,319,네이버 검색광고 API,250,2930,높음,3,2026-09-12T08:34:49+09:00
K0442,여행,42,일본이심사용법,세부 검색어,3250,3250,2907,118,수집결과 내 집계,80.33098901900286,94.09930151008295,62.5,80.89528496252632,220,네이버 검색광고 API,520,2730,높음,7,2026-09-12T08:34:49+09:00
K0443,여행,43,해외여행카드추천,세부 검색어,2530,2530,5182,181,수집결과 내 집계,69.95893267928142,88.7915152253636,50.0,71.61692090724979,509,네이버 검색광고 API,460,2070,높음,10,2026-09-12T08:34:49+09:00
K0444,여행,44,비행기좌석,세부 검색어,2410,2410,58202,982,이상(하한),40.46912355134506,82.21933835404151,50.0,54.90036328188498,866,네이버 검색광고 API,400,2010,높음,7,2026-09-12T08:34:49+09:00
K0445,여행,45,해외로밍방법,세부 검색어,1700,1700,4510,140,수집결과 내 집계,70.08428986698684,90.60594537549343,75.0,77.22392854614145,340,네이버 검색광고 API,150,1550,높음,10,2026-09-12T08:34:49+09:00
K0446,여행,46,인천공항제2터미널장기주차장,세부 검색어,2230,2230,2085,71,수집결과 내 집계,78.22877471348735,97.23988378571806,50.0,78.28635249245909,311,네이버 검색광고 API,500,1730,높음,7,2026-09-12T08:34:49+09:00
K0447,여행,47,여권재발급온라인신청,도구·신청 혼합형,2330,2330,7148,718,수집결과 내 집계,63.03772818370632,97.62226743941909,62.5,73.30554432367889,471,네이버 검색광고 API,860,1470,중간,2,2026-09-12T08:34:49+09:00
K0448,여행,48,셀프여권사진,세부 검색어,1990,1990,7844,150,수집결과 내 집계,60.93846192247454,79.89931892357131,50.0,64.43902663830866,684,네이버 검색광고 API,480,1510,높음,10,2026-09-12T08:34:49+09:00
K0449,여행,49,여권사진흰옷,세부 검색어,2000,2000,306,15,수집결과 내 집계,77.81688514844888,89.95389697031594,50.0,75.89461166531922,388,네이버 검색광고 API,240,1760,높음,3,2026-09-12T08:34:49+09:00
K0450,여행,50,일본여행환전,세부 검색어,2060,2060,16729,967,이상(하한),51.44662504234982,86.4655863866129,50.0,61.66298843715878,744,네이버 검색광고 API,420,1640,높음,3,2026-09-12T08:34:49+09:00
K0451,여행,51,비행기비상구좌석,세부 검색어,1800,1800,2172,47,수집결과 내 집계,76.56552807219893,90.52837418908321,50.0,75.44127629282443,402,네이버 검색광고 API,140,1660,중간,1,2026-09-12T08:34:49+09:00
K0452,여행,52,여권규격,세부 검색어,1920,1920,10045,534,수집결과 내 집계,56.23585785308359,94.65801777113602,75.0,71.5153342578826,515,네이버 검색광고 API,500,1420,높음,3,2026-09-12T08:34:49+09:00
K0453,여행,53,보조배터리기내반입용량,세부 검색어,1760,1760,2876,274,수집결과 내 집계,71.6316749020188,79.697629987237,50.0,69.7251264471805,552,네이버 검색광고 API,310,1450,높음,7,2026-09-12T08:34:49+09:00
K0454,여행,54,일본여행자보험추천,세부 검색어,1850,1850,153,6,수집결과 내 집계,77.10820762016752,97.60019419648864,50.0,77.83416206903036,325,네이버 검색광고 API,470,1380,높음,10,2026-09-12T08:34:49+09:00
K0455,여행,55,여권사진머리,세부 검색어,1690,1690,2580,55,수집결과 내 집계,71.59137451583703,87.89399814233981,50.0,72.16388670062045,497,네이버 검색광고 API,220,1470,높음,3,2026-09-12T08:34:49+09:00
K0456,여행,56,인천공항주차할인,세부 검색어,1560,1560,9875,254,수집결과 내 집계,53.05673429654878,92.33614240234519,50.0,64.22920986897795,688,네이버 검색광고 API,310,1250,높음,7,2026-09-12T08:34:49+09:00
K0457,여행,57,일본유심추천,세부 검색어,1560,1560,5367,265,수집결과 내 집계,60.28032531483735,88.61636844267227,50.0,66.72507319022036,631,네이버 검색광고 API,320,1240,높음,10,2026-09-12T08:34:49+09:00
K0458,여행,58,남자여권사진,세부 검색어,1440,1440,1107,20,수집결과 내 집계,75.97978233817979,85.7049658719036,50.0,73.70138093066097,463,네이버 검색광고 API,250,1190,높음,3,2026-09-12T08:34:49+09:00
K0459,여행,59,여권유효기간6개월,세부 검색어,1380,1380,5260,202,수집결과 내 집계,58.56258221159342,95.90094925874592,75.0,73.05157588342048,477,네이버 검색광고 API,340,1040,높음,3,2026-09-12T08:34:49+09:00
K0460,여행,60,인천공항제1터미널장기주차장,세부 검색어,1280,1280,1834,37,수집결과 내 집계,71.54537325499156,87.65153564121889,50.0,72.06814731986145,499,네이버 검색광고 API,190,1090,높음,7,2026-09-12T08:34:49+09:00
K0461,여행,61,일본여행준비물체크리스트,세부 검색어,1310,1310,2538,117,수집결과 내 집계,67.11759489980075,84.90380744457705,62.5,71.52993968327348,513,네이버 검색광고 API,400,910,높음,3,2026-09-12T08:34:49+09:00
K0462,여행,62,인천공항주차타워,세부 검색어,1070,1070,1377,56,수집결과 내 집계,74.67880826649379,80.59640171741758,50.0,71.51832464847217,514,네이버 검색광고 API,140,930,높음,7,2026-09-12T08:34:49+09:00
K0463,여행,63,해외여행자보험추천,세부 검색어,1140,1140,982,16,수집결과 내 집계,75.06893655126873,91.79830712077595,50.0,75.07396041186715,417,네이버 검색광고 API,350,790,높음,10,2026-09-12T08:34:49+09:00
K0464,여행,64,일본여행비용,세부 검색어,1230,1230,8280,369,수집결과 내 집계,51.19292334487646,88.08533480865133,75.0,67.02206211503363,623,네이버 검색광고 API,190,1040,높음,10,2026-09-12T08:34:49+09:00
K0465,여행,65,일본입국신고서작성,세부 검색어,1010,1010,2598,119,수집결과 내 집계,64.80630347742472,79.25635498643808,62.5,68.68005823464378,577,네이버 검색광고 API,180,830,높음,3,2026-09-12T08:34:49+09:00
K0466,여행,66,인천공항라운지이용방법,세부 검색어,1160,1160,2730,108,수집결과 내 집계,64.02379823707858,90.93501725456241,75.0,74.29240429490801,444,네이버 검색광고 API,200,960,높음,3,2026-09-12T08:34:49+09:00
K0467,여행,67,기내수하물무게,세부 검색어,900,900,1656,47,수집결과 내 집계,66.48470478984078,84.2327664564609,50.0,68.51218233185865,582,네이버 검색광고 API,90,810,높음,3,2026-09-12T08:34:49+09:00
K0468,여행,68,기내수하물,확장 주제어,840,840,16843,695,수집결과 내 집계,36.80269120727216,84.03830445619124,50.0,53.61283694049345,882,네이버 검색광고 API,170,670,중간,6,2026-09-12T08:34:49+09:00
K0469,여행,69,국내선공항도착시간,세부 검색어,920,920,551,13,수집결과 내 집계,73.03442875319212,90.87584728866248,75.0,78.7799685631948,294,네이버 검색광고 API,180,740,중간,2,2026-09-12T08:34:49+09:00
K0470,여행,70,해외여행자보험가격비교,세부 검색어,810,810,746,17,수집결과 내 집계,72.72139276915544,93.7561194927273,75.0,79.4875322323959,269,네이버 검색광고 API,250,560,높음,10,2026-09-12T08:34:49+09:00
K0471,여행,71,공항리무진가격,세부 검색어,730,730,3478,200,수집결과 내 집계,52.67022562425631,89.68663944174831,50.0,63.24110464465265,713,네이버 검색광고 API,90,640,높음,7,2026-09-12T08:34:49+09:00
K0472,여행,72,해외여행신용카드추천,세부 검색어,710,710,840,23,수집결과 내 집계,69.94902325194006,88.83720584484972,50.0,71.62567337942494,508,네이버 검색광고 API,190,520,높음,10,2026-09-12T08:34:49+09:00
K0473,여행,73,여권재발급사진,세부 검색어,650,650,11795,582,수집결과 내 집계,37.21592369321082,85.1393084728505,62.5,56.64975438846056,845,네이버 검색광고 API,170,480,높음,3,2026-09-12T08:34:49+09:00
K0474,여행,74,항공권취소,세부 검색어,650,650,19238,520,수집결과 내 집계,31.76871569132906,90.53381788826327,50.0,53.04450321214351,890,네이버 검색광고 API,120,530,높음,3,2026-09-12T08:34:49+09:00
K0475,여행,75,일본여행이심추천,세부 검색어,660,660,3577,231,수집결과 내 집계,49.52133251719843,95.20676405823959,50.0,63.32269547607109,709,네이버 검색광고 API,150,510,높음,7,2026-09-12T08:34:49+09:00
K0476,여행,76,여행자보험가격,세부 검색어,570,570,3617,67,수집결과 내 집계,49.384566446010524,88.40995527909136,50.0,61.21526980673267,756,네이버 검색광고 API,150,420,높음,10,2026-09-12T08:34:49+09:00
K0477,여행,77,여행자보험지연보상,세부 검색어,520,520,1397,74,수집결과 내 집계,61.02844731788558,83.24028761280526,50.0,65.48630994278437,655,네이버 검색광고 API,80,440,높음,7,2026-09-12T08:34:49+09:00
K0478,여행,78,해외로밍가격,세부 검색어,660,660,1423,66,수집결과 내 집계,60.21436608704856,83.52314507936956,50.0,65.16412656733515,666,네이버 검색광고 API,90,570,중간,8,2026-09-12T08:34:49+09:00
K0479,여행,79,해외여행자보험가격,세부 검색어,550,550,1203,24,수집결과 내 집계,61.13178727141124,97.96543931503743,50.0,69.95552543021685,545,네이버 검색광고 API,140,410,높음,10,2026-09-12T08:34:49+09:00
K0480,여행,80,인천공항리무진시간표,세부 검색어,560,560,13279,337,수집결과 내 집계,32.40235440553492,81.31930176897515,75.0,55.596967733460005,859,네이버 검색광고 API,110,450,높음,7,2026-09-12T08:34:49+09:00
K0481,여행,81,기내수하물크기,세부 검색어,570,570,777,28,수집결과 내 집계,66.39825080310764,88.917417035201,75.0,74.87435051211412,423,네이버 검색광고 API,80,490,높음,3,2026-09-12T08:34:49+09:00
K0482,여행,82,국제선공항도착시간,세부 검색어,500,500,445,20,수집결과 내 집계,70.5636940394164,82.6914655043427,75.0,75.08928667101101,416,네이버 검색광고 API,90,410,중간,1,2026-09-12T08:34:49+09:00
K0483,여행,83,환전수수료무료,세부 검색어,510,510,6130,169,수집결과 내 집계,37.44694895580703,80.78891248893319,75.0,57.96014822458348,825,네이버 검색광고 API,120,390,높음,7,2026-09-12T08:34:49+09:00
K0484,여행,84,여권사진메이크업,세부 검색어,410,410,2898,58,수집결과 내 집계,46.33784891415753,90.24890908379868,50.0,60.243597182218366,778,네이버 검색광고 API,70,340,높음,10,2026-09-12T08:34:49+09:00
K0485,여행,85,이심신청,도구·신청 혼합형,420,420,2257,103,수집결과 내 집계,48.636016145215876,88.8403948924853,50.0,60.97012654035353,761,네이버 검색광고 API,90,330,높음,7,2026-09-12T08:34:49+09:00
K0486,여행,86,해외여행보험추천,세부 검색어,430,430,1751,34,수집결과 내 집계,51.385980702368826,94.69257311214275,50.0,64.10076228482724,691,네이버 검색광고 API,100,330,높음,10,2026-09-12T08:34:49+09:00
K0487,여행,87,비행기좋은좌석,세부 검색어,390,390,1215,31,수집결과 내 집계,55.55995350358254,81.60619149942751,50.0,62.26183420161952,733,네이버 검색광고 API,70,320,높음,3,2026-09-12T08:34:49+09:00
K0488,여행,88,해외여행보험가격비교,세부 검색어,400,400,1022,26,수집결과 내 집계,57.32150980092878,92.45538222412941,75.0,71.39736956770321,521,네이버 검색광고 API,80,320,높음,10,2026-09-12T08:34:49+09:00
K0489,여행,89,여행자보험가격비교,세부 검색어,370,370,1436,34,수집결과 내 집계,52.59593323096456,84.41541715450688,75.0,66.62259176183434,633,네이버 검색광고 API,120,250,높음,10,2026-09-12T08:34:49+09:00
K0490,여행,90,여행자보험항공기지연보상,세부 검색어,340,340,577,36,수집결과 내 집계,64.17052345895115,94.24631768670199,50.0,70.35915703548616,537,네이버 검색광고 API,80,260,높음,7,2026-09-12T08:34:49+09:00
K0491,여행,91,해외여행시준비물,세부 검색어,370,370,3456,63,수집결과 내 집계,41.38252074767282,87.90522208121938,62.5,59.562826998202226,795,네이버 검색광고 API,80,290,높음,7,2026-09-12T08:34:49+09:00
K0492,여행,92,위탁수하물보조배터리,세부 검색어,340,340,940,122,수집결과 내 집계,57.03521704185304,88.56750567497289,50.0,65.08786022341839,669,네이버 검색광고 API,20,320,중간,2,2026-09-12T08:34:49+09:00
K0493,여행,93,온라인여권사진,세부 검색어,330,330,4594,406,수집결과 내 집계,37.16241275045678,87.95334196689107,50.0,54.96720896529571,864,네이버 검색광고 API,90,240,높음,10,2026-09-12T08:34:49+09:00
K0494,여행,94,환전수수료우대,세부 검색어,340,340,5815,261,수집결과 내 집계,32.649626958400695,82.02013987806379,75.0,55.93085544261948,855,네이버 검색광고 API,80,260,높음,9,2026-09-12T08:34:49+09:00
K0495,여행,95,해외로밍요금제,세부 검색어,310,310,2789,48,수집결과 내 집계,40.06546832949385,,75.0,,,네이버 검색광고 API,60,250,높음,7,2026-09-12T08:34:49+09:00
K0496,여행,96,일본로밍가격,세부 검색어,280,280,1006,37,수집결과 내 집계,52.0226459781264,89.92143335866179,50.0,62.98775299666173,719,네이버 검색광고 API,50,230,높음,10,2026-09-12T08:34:49+09:00
K0497,여행,97,여행자보험청구기간,세부 검색어,280,280,177,8,수집결과 내 집계,67.57492695249408,87.32811688650267,75.0,74.98589854219784,420,네이버 검색광고 API,50,230,높음,3,2026-09-12T08:34:49+09:00
K0498,여행,98,기내반입화장품,세부 검색어,230,230,1040,80,수집결과 내 집계,49.120957193605776,81.35565558356507,50.0,58.96717527187241,810,네이버 검색광고 API,20,210,중간,2,2026-09-12T08:34:49+09:00
K0499,여행,99,여권발급하는곳,세부 검색어,250,250,2471,33,수집결과 내 집계,37.91567378706715,83.04020234660935,62.5,56.36989759751638,849,네이버 검색광고 API,30,220,높음,3,2026-09-12T08:34:49+09:00
K0500,여행,100,기내반입금지물품,세부 검색어,160,160,3167,92,수집결과 내 집계,31.461521304675845,76.039127533249,50.0,48.542498912312624,940,네이버 검색광고 API,20,140,낮음,0,2026-09-12T08:34:49+09:00
K0501,자동차·IT·테크,1,자동차검사,도구·신청 혼합형,51900,51900,94509,978,이상(하한),88.66345330506888,90.98828876928118,50.0,81.6282132833188,192,네이버 검색광고 API,17200,34700,높음,10,2026-09-12T08:34:49+09:00
K0502,자동차·IT·테크,2,자동차검사예약,도구·신청 혼합형,43900,43900,17093,670,수집결과 내 집계,95.38390077355403,95.06826681170102,50.0,86.21243043028733,69,네이버 검색광고 API,12900,31000,높음,10,2026-09-12T08:34:49+09:00
K0503,자동차·IT·테크,3,엔진오일교환주기,세부 검색어,27960,27960,35403,894,수집결과 내 집계,90.15953538453647,91.08849790043307,75.0,87.40631706239816,46,네이버 검색광고 API,3760,24200,높음,10,2026-09-12T08:34:49+09:00
K0504,자동차·IT·테크,4,아이폰배터리교체,세부 검색어,27330,27330,20325,609,수집결과 내 집계,92.47958978237571,88.55576545074594,62.5,85.30652452641164,87,네이버 검색광고 API,3430,23900,높음,10,2026-09-12T08:34:49+09:00
K0505,자동차·IT·테크,5,자동차정기검사,도구·신청 혼합형,19820,19820,29343,977,수집결과 내 집계,86.06707254503884,92.42015341516935,50.0,80.75958229707022,225,네이버 검색광고 API,5220,14600,중간,3,2026-09-12T08:34:49+09:00
K0506,자동차·IT·테크,6,타이어교체주기,세부 검색어,18800,18800,8560,369,수집결과 내 집계,90.49064984144613,96.09938989474534,75.0,89.07514188914666,28,네이버 검색광고 API,2700,16100,높음,10,2026-09-12T08:34:49+09:00
K0507,자동차·IT·테크,7,아이폰배터리교체비용,세부 검색어,20170,20170,3005,67,수집결과 내 집계,90.49064984144613,90.528590886487,75.0,87.40390218666916,47,네이버 검색광고 API,2870,17300,높음,10,2026-09-12T08:34:49+09:00
K0508,자동차·IT·테크,8,전기차충전요금,세부 검색어,17360,17360,7990,599,수집결과 내 집계,89.94241294530171,97.08573475468071,75.0,89.09692689905506,27,네이버 검색광고 API,3560,13800,높음,10,2026-09-12T08:34:49+09:00
K0509,자동차·IT·테크,9,자동차경고등,세부 검색어,15900,15900,43078,989,이상(하한),76.86317367743113,88.97407281345633,50.0,75.12380868275247,414,네이버 검색광고 API,900,15000,높음,7,2026-09-12T08:34:49+09:00
K0510,자동차·IT·테크,10,엔진오일교환비용,세부 검색어,14890,14890,12133,302,수집결과 내 집계,89.19272211688127,93.16771805513936,75.0,87.54667647498245,45,네이버 검색광고 API,1590,13300,높음,10,2026-09-12T08:34:49+09:00
K0511,자동차·IT·테크,11,자동차검사비용,세부 검색어,13030,13030,6778,337,수집결과 내 집계,88.48125828418524,90.85925703967385,75.0,86.49840625399477,63,네이버 검색광고 API,2130,10900,높음,10,2026-09-12T08:34:49+09:00
K0512,자동차·IT·테크,12,엔진오일교환,세부 검색어,13080,13080,717827,955,이상(하한),41.48844315984239,90.26962930606058,50.0,57.82511037173937,828,네이버 검색광고 API,1680,11400,높음,10,2026-09-12T08:34:49+09:00
K0513,자동차·IT·테크,13,타이어교체,세부 검색어,12380,12380,540334,922,이상(하한),43.61092577127884,90.68117710869531,62.5,61.50981601824802,747,네이버 검색광고 API,2380,10000,높음,10,2026-09-12T08:34:49+09:00
K0514,자동차·IT·테크,14,자동차배터리교체,세부 검색어,11070,11070,157191,968,이상(하한),54.04724738198583,94.85565192129714,62.5,67.98031926738206,593,네이버 검색광고 API,1070,10000,높음,10,2026-09-12T08:34:49+09:00
K0515,자동차·IT·테크,15,자동차검사과태료,세부 검색어,9850,9850,5912,442,수집결과 내 집계,86.79446482491183,89.5642125812536,50.0,80.266496186832,239,네이버 검색광고 API,1580,8270,높음,3,2026-09-12T08:34:49+09:00
K0516,자동차·IT·테크,16,자동차정기검사조회,도구·신청 혼합형,9450,9450,1289,171,수집결과 내 집계,86.4924231440202,97.8496309566938,50.0,82.60110085901823,156,네이버 검색광고 API,2910,6540,높음,10,2026-09-12T08:34:49+09:00
K0517,자동차·IT·테크,17,자동차종합검사,도구·신청 혼합형,9240,9240,22054,526,수집결과 내 집계,75.7815514532358,88.4714862329216,50.0,74.43222159649439,438,네이버 검색광고 API,2240,7000,높음,10,2026-09-12T08:34:49+09:00
K0518,자동차·IT·테크,18,자동차검사기간,세부 검색어,8710,8710,8948,588,수집결과 내 집계,85.60363392534987,96.29932364755334,75.0,86.69161405694094,61,네이버 검색광고 API,1680,7030,높음,7,2026-09-12T08:34:49+09:00
K0519,자동차·IT·테크,19,전기차충전,세부 검색어,7960,7960,114296,918,이상(하한),52.87768926884796,96.26539508075847,50.0,65.31846315865153,662,네이버 검색광고 API,2000,5960,높음,10,2026-09-12T08:34:49+09:00
K0520,자동차·IT·테크,20,아이폰액정수리비용,세부 검색어,6760,6760,15783,194,수집결과 내 집계,73.87150948539335,88.92047976428168,75.0,78.61189867198118,297,네이버 검색광고 API,650,6110,높음,10,2026-09-12T08:34:49+09:00
K0521,자동차·IT·테크,21,엔진오일교체,세부 검색어,5840,5840,188649,983,이상(하한),43.061003947780755,89.72632414949615,62.5,60.948399218739226,762,네이버 검색광고 API,1040,4800,높음,10,2026-09-12T08:34:49+09:00
K0522,자동차·IT·테크,22,자동차검사조회,도구·신청 혼합형,6050,6050,2566,300,수집결과 내 집계,83.96010036441945,86.01683819170083,50.0,77.78510163971997,326,네이버 검색광고 API,2170,3880,높음,10,2026-09-12T08:34:49+09:00
K0523,자동차·IT·테크,23,자동차종합검사비용,세부 검색어,6060,6060,1955,81,수집결과 내 집계,83.90442921089559,91.60031792146245,75.0,84.43230998188653,111,네이버 검색광고 API,1160,4900,높음,10,2026-09-12T08:34:49+09:00
K0524,자동차·IT·테크,24,엔진오일가격,세부 검색어,5940,5940,25516,701,수집결과 내 집계,65.5746396777403,96.85533057483897,50.0,71.84391901132184,503,네이버 검색광고 API,750,5190,높음,10,2026-09-12T08:34:49+09:00
K0525,자동차·IT·테크,25,전기차충전방법,세부 검색어,5660,5660,5515,333,수집결과 내 집계,83.53884150312487,97.87047312225106,75.0,86.13056268823775,70,네이버 검색광고 API,960,4700,높음,10,2026-09-12T08:34:49+09:00
K0526,자동차·IT·테크,26,자동차배터리수명,세부 검색어,5830,5830,7902,195,수집결과 내 집계,79.05027067886499,87.89867990200509,75.0,80.89473931003403,221,네이버 검색광고 API,700,5130,높음,10,2026-09-12T08:34:49+09:00
K0527,자동차·IT·테크,27,타이어교체비용,세부 검색어,5520,5520,14192,445,수집결과 내 집계,71.21720403290821,91.34491627822894,75.0,78.01207689992279,316,네이버 검색광고 API,740,4780,높음,10,2026-09-12T08:34:49+09:00
K0528,자동차·IT·테크,28,자동차에어컨필터교체,세부 검색어,4610,4610,10462,389,수집결과 내 집계,73.81411610973254,96.62375017584488,62.5,78.39418310761974,303,네이버 검색광고 API,430,4180,높음,10,2026-09-12T08:34:49+09:00
K0529,자동차·IT·테크,29,타이어종류,세부 검색어,4720,4720,15212,207,수집결과 내 집계,67.77488882222829,91.2572778164492,62.5,73.76462775604891,461,네이버 검색광고 API,630,4090,높음,10,2026-09-12T08:34:49+09:00
K0530,자동차·IT·테크,30,자동차밧데리교체,세부 검색어,4930,4930,122803,842,수집결과 내 집계,42.9140888294079,97.02593322820533,62.5,63.06482438316555,717,네이버 검색광고 API,370,4560,높음,10,2026-09-12T08:34:49+09:00
K0531,자동차·IT·테크,31,자동차정기검사비용,세부 검색어,4590,4590,2517,154,수집결과 내 집계,82.30371824778652,89.86992467102226,75.0,83.11283652519994,140,네이버 검색광고 API,950,3640,높음,7,2026-09-12T08:34:49+09:00
K0532,자동차·IT·테크,32,전기차충전시간,세부 검색어,4340,4340,5938,296,수집결과 내 집계,78.35468759333143,97.75423961650381,75.0,83.50361568161685,128,네이버 검색광고 API,600,3740,높음,10,2026-09-12T08:34:49+09:00
K0533,자동차·IT·테크,33,가정용전기차충전기설치,세부 검색어,4180,4180,2320,233,수집결과 내 집계,82.05249639435694,95.19987037132084,50.0,79.58620930857472,263,네이버 검색광고 API,920,3260,높음,10,2026-09-12T08:34:49+09:00
K0534,자동차·IT·테크,34,타이어교체시기,세부 검색어,4170,4170,28270,894,수집결과 내 집계,58.000152045386145,85.38384864895878,62.5,67.1152306173807,619,네이버 검색광고 API,660,3510,높음,10,2026-09-12T08:34:49+09:00
K0535,자동차·IT·테크,35,배터리교체,세부 검색어,4240,4240,566637,886,이상(하한),29.03961767357835,92.44496017455997,62.5,54.75329688915716,869,네이버 검색광고 API,430,3810,높음,8,2026-09-12T08:34:49+09:00
K0536,자동차·IT·테크,36,타이어위치교환비용,세부 검색어,4230,4230,431,31,수집결과 내 집계,81.77642852199406,89.7897519191882,75.0,82.8251398367535,151,네이버 검색광고 API,660,3570,높음,10,2026-09-12T08:34:49+09:00
K0537,자동차·IT·테크,37,타이어위치교환주기,세부 검색어,4110,4110,671,41,수집결과 내 집계,81.77642852199406,96.93381998890825,75.0,84.9683602576695,95,네이버 검색광고 API,590,3520,높음,7,2026-09-12T08:34:49+09:00
K0538,자동차·IT·테크,38,아이폰13미니배터리교체,세부 검색어,3800,3800,1107,55,수집결과 내 집계,81.34321707253419,97.72580730987707,62.5,82.48935072923021,161,네이버 검색광고 API,640,3160,높음,10,2026-09-12T08:34:49+09:00
K0539,자동차·IT·테크,39,자동차정기검사예약,도구·신청 혼합형,3680,3680,4778,238,수집결과 내 집계,78.46030150356323,91.59926240687827,50.0,76.7099294738451,358,네이버 검색광고 API,1350,2330,높음,10,2026-09-12T08:34:49+09:00
K0540,자동차·IT·테크,40,타이어수명,세부 검색어,3720,3720,17864,373,수집결과 내 집계,61.60409158523133,89.48314386103938,75.0,72.64698895092748,492,네이버 검색광고 API,620,3100,높음,10,2026-09-12T08:34:49+09:00
K0541,자동차·IT·테크,41,자동차배터리교체비용,세부 검색어,3630,3630,4498,126,수집결과 내 집계,77.5755371864052,95.03719889686303,75.0,82.29892826226151,167,네이버 검색광고 API,380,3250,높음,10,2026-09-12T08:34:49+09:00
K0542,자동차·IT·테크,42,자동차검사유효기간,세부 검색어,3150,3150,2202,188,수집결과 내 집계,80.66672105467413,91.58841717729548,75.0,82.80988568052571,152,네이버 검색광고 API,750,2400,높음,3,2026-09-12T08:34:49+09:00
K0543,자동차·IT·테크,43,컴퓨터와이파이연결,세부 검색어,3140,3140,2244,74,수집결과 내 집계,80.29631972164952,87.71925166476521,50.0,76.46393536025433,367,네이버 검색광고 API,470,2670,높음,10,2026-09-12T08:34:49+09:00
K0544,자동차·IT·테크,44,아이폰14프로배터리교체,세부 검색어,3260,3260,966,76,수집결과 내 집계,80.0294634867849,97.8197791546241,62.5,81.86066548977968,181,네이버 검색광고 API,530,2730,높음,7,2026-09-12T08:34:49+09:00
K0545,자동차·IT·테크,45,엔진오일교체비용,세부 검색어,2770,2770,6565,223,수집결과 내 집계,69.42007884095875,93.30161829485175,75.0,77.7005249089349,327,네이버 검색광고 API,540,2230,높음,10,2026-09-12T08:34:49+09:00
K0546,자동차·IT·테크,46,자동차점검,세부 검색어,2760,2760,190052,963,이상(하한),31.41088260538845,91.43707229201353,50.0,53.13656299029829,887,네이버 검색광고 API,680,2080,높음,10,2026-09-12T08:34:49+09:00
K0547,자동차·IT·테크,47,전기차가격,세부 검색어,3130,3130,70352,951,이상(하한),40.31040644867266,97.3249391837241,50.0,59.35268497945356,802,네이버 검색광고 API,720,2410,높음,10,2026-09-12T08:34:49+09:00
K0548,자동차·IT·테크,48,자동차에어컨냄새,세부 검색어,2600,2600,35632,993,이상(하한),46.91426928723821,79.32337940395632,50.0,57.25414846480601,834,네이버 검색광고 API,280,2320,높음,10,2026-09-12T08:34:49+09:00
K0549,자동차·IT·테크,49,와이파이속도,세부 검색어,2250,2250,30642,984,이상(하한),46.37926400946532,86.29449407870969,50.0,59.07798022834557,808,네이버 검색광고 API,500,1750,높음,10,2026-09-12T08:34:49+09:00
K0550,자동차·IT·테크,50,자동차배터리교체주기,세부 검색어,2330,2330,1752,93,수집결과 내 집계,78.42422805350763,95.9206746017422,75.0,82.98831640727647,145,네이버 검색광고 API,360,1970,높음,3,2026-09-12T08:34:49+09:00
K0551,자동차·IT·테크,51,자동차에어컨,세부 검색어,1440,1440,86064,984,이상(하한),34.71535382262779,82.33430775774376,50.0,52.05796923863702,901,네이버 검색광고 API,140,1300,높음,10,2026-09-12T08:34:49+09:00
K0552,자동차·IT·테크,52,노트북초기화,세부 검색어,2190,2190,10911,120,수집결과 내 집계,57.671746484538765,83.73768041041131,50.0,63.95717736539278,695,네이버 검색광고 API,710,1480,높음,10,2026-09-12T08:34:49+09:00
K0553,자동차·IT·테크,53,타이어규격보는법,세부 검색어,2260,2260,410,18,수집결과 내 집계,78.02649194342354,97.8092271586764,75.0,83.3560141193147,134,네이버 검색광고 API,430,1830,높음,7,2026-09-12T08:34:49+09:00
K0554,자동차·IT·테크,54,아이폰사진복구,세부 검색어,2110,2110,6161,81,수집결과 내 집계,64.40783204426127,82.56041929548837,50.0,66.97204181077714,625,네이버 검색광고 API,220,1890,높음,10,2026-09-12T08:34:49+09:00
K0555,자동차·IT·테크,55,자동차에어컨수리,세부 검색어,1570,1570,17993,204,수집결과 내 집계,50.65788881915579,81.23873331933247,50.0,59.700564405377634,790,네이버 검색광고 API,190,1380,높음,7,2026-09-12T08:34:49+09:00
K0556,자동차·IT·테크,56,타이어위치교환,세부 검색어,1990,1990,18256,386,수집결과 내 집계,49.62091324265262,83.08098617626653,50.0,59.734752474206275,788,네이버 검색광고 API,360,1630,높음,10,2026-09-12T08:34:49+09:00
K0557,자동차·IT·테크,57,자동차타이어수명,세부 검색어,1700,1700,2329,61,수집결과 내 집계,75.20345789455507,91.95068557080003,75.0,80.18693461851754,245,네이버 검색광고 API,220,1480,높음,10,2026-09-12T08:34:49+09:00
K0558,자동차·IT·테크,58,아이폰뒷면수리비용,세부 검색어,2090,2090,400,9,수집결과 내 집계,77.34455698166155,97.78147953802375,75.0,83.0067223522379,144,네이버 검색광고 API,140,1950,높음,10,2026-09-12T08:34:49+09:00
K0559,자동차·IT·테크,59,차량블루투스연결,세부 검색어,1750,1750,2237,109,수집결과 내 집계,74.95259283110191,88.54139181086329,50.0,74.03871395880994,449,네이버 검색광고 API,110,1640,중간,5,2026-09-12T08:34:49+09:00
K0560,자동차·IT·테크,60,노트북인터넷연결,세부 검색어,1900,1900,6877,207,수집결과 내 집계,60.570380587989554,85.46936043376009,50.0,65.92599842412281,649,네이버 검색광고 API,220,1680,높음,10,2026-09-12T08:34:49+09:00
K0561,자동차·IT·테크,61,컴퓨터인터넷연결,세부 검색어,1800,1800,10770,155,수집결과 내 집계,54.31679100700734,85.58304087408735,50.0,62.83330776572987,725,네이버 검색광고 API,120,1680,높음,10,2026-09-12T08:34:49+09:00
K0562,자동차·IT·테크,62,아이폰14프로배터리교체비용,세부 검색어,1420,1420,192,11,수집결과 내 집계,76.89317872922663,96.91757502727572,75.0,82.52186187279602,160,네이버 검색광고 API,360,1060,높음,7,2026-09-12T08:34:49+09:00
K0563,자동차·IT·테크,63,컴퓨터초기화,세부 검색어,1750,1750,16685,184,수집결과 내 집계,48.63245763147779,80.18648334138192,50.0,58.37217381815347,818,네이버 검색광고 API,920,830,높음,10,2026-09-12T08:34:49+09:00
K0564,자동차·IT·테크,64,갤럭시백업,세부 검색어,1630,1630,7589,264,수집결과 내 집계,57.93249895427557,82.67084944400332,50.0,63.76750431033878,704,네이버 검색광고 API,680,950,중간,4,2026-09-12T08:34:49+09:00
K0565,자동차·IT·테크,65,와이파이공유기설치방법,세부 검색어,1650,1650,1660,40,수집결과 내 집계,76.73454537161997,97.03748235348552,75.0,82.47851739185563,162,네이버 검색광고 API,200,1450,높음,7,2026-09-12T08:34:49+09:00
K0566,자동차·IT·테크,66,자동차정기점검,세부 검색어,1630,1630,6427,222,수집결과 내 집계,59.26133115594682,84.8173055555262,50.0,65.07585724463127,670,네이버 검색광고 API,560,1070,중간,3,2026-09-12T08:34:49+09:00
K0567,자동차·IT·테크,67,컴퓨터청소,세부 검색어,1640,1640,8485,208,수집결과 내 집계,55.478077795731764,87.35222551490989,62.5,66.44470655233884,635,네이버 검색광고 API,670,970,높음,10,2026-09-12T08:34:49+09:00
K0568,자동차·IT·테크,68,경차중고차가격,세부 검색어,1520,1520,7192,121,수집결과 내 집계,57.19405807114491,97.76391373818271,50.0,67.92620315702726,595,네이버 검색광고 API,160,1360,높음,10,2026-09-12T08:34:49+09:00
K0569,자동차·IT·테크,69,컴퓨터느려졌을때,세부 검색어,1550,1550,2671,140,수집결과 내 집계,69.36573200628604,76.2308834095866,50.0,67.552131026019,606,네이버 검색광고 API,840,710,높음,10,2026-09-12T08:34:49+09:00
K0570,자동차·IT·테크,70,아이폰13배터리교체비용,세부 검색어,1550,1550,568,11,수집결과 내 집계,76.23077078549547,91.7294073233162,75.0,80.63420758974259,228,네이버 검색광고 API,280,1270,높음,10,2026-09-12T08:34:49+09:00
K0571,자동차·IT·테크,71,블루투스연결,세부 검색어,1520,1520,101316,946,이상(하한),27.95105557107096,87.6931924763823,50.0,50.28348552845017,922,네이버 검색광고 API,210,1310,높음,9,2026-09-12T08:34:49+09:00
K0572,자동차·IT·테크,72,전기차급속충전,세부 검색어,1460,1460,6574,395,수집결과 내 집계,57.27025040254043,97.73329480611807,50.0,67.95511364310563,594,네이버 검색광고 API,110,1350,높음,10,2026-09-12T08:34:49+09:00
K0573,자동차·IT·테크,73,전기차충전기설치비용,세부 검색어,1440,1440,1922,48,수집결과 내 집계,72.62075843927427,97.56673992494551,75.0,80.58040119712078,230,네이버 검색광고 API,390,1050,높음,10,2026-09-12T08:34:49+09:00
K0574,자동차·IT·테크,74,타이어교체시간,세부 검색어,1460,1460,19760,430,수집결과 내 집계,43.67225605646048,90.19351471896843,75.0,63.89418244392077,700,네이버 검색광고 API,210,1250,높음,7,2026-09-12T08:34:49+09:00
K0575,자동차·IT·테크,75,아이폰12미니배터리교체,세부 검색어,1410,1410,1053,28,수집결과 내 집계,75.79360052879903,93.22135488942334,62.5,78.36320673122651,307,네이버 검색광고 API,240,1170,높음,10,2026-09-12T08:34:49+09:00
K0576,자동차·IT·테크,76,윈도우설치방법,세부 검색어,1380,1380,27913,534,수집결과 내 집계,39.122544082514125,93.51308768444068,75.0,62.61519834658927,728,네이버 검색광고 API,480,900,높음,10,2026-09-12T08:34:49+09:00
K0577,자동차·IT·테크,77,타이어교환주기,세부 검색어,1350,1350,5226,102,수집결과 내 집계,58.90180620574631,88.04248505455047,75.0,70.86364861923829,525,네이버 검색광고 API,280,1070,높음,10,2026-09-12T08:34:49+09:00
K0578,자동차·IT·테크,78,아이폰수리비용,세부 검색어,1290,1290,19204,314,수집결과 내 집계,42.81211402774014,94.98384175882339,75.0,64.90120954151709,673,네이버 검색광고 API,190,1100,높음,10,2026-09-12T08:34:49+09:00
K0579,자동차·IT·테크,79,아이폰13미니배터리교체비용,세부 검색어,1450,1450,164,5,수집결과 내 집계,75.56197942837457,88.5106575266583,75.0,79.33418697218478,273,네이버 검색광고 API,300,1150,높음,7,2026-09-12T08:34:49+09:00
K0580,자동차·IT·테크,80,노트북배터리교체,세부 검색어,1270,1270,7892,238,수집결과 내 집계,53.13593469777739,85.05786600599237,62.5,64.5853271506864,680,네이버 검색광고 API,310,960,높음,10,2026-09-12T08:34:49+09:00
K0581,자동차·IT·테크,81,자동차엔진오일교체,세부 검색어,1230,1230,4395,151,수집결과 내 집계,59.883730381132466,98.10944585367122,62.5,71.87469894666759,501,네이버 검색광고 API,140,1090,높음,10,2026-09-12T08:34:49+09:00
K0582,자동차·IT·테크,82,자동차종합검사예약,도구·신청 혼합형,1290,1290,3754,127,수집결과 내 집계,61.59443118494231,84.2960370183659,50.0,66.08602669798093,647,네이버 검색광고 API,510,780,높음,3,2026-09-12T08:34:49+09:00
K0583,자동차·IT·테크,83,KT공유기설정,세부 검색어,1180,1180,637,6,수집결과 내 집계,75.02588984473468,89.67382313576445,50.0,74.41509186309668,440,네이버 검색광고 API,590,590,높음,3,2026-09-12T08:34:49+09:00
K0584,자동차·IT·테크,84,자동차블루투스연결,세부 검색어,1150,1150,1240,44,수집결과 내 집계,74.57958498336816,85.25407238894977,50.0,72.86601420836901,483,네이버 검색광고 API,30,1120,중간,5,2026-09-12T08:34:49+09:00
K0585,자동차·IT·테크,85,아이폰침수수리비용,세부 검색어,910,910,3458,14,수집결과 내 집계,61.33082714621439,82.831944448005,75.0,70.5149969075087,534,네이버 검색광고 API,170,740,높음,7,2026-09-12T08:34:49+09:00
K0586,자동차·IT·테크,86,타이어교환,세부 검색어,1150,1150,299749,988,이상(하한),19.07606987822002,87.05038258431907,50.0,45.65314971440573,963,네이버 검색광고 API,220,930,높음,10,2026-09-12T08:34:49+09:00
K0587,자동차·IT·테크,87,타이어가격비교표,세부 검색어,1160,1160,449,2,수집결과 내 집계,74.71525375932633,91.68835670110853,75.0,79.86413388999573,256,네이버 검색광고 API,240,920,높음,10,2026-09-12T08:34:49+09:00
K0588,자동차·IT·테크,88,쏘렌토타이어가격,세부 검색어,1160,1160,2342,15,수집결과 내 집계,65.82102282351681,95.6348656289003,50.0,71.6009711004285,510,네이버 검색광고 API,110,1050,높음,10,2026-09-12T08:34:49+09:00
K0589,자동차·IT·테크,89,노트북청소,세부 검색어,1110,1110,16753,223,수집결과 내 집계,41.72322628536001,91.50206270834283,62.5,60.81223195518285,768,네이버 검색광고 API,200,910,높음,10,2026-09-12T08:34:49+09:00
K0590,자동차·IT·테크,90,차량배터리교체,세부 검색어,1190,1190,109391,975,이상(하한),24.067827167073922,88.86293769142877,62.5,51.19279489096559,912,네이버 검색광고 API,140,1050,높음,8,2026-09-12T08:34:49+09:00
K0591,자동차·IT·테크,91,아이폰13프로배터리교체,세부 검색어,1160,1160,934,46,수집결과 내 집계,74.62335095100079,88.499528740895,62.5,76.3615340977689,371,네이버 검색광고 API,180,980,높음,7,2026-09-12T08:34:49+09:00
K0592,자동차·IT·테크,92,타이어교체공임비,세부 검색어,1120,1120,748,23,수집결과 내 집계,74.52996577555251,90.24481361528673,62.5,76.83842697236227,348,네이버 검색광고 API,250,870,높음,10,2026-09-12T08:34:49+09:00
K0593,자동차·IT·테크,93,스마트폰복구,세부 검색어,870,870,60690,605,수집결과 내 집계,27.705842306362754,92.71706859036928,50.0,51.66804173029216,903,네이버 검색광고 API,780,90,높음,10,2026-09-12T08:34:49+09:00
K0594,자동차·IT·테크,94,스파크타이어가격,세부 검색어,1090,1090,911,5,수집결과 내 집계,74.28969248618351,92.74201976904378,50.0,74.96745217380489,421,네이버 검색광고 API,80,1010,높음,10,2026-09-12T08:34:49+09:00
K0595,자동차·IT·테크,95,컴퓨터본체청소,세부 검색어,1060,1060,4101,141,수집결과 내 집계,57.13258708720103,89.05075873006341,62.5,67.78152116261954,600,네이버 검색광고 API,270,790,높음,10,2026-09-12T08:34:49+09:00
K0596,자동차·IT·테크,96,휴대폰해킹검사,도구·신청 혼합형,920,920,306,10,수집결과 내 집계,74.14059183389502,95.59337839776195,50.0,75.74830943627609,395,네이버 검색광고 API,100,820,높음,10,2026-09-12T08:34:49+09:00
K0597,자동차·IT·테크,97,전기차충전비용,세부 검색어,570,570,3378,197,수집결과 내 집계,44.47495204385917,92.87422473775919,75.0,65.09974344325734,668,네이버 검색광고 API,180,390,높음,10,2026-09-12T08:34:49+09:00
K0598,자동차·IT·테크,98,전기차장단점,세부 검색어,400,400,3791,179,수집결과 내 집계,41.93613402985022,97.63838785956182,75.0,65.25958337279366,664,네이버 검색광고 API,90,310,높음,3,2026-09-12T08:34:49+09:00
K0599,자동차·IT·테크,99,하이브리드자동차장단점,세부 검색어,210,210,852,22,수집결과 내 집계,45.30264387703098,87.7658535845624,75.0,63.98107801388421,694,네이버 검색광고 API,50,160,높음,3,2026-09-12T08:34:49+09:00
K0600,자동차·IT·테크,100,노트북배터리수명,세부 검색어,180,180,3605,188,수집결과 내 집계,26.640731711789446,77.76191228061678,75.0,51.64893954007976,905,네이버 검색광고 API,90,90,높음,3,2026-09-12T08:34:49+09:00
K0601,패션·뷰티,1,퍼스널컬러진단,도구·신청 혼합형,36120,36120,102067,984,이상(하한),80.86782076604541,88.56482821802686,50.0,77.00335884843076,344,네이버 검색광고 API,3220,32900,높음,10,2026-09-12T08:34:49+09:00
K0602,패션·뷰티,2,레티놀효과,세부 검색어,13700,13700,11987,393,수집결과 내 집계,88.32262492657844,96.63753207441991,62.5,85.65257208561519,81,네이버 검색광고 API,1400,12300,높음,10,2026-09-12T08:34:49+09:00
K0603,패션·뷰티,3,50대헤어스타일,세부 검색어,12190,12190,5470,339,수집결과 내 집계,87.59158233065182,96.91298519187099,50.0,82.8696867228872,149,네이버 검색광고 API,890,11300,높음,10,2026-09-12T08:34:49+09:00
K0604,패션·뷰티,4,턱여드름원인,세부 검색어,10570,10570,11482,774,수집결과 내 집계,86.35655824574704,89.05352315211701,75.0,84.89433606850862,98,네이버 검색광고 API,860,9710,높음,10,2026-09-12T08:34:49+09:00
K0605,패션·뷰티,5,발각질제거,세부 검색어,10490,10490,62790,990,이상(하한),64.78213621714339,97.10153529083209,62.5,74.02152869582132,451,네이버 검색광고 API,1220,9270,중간,8,2026-09-12T08:34:49+09:00
K0606,패션·뷰티,6,남자헤어스타일,세부 검색어,10050,10050,171216,990,이상(하한),52.67084718471443,85.87563399710531,50.0,62.098113791488814,736,네이버 검색광고 API,1700,8350,높음,10,2026-09-12T08:34:49+09:00
K0607,패션·뷰티,7,얼굴붓기빼는법,세부 검색어,9230,9230,11506,308,수집결과 내 집계,83.32664495261939,86.80409896765723,62.5,80.20455216660686,242,네이버 검색광고 API,860,8370,높음,10,2026-09-12T08:34:49+09:00
K0608,패션·뷰티,8,붓기빼는법,세부 검색어,8570,8570,24638,554,수집결과 내 집계,73.01992644867758,86.50302836007793,62.5,74.96087173236216,422,네이버 검색광고 API,870,7700,높음,10,2026-09-12T08:34:49+09:00
K0609,패션·뷰티,9,얼굴피지제거,세부 검색어,8230,8230,13518,217,수집결과 내 집계,80.3705278295934,95.26655493349499,62.5,81.26523039484519,209,네이버 검색광고 API,760,7470,높음,10,2026-09-12T08:34:49+09:00
K0610,패션·뷰티,10,블랙헤드제거,세부 검색어,8070,8070,63971,970,수집결과 내 집계,60.818834754681944,87.37198305243369,62.5,69.12101229307108,565,네이버 검색광고 API,900,7170,높음,10,2026-09-12T08:34:49+09:00
K0611,패션·뷰티,11,여드름부위별원인,세부 검색어,8500,8500,7216,284,수집결과 내 집계,85.74226237011305,90.09678621523175,75.0,84.90016704962605,97,네이버 검색광고 API,490,8010,높음,10,2026-09-12T08:34:49+09:00
K0612,패션·뷰티,12,옷기름얼룩제거,세부 검색어,7870,7870,1639,76,수집결과 내 집계,85.46418946419575,97.51649946976133,62.5,84.48704457302628,110,네이버 검색광고 API,430,7440,높음,10,2026-09-12T08:34:49+09:00
K0613,패션·뷰티,13,붓기빼는차,세부 검색어,7390,7390,8435,208,수집결과 내 집계,84.26715983189992,98.00738454262269,50.0,81.53579527873677,197,네이버 검색광고 API,810,6580,높음,10,2026-09-12T08:34:49+09:00
K0614,패션·뷰티,14,얼굴각질제거,세부 검색어,7150,7150,34144,393,수집결과 내 집계,65.98691784386767,93.416273304641,62.5,73.51834091332614,467,네이버 검색광고 API,890,6260,중간,8,2026-09-12T08:34:49+09:00
K0615,패션·뷰티,15,신발세탁,세부 검색어,6780,6780,58621,989,이상(하한),57.53213636362091,88.9767044163302,50.0,65.45907950670951,657,네이버 검색광고 API,590,6190,높음,10,2026-09-12T08:34:49+09:00
K0616,패션·뷰티,16,탈모예방,세부 검색어,6550,6550,137925,981,이상(하한),47.31341776248212,89.07520216004706,50.0,60.379269529255176,775,네이버 검색광고 API,690,5860,높음,10,2026-09-12T08:34:49+09:00
K0617,패션·뷰티,17,좁쌀여드름원인,세부 검색어,5890,5890,11092,395,수집결과 내 집계,76.5267006493641,94.6133902623344,75.0,81.64736740338238,189,네이버 검색광고 API,550,5340,높음,10,2026-09-12T08:34:49+09:00
K0618,패션·뷰티,18,흰옷얼룩제거,세부 검색어,5690,5690,7375,221,수집결과 내 집계,81.36293012250304,85.63970861061317,62.5,78.87337764443546,285,네이버 검색광고 API,320,5370,높음,10,2026-09-12T08:34:49+09:00
K0619,패션·뷰티,19,옷기름때제거,세부 검색어,5690,5690,1503,47,수집결과 내 집계,83.607944262916,97.24874873536271,62.5,83.4785967520668,130,네이버 검색광고 API,300,5390,높음,10,2026-09-12T08:34:49+09:00
K0620,패션·뷰티,20,40대헤어스타일,세부 검색어,5670,5670,7813,471,수집결과 내 집계,79.39209260151036,92.15787967993354,50.0,77.34341020473524,336,네이버 검색광고 API,480,5190,높음,10,2026-09-12T08:34:49+09:00
K0621,패션·뷰티,21,흰옷누런때제거,세부 검색어,4950,4950,1839,88,수집결과 내 집계,83.10595361005414,96.00157002351457,62.5,82.85344781208144,150,네이버 검색광고 API,290,4660,높음,10,2026-09-12T08:34:49+09:00
K0622,패션·뷰티,22,발뒤꿈치각질,세부 검색어,5510,5510,45137,981,이상(하한),56.214209323839704,97.62309117574377,50.0,67.39403201464299,610,네이버 검색광고 API,370,5140,높음,10,2026-09-12T08:34:49+09:00
K0623,패션·뷰티,23,두피관리,세부 검색어,4840,4840,403708,878,이상(하한),33.05938422143392,93.50085617574766,50.0,54.579948963441254,872,네이버 검색광고 API,720,4120,높음,10,2026-09-12T08:34:49+09:00
K0624,패션·뷰티,24,여드름없애는법,세부 검색어,4390,4390,26784,191,수집결과 내 집계,60.03276103250332,84.07997242492499,62.5,67.74037224372915,601,네이버 검색광고 API,450,3940,높음,10,2026-09-12T08:34:49+09:00
K0625,패션·뷰티,25,퍼스널컬러자가진단,도구·신청 혼합형,4330,4330,3137,84,수집결과 내 집계,82.03964454588801,85.17022845191488,50.0,76.57089080851847,364,네이버 검색광고 API,610,3720,높음,10,2026-09-12T08:34:49+09:00
K0626,패션·뷰티,26,얼굴살빼는법,세부 검색어,3800,3800,4761,30,수집결과 내 집계,80.07531469752726,82.79903246532588,62.5,77.3773670883614,335,네이버 검색광고 API,550,3250,높음,10,2026-09-12T08:34:49+09:00
K0627,패션·뷰티,27,얼굴이붓는이유,세부 검색어,3700,3700,6402,357,수집결과 내 집계,74.71062821891391,93.30227770004102,62.5,77.84599741946926,324,네이버 검색광고 API,260,3440,높음,10,2026-09-12T08:34:49+09:00
K0628,패션·뷰티,28,두피각질,세부 검색어,4250,4250,137105,967,이상(하한),38.54939982575742,88.32056609185193,50.0,55.77086974043429,857,네이버 검색광고 API,930,3320,높음,10,2026-09-12T08:34:49+09:00
K0629,패션·뷰티,29,기미제거,세부 검색어,3460,3460,71313,974,이상(하한),45.19857041398696,96.73804477577637,62.5,64.12069863972638,690,네이버 검색광고 API,680,2780,높음,10,2026-09-12T08:34:49+09:00
K0630,패션·뷰티,30,블랙헤드없애는법,세부 검색어,3180,3180,6544,52,수집결과 내 집계,72.2983492976685,86.57725152932946,62.5,74.62235010763308,433,네이버 검색광고 API,270,2910,높음,10,2026-09-12T08:34:49+09:00
K0631,패션·뷰티,31,옷에묻은기름,세부 검색어,3380,3380,1353,53,수집결과 내 집계,80.43376844033413,92.1248825216066,50.0,77.85434897664905,323,네이버 검색광고 API,130,3250,중간,5,2026-09-12T08:34:49+09:00
K0632,패션·뷰티,32,얼굴홍조원인,세부 검색어,3170,3170,11286,652,수집결과 내 집계,64.23558714804537,96.701842296657,75.0,76.12834626301978,378,네이버 검색광고 API,300,2870,높음,7,2026-09-12T08:34:49+09:00
K0633,패션·뷰티,33,원형탈모증치료,세부 검색어,2890,2890,1521,15,수집결과 내 집계,79.90059238736437,,50.0,,,네이버 검색광고 API,200,2690,높음,7,2026-09-12T08:34:49+09:00
K0634,패션·뷰티,34,코모공축소,세부 검색어,2890,2890,5109,195,수집결과 내 집계,73.05063839360406,89.16765732766713,50.0,73.27561639510216,472,네이버 검색광고 API,240,2650,높음,10,2026-09-12T08:34:49+09:00
K0635,패션·뷰티,35,과산화수소세탁,세부 검색어,2660,2660,587,7,수집결과 내 집계,79.84447154061094,97.02905796360359,50.0,79.03095315938654,280,네이버 검색광고 API,200,2460,중간,8,2026-09-12T08:34:49+09:00
K0636,패션·뷰티,36,옷얼룩제거,세부 검색어,2930,2930,19070,394,수집결과 내 집계,56.209378598197226,91.6773245492574,62.5,68.10788666387583,592,네이버 검색광고 API,210,2720,높음,10,2026-09-12T08:34:49+09:00
K0637,패션·뷰티,37,여드름흉터치료,세부 검색어,2990,2990,71555,996,이상(하한),40.58611453809274,96.37543332517808,50.0,59.205687266599796,803,네이버 검색광고 API,800,2190,높음,10,2026-09-12T08:34:49+09:00
K0638,패션·뷰티,38,남자코디,세부 검색어,3150,3150,227950,977,이상(하한),30.183985378108346,93.01588848143442,50.0,52.9967592334845,892,네이버 검색광고 API,710,2440,높음,10,2026-09-12T08:34:49+09:00
K0639,패션·뷰티,39,헤어스타일추천,세부 검색어,2970,2970,193217,976,이상(하한),30.950333254933334,96.82868435199946,50.0,54.5237719330665,873,네이버 검색광고 API,1500,1470,높음,10,2026-09-12T08:34:49+09:00
K0640,패션·뷰티,40,눈붓기빨리빼는법,세부 검색어,2800,2800,1437,20,수집결과 내 집계,79.37477448287056,82.03713879333945,62.5,76.79852887943711,351,네이버 검색광고 API,150,2650,높음,10,2026-09-12T08:34:49+09:00
K0641,패션·뷰티,41,클렌징오일사용법,세부 검색어,2580,2580,4527,102,수집결과 내 집계,71.68309958075885,87.95706238702033,62.5,74.72866850648552,428,네이버 검색광고 API,270,2310,높음,10,2026-09-12T08:34:49+09:00
K0642,패션·뷰티,42,피부좋아지는법,세부 검색어,2420,2420,18941,142,수집결과 내 집계,53.356676449262494,82.08895369581752,50.0,61.30502433337651,752,네이버 검색광고 API,310,2110,높음,10,2026-09-12T08:34:49+09:00
K0643,패션·뷰티,43,중년여성헤어스타일,세부 검색어,2580,2580,3853,91,수집결과 내 집계,73.23581413845488,87.55569556888314,50.0,72.88461573989238,481,네이버 검색광고 API,180,2400,높음,10,2026-09-12T08:34:49+09:00
K0644,패션·뷰티,44,퍼스널컬러진단사이트,도구·신청 혼합형,2520,2520,205,1,수집결과 내 집계,78.56660626158042,97.52086091497992,50.0,78.53956140528419,298,네이버 검색광고 API,110,2410,높음,7,2026-09-12T08:34:49+09:00
K0645,패션·뷰티,45,기미치료,세부 검색어,2170,2170,103617,990,이상(하한),33.72757639418546,92.12835669193169,50.0,54.50229520467224,874,네이버 검색광고 API,340,1830,높음,10,2026-09-12T08:34:49+09:00
K0646,패션·뷰티,46,흰운동화세탁법,세부 검색어,2220,2220,1011,14,수집결과 내 집계,78.20387250151556,93.60907921290921,50.0,77.18466001463054,341,네이버 검색광고 API,110,2110,높음,3,2026-09-12T08:34:49+09:00
K0647,패션·뷰티,47,두피각질제거,세부 검색어,2290,2290,15436,294,수집결과 내 집계,51.719838839329306,89.24801983435913,62.5,65.13432536997239,667,네이버 검색광고 API,650,1640,높음,7,2026-09-12T08:34:49+09:00
K0648,패션·뷰티,48,모공관리,세부 검색어,1750,1750,475347,706,이상(하한),21.32261943270191,86.2604796187247,50.0,46.53945360196836,956,네이버 검색광고 API,430,1320,높음,10,2026-09-12T08:34:49+09:00
K0649,패션·뷰티,49,여드름치료,세부 검색어,1740,1740,313359,959,이상(하한),23.06168058911348,90.51018376639881,50.0,48.68389542447638,936,네이버 검색광고 API,350,1390,높음,10,2026-09-12T08:34:49+09:00
K0650,패션·뷰티,50,나비존모공,세부 검색어,1740,1740,10410,734,수집결과 내 집계,54.634564051841465,86.24901036267947,50.0,63.191985134724575,715,네이버 검색광고 API,220,1520,높음,10,2026-09-12T08:34:49+09:00
K0651,패션·뷰티,51,모공축소,확장 주제어,1660,1660,63148,969,이상(하한),34.23619961221177,80.82510851982445,50.0,51.36563236205322,911,네이버 검색광고 API,270,1390,높음,10,2026-09-12T08:34:49+09:00
K0652,패션·뷰티,52,각질제거,세부 검색어,1620,1620,360705,931,이상(하한),22.09073194160687,83.4599663749972,62.5,48.58335588330259,937,네이버 검색광고 API,390,1230,중간,8,2026-09-12T08:34:49+09:00
K0653,패션·뷰티,53,팔꿈치각질,세부 검색어,1740,1740,11455,429,수집결과 내 집계,53.16218098414747,91.09975414570222,50.0,63.9110167357844,699,네이버 검색광고 API,230,1510,높음,10,2026-09-12T08:34:49+09:00
K0654,패션·뷰티,54,좁쌀여드름없애기,세부 검색어,1580,1580,4315,43,수집결과 내 집계,63.379623106419345,79.51758396049995,50.0,65.54508674135965,654,네이버 검색광고 API,180,1400,높음,10,2026-09-12T08:34:49+09:00
K0655,패션·뷰티,55,자외선차단,세부 검색어,1050,1050,578690,765,이상(하한),19.21000763673584,89.89330138077861,50.0,46.5729942326015,954,네이버 검색광고 API,280,770,중간,8,2026-09-12T08:34:49+09:00
K0656,패션·뷰티,56,두피뾰루지원인,세부 검색어,1710,1710,1679,52,수집결과 내 집계,74.3569528568227,97.61297421099144,75.0,81.46236869170878,199,네이버 검색광고 API,230,1480,높음,10,2026-09-12T08:34:49+09:00
K0657,패션·뷰티,57,발바닥각질,세부 검색어,1420,1420,27962,992,이상(하한),39.89363174286033,91.26768354790269,50.0,57.32712093580097,832,네이버 검색광고 API,110,1310,높음,10,2026-09-12T08:34:49+09:00
K0658,패션·뷰티,58,50대여성헤어스타일,세부 검색어,1530,1530,1737,81,수집결과 내 집계,73.79659438185712,97.21939521927847,50.0,76.0641157567121,380,네이버 검색광고 API,150,1380,높음,10,2026-09-12T08:34:49+09:00
K0659,패션·뷰티,59,향수뿌리는법,세부 검색어,1500,1500,1734,20,수집결과 내 집계,73.81880535807326,88.81286417803861,50.0,73.55326193244821,466,네이버 검색광고 API,160,1340,높음,3,2026-09-12T08:34:49+09:00
K0660,패션·뷰티,60,얼굴형헤어스타일,세부 검색어,1310,1310,80153,971,이상(하한),28.91210045516747,85.2913545297159,50.0,50.04345658649851,923,네이버 검색광고 API,130,1180,높음,7,2026-09-12T08:34:49+09:00
K0661,패션·뷰티,61,두피각질원인,세부 검색어,1490,1490,5928,277,수집결과 내 집계,57.325875252826926,97.40871847648188,75.0,72.88555316935802,480,네이버 검색광고 API,160,1330,높음,10,2026-09-12T08:34:49+09:00
K0662,패션·뷰티,62,탈모관리,세부 검색어,1340,1340,428156,911,이상(하한),19.23340656017043,89.43565373683711,50.0,46.44739940113635,957,네이버 검색광고 API,320,1020,높음,10,2026-09-12T08:34:49+09:00
K0663,패션·뷰티,63,발바닥각질제거,세부 검색어,1370,1370,8810,182,수집결과 내 집계,51.39349598467831,96.38456059085198,62.5,67.11211616959474,620,네이버 검색광고 API,180,1190,높음,10,2026-09-12T08:34:49+09:00
K0664,패션·뷰티,64,지루성두피염치료,세부 검색어,1220,1220,10230,149,수집결과 내 집계,49.180369347704655,98.08963546716149,50.0,64.01707531400078,693,네이버 검색광고 API,250,970,높음,10,2026-09-12T08:34:49+09:00
K0665,패션·뷰티,65,발뒷꿈치각질제거,세부 검색어,1160,1160,5087,54,수집결과 내 집계,56.33392749396522,97.28933352798627,62.5,69.85376380537849,548,네이버 검색광고 API,100,1060,중간,8,2026-09-12T08:34:49+09:00
K0666,패션·뷰티,66,향수뿌리는위치,세부 검색어,1220,1220,1040,26,수집결과 내 집계,74.7606638380543,90.83839669672209,50.0,74.63185092804378,432,네이버 검색광고 API,130,1090,높음,3,2026-09-12T08:34:49+09:00
K0667,패션·뷰티,67,얼굴윤곽관리,세부 검색어,1180,1180,109177,945,이상(하한),23.976937675657744,96.85703819461949,50.0,51.04558029621472,915,네이버 검색광고 API,130,1050,높음,10,2026-09-12T08:34:49+09:00
K0668,패션·뷰티,68,남자옷코디,세부 검색어,1230,1230,11720,123,수집결과 내 집계,45.57400286004362,90.7754772899221,50.0,60.019644616998434,783,네이버 검색광고 API,260,970,높음,10,2026-09-12T08:34:49+09:00
K0669,패션·뷰티,69,퍼스널컬러테스트,세부 검색어,1250,1250,6939,46,수집결과 내 집계,51.73464484759362,79.37387569218319,50.0,59.67948513145177,792,네이버 검색광고 API,130,1120,높음,10,2026-09-12T08:34:49+09:00
K0670,패션·뷰티,70,여성탈모원인,세부 검색어,1180,1180,14143,303,수집결과 내 집계,43.229537522856674,90.5211925029607,75.0,63.77112651231654,703,네이버 검색광고 API,130,1050,높음,10,2026-09-12T08:34:49+09:00
K0671,패션·뷰티,71,기미제거비용,세부 검색어,1150,1150,3064,73,수집결과 내 집계,61.78013614002646,97.12488772513682,75.0,75.02753438755427,419,네이버 검색광고 API,160,990,높음,10,2026-09-12T08:34:49+09:00
K0672,패션·뷰티,72,피부장벽,확장 주제어,1190,1190,388870,776,이상(하한),17.8464038648375,87.2583393652574,50.0,45.10070374199597,965,네이버 검색광고 API,310,880,높음,8,2026-09-12T08:34:49+09:00
K0673,패션·뷰티,73,얼굴흉터제거,세부 검색어,1040,1040,8014,152,수집결과 내 집계,49.35397468761409,94.02234341313309,62.5,65.38369036774696,659,네이버 검색광고 API,220,820,높음,10,2026-09-12T08:34:49+09:00
K0674,패션·뷰티,74,탈모원인,세부 검색어,1040,1040,113479,985,이상(하한),22.875312283653493,85.97169154965381,75.0,52.22916360672289,899,네이버 검색광고 API,150,890,높음,10,2026-09-12T08:34:49+09:00
K0675,패션·뷰티,75,몸붓기빼는법,세부 검색어,1060,1060,3537,69,수집결과 내 집계,58.65269771658295,85.87448328812249,62.5,67.58869384472823,605,네이버 검색광고 API,100,960,높음,10,2026-09-12T08:34:49+09:00
K0676,패션·뷰티,76,아침얼굴붓기빼는법,세부 검색어,1060,1060,5647,266,수집결과 내 집계,52.65207442824566,80.37499167133296,62.5,62.93853471552272,722,네이버 검색광고 API,70,990,높음,10,2026-09-12T08:34:49+09:00
K0677,패션·뷰티,77,얼굴형관리,세부 검색어,940,940,56255,963,이상(하한),27.434384679243966,86.93051707157991,50.0,49.796347461095955,926,네이버 검색광고 API,120,820,높음,10,2026-09-12T08:34:49+09:00
K0678,패션·뷰티,78,흰색옷얼룩제거,세부 검색어,1220,1220,470,11,수집결과 내 집계,73.88322700338212,88.6589594970487,62.5,76.03930135080567,383,네이버 검색광고 API,60,1160,높음,7,2026-09-12T08:34:49+09:00
K0679,패션·뷰티,79,여드름흉터없애는법,세부 검색어,1010,1010,5170,27,수집결과 내 집계,53.05063841573162,83.02688563906405,62.5,63.93338489958502,697,네이버 검색광고 API,100,910,높음,10,2026-09-12T08:34:49+09:00
K0680,패션·뷰티,80,코모공관리,세부 검색어,960,960,16978,776,수집결과 내 집계,38.81104927218771,94.08921705966068,50.0,57.632289753992055,830,네이버 검색광고 API,100,860,높음,7,2026-09-12T08:34:49+09:00
K0681,패션·뷰티,81,탈모증상,세부 검색어,940,940,116535,980,이상(하한),21.7111000759135,83.89817369696212,75.0,51.025002147045385,916,네이버 검색광고 API,110,830,높음,10,2026-09-12T08:34:49+09:00
K0682,패션·뷰티,82,기미주근깨제거,세부 검색어,990,990,13940,159,수집결과 내 집계,40.68962688184307,97.07884944303048,62.5,61.96846827383068,738,네이버 검색광고 API,130,860,높음,10,2026-09-12T08:34:49+09:00
K0683,패션·뷰티,83,레티놀효능,세부 검색어,970,970,3019,107,수집결과 내 집계,59.04638297313515,97.92024093746257,62.5,71.39926376780635,520,네이버 검색광고 API,190,780,높음,7,2026-09-12T08:34:49+09:00
K0684,패션·뷰티,84,두피모낭염치료,세부 검색어,820,820,807,22,수집결과 내 집계,73.50254261284833,97.07699786378805,50.0,75.87437066556058,391,네이버 검색광고 API,90,730,높음,10,2026-09-12T08:34:49+09:00
K0685,패션·뷰티,85,여드름관리,세부 검색어,930,930,554901,837,이상(하한),15.440417009212286,89.65260776598538,50.0,44.61599083440176,967,네이버 검색광고 API,130,800,높음,10,2026-09-12T08:34:49+09:00
K0686,패션·뷰티,86,지성피부관리,세부 검색어,850,850,39037,978,이상(하한),29.189565164126265,92.99795772948895,50.0,52.49416990090981,897,네이버 검색광고 API,100,750,높음,3,2026-09-12T08:34:49+09:00
K0687,패션·뷰티,87,남자피부관리,세부 검색어,880,880,62612,884,수집결과 내 집계,24.914310564734613,87.73785031988174,50.0,48.77851037833183,935,네이버 검색광고 API,240,640,높음,10,2026-09-12T08:34:49+09:00
K0688,패션·뷰티,88,얼굴각질,세부 검색어,900,900,132964,973,이상(하한),19.699438760267537,81.69914476525793,50.0,44.35946280971115,970,네이버 검색광고 API,130,770,높음,10,2026-09-12T08:34:49+09:00
K0689,패션·뷰티,89,잡티제거,세부 검색어,840,840,70205,988,이상(하한),23.492396244024693,80.68446188091413,62.5,48.45153668628659,943,네이버 검색광고 API,260,580,높음,10,2026-09-12T08:34:49+09:00
K0690,패션·뷰티,90,얼굴피지관리,세부 검색어,750,750,14163,729,수집결과 내 집계,37.947512085246956,78.86494566242345,50.0,52.63323974135051,894,네이버 검색광고 API,90,660,높음,10,2026-09-12T08:34:49+09:00
K0691,패션·뷰티,91,여드름자국없애는법,세부 검색어,810,810,3158,51,수집결과 내 집계,55.68049886187539,97.51417504990211,62.5,69.59450194590832,555,네이버 검색광고 API,100,710,높음,10,2026-09-12T08:34:49+09:00
K0692,패션·뷰티,92,명품신발세탁,세부 검색어,820,820,24250,343,수집결과 내 집계,31.491355824434734,89.46743947573547,50.0,52.58590975493801,895,네이버 검색광고 API,80,740,높음,10,2026-09-12T08:34:49+09:00
K0693,패션·뷰티,93,두피가려움원인,세부 검색어,830,830,4905,231,수집결과 내 집계,49.57140587604184,97.53598150520865,75.0,69.04649738958352,567,네이버 검색광고 API,90,740,높음,3,2026-09-12T08:34:49+09:00
K0694,패션·뷰티,94,가디건코디,세부 검색어,1260,1260,74482,988,이상(하한),21.906171363135897,84.57093940989965,50.0,46.32436750453785,958,네이버 검색광고 API,150,1110,높음,10,2026-09-12T08:34:49+09:00
K0695,패션·뷰티,95,얼굴홍조치료,세부 검색어,740,740,13258,307,수집결과 내 집계,37.670879228539704,81.67026613845738,50.0,53.336519455807064,885,네이버 검색광고 API,80,660,높음,10,2026-09-12T08:34:49+09:00
K0696,패션·뷰티,96,옷잘입는법,세부 검색어,510,510,3441,39,수집결과 내 집계,47.344556062109476,83.79386924396894,50.0,58.81043880424542,812,네이버 검색광고 API,60,450,높음,10,2026-09-12T08:34:49+09:00
K0697,패션·뷰티,97,선크림바르는순서,세부 검색어,330,330,1166,133,수집결과 내 집계,54.76950588399817,83.9549060612153,62.5,65.07122476036368,671,네이버 검색광고 API,30,300,높음,3,2026-09-12T08:34:49+09:00
K0698,패션·뷰티,98,옷에묻은기름때제거,세부 검색어,370,370,499,17,수집결과 내 집계,62.05871779086516,87.5674498304979,62.5,69.79959384458195,550,네이버 검색광고 API,10,360,중간,4,2026-09-12T08:34:49+09:00
K0699,패션·뷰티,99,피부좋아지는습관,세부 검색어,130,130,8798,168,수집결과 내 집계,18.24184200005461,79.67121594690391,50.0,43.02228578409848,973,네이버 검색광고 API,20,110,높음,3,2026-09-12T08:34:49+09:00
K0700,패션·뷰티,100,모공줄이는방법,세부 검색어,130,130,8252,144,수집결과 내 집계,16.23701658230812,75.58262188214981,75.0,45.793294855799004,961,네이버 검색광고 API,70,60,높음,3,2026-09-12T08:34:49+09:00
K0701,스포츠,1,고관절스트레칭,세부 검색어,10790,10790,23553,590,수집결과 내 집계,77.68200329847214,91.03644098089248,50.0,76.15193394350382,377,네이버 검색광고 API,1090,9700,높음,10,2026-09-12T08:34:49+09:00
K0702,스포츠,2,스쿼트자세,세부 검색어,8450,8450,46373,991,이상(하한),63.993412395862926,89.5304196884522,50.0,68.85583210446713,573,네이버 검색광고 API,1090,7360,높음,10,2026-09-12T08:34:49+09:00
K0703,스포츠,3,골프그립잡는법,세부 검색어,6900,6900,2476,58,수집결과 내 집계,84.42991734376967,92.64245662237741,50.0,80.00769565859807,252,네이버 검색광고 API,890,6010,높음,7,2026-09-12T08:34:49+09:00
K0704,스포츠,4,근력운동종류,세부 검색어,6950,6950,4961,138,수집결과 내 집계,84.41286356013508,92.87380043847149,62.5,82.56857191160898,157,네이버 검색광고 API,650,6300,높음,7,2026-09-12T08:34:49+09:00
K0705,스포츠,5,달리기칼로리,세부 검색어,6290,6290,5650,86,수집결과 내 집계,84.34414162146732,82.15266279872635,75.0,81.81786965035157,183,네이버 검색광고 API,490,5800,중간,2,2026-09-12T08:34:49+09:00
K0706,스포츠,6,골프그립교체,세부 검색어,6050,6050,24816,539,수집결과 내 집계,65.71062246814944,92.16790908960141,62.5,73.00568396095514,478,네이버 검색광고 API,1000,5050,중간,8,2026-09-12T08:34:49+09:00
K0707,스포츠,7,근력운동,확장 주제어,5710,5710,607764,868,이상(하한),31.962285005815097,84.68832517691965,50.0,51.38764005598344,910,네이버 검색광고 API,930,4780,높음,10,2026-09-12T08:34:49+09:00
K0708,스포츠,8,러닝케이던스뜻,세부 검색어,5900,5900,170,9,수집결과 내 집계,83.11664568208253,91.72498059596698,62.5,81.57581701983136,193,네이버 검색광고 API,710,5190,낮음,0,2026-09-12T08:34:49+09:00
K0709,스포츠,9,수영칼로리,세부 검색어,4610,4610,5741,63,수집결과 내 집계,80.68789253919526,82.5260452931379,75.0,80.101759857539,249,네이버 검색광고 API,680,3930,중간,1,2026-09-12T08:34:49+09:00
K0710,스포츠,10,유산소운동,확장 주제어,4800,4800,503100,904,이상(하한),31.515365768870467,83.86189535164533,50.0,50.91625148992883,917,네이버 검색광고 API,740,4060,높음,10,2026-09-12T08:34:49+09:00
K0711,스포츠,11,요가자세,세부 검색어,4830,4830,131631,983,이상(하한),42.733547653630396,94.8806935808622,50.0,59.830981901073855,785,네이버 검색광고 API,720,4110,높음,10,2026-09-12T08:34:49+09:00
K0712,스포츠,12,자전거칼로리,세부 검색어,4650,4650,9224,352,수집결과 내 집계,74.3877332629678,81.54772213245381,75.0,76.65818327122004,362,네이버 검색광고 API,270,4380,높음,3,2026-09-12T08:34:49+09:00
K0713,스포츠,13,유산소운동종류,세부 검색어,4430,4430,6983,102,수집결과 내 집계,76.56617662480524,87.00258752712261,62.5,76.8838645705394,347,네이버 검색광고 API,450,3980,높음,9,2026-09-12T08:34:49+09:00
K0714,스포츠,14,필라테스가격,세부 검색어,4280,4280,89034,996,이상(하한),44.86737511206318,88.96818730623082,50.0,59.12414374790083,806,네이버 검색광고 API,440,3840,높음,10,2026-09-12T08:34:49+09:00
K0715,스포츠,15,근육통푸는법,세부 검색어,4200,4200,4576,50,수집결과 내 집계,80.97934255307553,83.29462537505441,62.5,77.97805888905408,317,네이버 검색광고 API,340,3860,높음,10,2026-09-12T08:34:49+09:00
K0716,스포츠,16,하체근력운동,세부 검색어,3810,3810,31495,988,이상(하한),55.52917348556039,91.43483870923691,50.0,65.19503835555128,665,네이버 검색광고 API,460,3350,높음,10,2026-09-12T08:34:49+09:00
K0717,스포츠,17,햄스트링스트레칭,세부 검색어,4180,4180,11916,232,수집결과 내 집계,67.14578403029245,90.15448711575799,50.0,70.61923814987362,530,네이버 검색광고 API,640,3540,높음,10,2026-09-12T08:34:49+09:00
K0718,스포츠,18,스크린골프가격,세부 검색어,3620,3620,20543,232,수집결과 내 집계,60.24822476611257,90.77753635875588,50.0,67.35737329068306,612,네이버 검색광고 API,490,3130,높음,10,2026-09-12T08:34:49+09:00
K0719,스포츠,19,러닝페이스,세부 검색어,3570,3570,44413,979,이상(하한),48.991870436602554,96.19756060584571,75.0,68.35520340005499,585,네이버 검색광고 API,490,3080,중간,1,2026-09-12T08:34:49+09:00
K0720,스포츠,20,플랭크효과,세부 검색어,3170,3170,6701,106,수집결과 내 집계,71.56113500575272,90.98303274391304,62.5,75.57547732605028,399,네이버 검색광고 API,340,2830,중간,6,2026-09-12T08:34:49+09:00
K0721,스포츠,21,실내자전거효과,세부 검색어,3120,3120,5818,315,수집결과 내 집계,72.6914322373544,89.86044755483468,62.5,75.8038503851276,394,네이버 검색광고 API,340,2780,높음,7,2026-09-12T08:34:49+09:00
K0722,스포츠,22,맨몸운동,확장 주제어,3020,3020,87373,983,이상(하한),39.75784780463535,87.77394165402377,50.0,56.211106398524805,852,네이버 검색광고 API,620,2400,높음,10,2026-09-12T08:34:49+09:00
K0723,스포츠,23,종아리스트레칭,세부 검색어,2520,2520,31622,974,이상(하한),49.84763651075775,93.39242551905325,50.0,62.94154591109485,721,네이버 검색광고 API,440,2080,중간,7,2026-09-12T08:34:49+09:00
K0724,스포츠,24,실내자전거운동효과,세부 검색어,2620,2620,4359,213,수집결과 내 집계,73.48153529234727,91.48767624318113,62.5,76.68707051912797,360,네이버 검색광고 API,280,2340,높음,10,2026-09-12T08:34:49+09:00
K0725,스포츠,25,가슴운동,확장 주제어,2520,2520,239501,973,이상(하한),29.013937915199968,83.27594877355199,50.0,49.48975358966558,928,네이버 검색광고 API,510,2010,높음,10,2026-09-12T08:34:49+09:00
K0726,스포츠,26,하체운동,확장 주제어,2620,2620,403024,915,이상(하한),25.838785706274003,85.3325791253172,50.0,48.519166590732155,941,네이버 검색광고 API,580,2040,높음,10,2026-09-12T08:34:49+09:00
K0727,스포츠,27,어깨스트레칭,세부 검색어,2540,2540,149729,935,이상(하한),31.901685304365493,90.48758907101319,50.0,53.097119373486706,888,네이버 검색광고 API,570,1970,높음,10,2026-09-12T08:34:49+09:00
K0728,스포츠,28,요가효과,세부 검색어,2360,2360,64147,684,수집결과 내 집계,38.87000090518262,86.64006174737796,62.5,57.927018976804696,826,네이버 검색광고 API,350,2010,높음,7,2026-09-12T08:34:49+09:00
K0729,스포츠,29,필라테스효과,세부 검색어,2300,2300,141138,981,이상(하한),31.32119898695414,85.6455800082575,62.5,53.85427349595432,880,네이버 검색광고 API,490,1810,높음,10,2026-09-12T08:34:49+09:00
K0730,스포츠,30,드라이버잘치는법,세부 검색어,2130,2130,1720,40,수집결과 내 집계,77.97479735573299,93.33544531674926,62.5,79.48803227289127,268,네이버 검색광고 API,450,1680,높음,10,2026-09-12T08:34:49+09:00
K0731,스포츠,31,무산소운동,확장 주제어,1960,1960,21443,303,수집결과 내 집계,48.49141762525457,86.31207481875308,50.0,60.13933125825321,780,네이버 검색광고 API,200,1760,중간,2,2026-09-12T08:34:49+09:00
K0732,스포츠,32,골프그립종류,세부 검색어,1980,1980,2763,48,수집결과 내 집계,73.38269301411816,97.32033762995893,62.5,78.38744779604676,304,네이버 검색광고 API,330,1650,높음,10,2026-09-12T08:34:49+09:00
K0733,스포츠,33,패시브스트레칭,세부 검색어,1750,1750,2702,156,수집결과 내 집계,72.52922380850875,97.32121700877696,50.0,75.46097700688746,401,네이버 검색광고 API,380,1370,높음,7,2026-09-12T08:34:49+09:00
K0734,스포츠,34,러닝무릎통증,세부 검색어,2010,2010,11596,734,수집결과 내 집계,54.09203398686533,94.4150748020578,50.0,65.37053943405,660,네이버 검색광고 API,380,1630,높음,7,2026-09-12T08:34:49+09:00
K0735,스포츠,35,족저근막염스트레칭,세부 검색어,1860,1860,6796,265,수집결과 내 집계,60.62173317719849,88.5474814647215,50.0,66.8751110280157,628,네이버 검색광고 API,380,1480,높음,10,2026-09-12T08:34:49+09:00
K0736,스포츠,36,헬스장가격,세부 검색어,1600,1600,177401,981,이상(하한),25.748005436076703,85.63718312947279,50.0,48.56515765688019,939,네이버 검색광고 API,190,1410,높음,10,2026-09-12T08:34:49+09:00
K0737,스포츠,37,등운동루틴,세부 검색어,1590,1590,32896,642,수집결과 내 집계,39.70124743989568,80.90043765559116,50.0,54.12075501662519,878,네이버 검색광고 API,360,1230,높음,3,2026-09-12T08:34:49+09:00
K0738,스포츠,38,달리기효과,세부 검색어,1540,1540,17442,305,수집결과 내 집계,45.57060578314346,80.34322759897078,62.5,59.38827117126297,800,네이버 검색광고 API,260,1280,중간,2,2026-09-12T08:34:49+09:00
K0739,스포츠,39,수영효과,세부 검색어,1410,1410,14835,293,수집결과 내 집계,47.12629072111349,84.92310635279675,62.5,61.54007726639577,746,네이버 검색광고 API,240,1170,중간,2,2026-09-12T08:34:49+09:00
K0740,스포츠,40,골프채그립교체,세부 검색어,1460,1460,9194,254,수집결과 내 집계,52.281552449595445,86.4862664445092,62.5,64.58665615815048,679,네이버 검색광고 API,210,1250,높음,10,2026-09-12T08:34:49+09:00
K0741,스포츠,41,골프그립교체비용,세부 검색어,1400,1400,871,22,수집결과 내 집계,75.67894816131032,97.75398853918063,75.0,82.16567064240934,173,네이버 검색광고 API,250,1150,높음,10,2026-09-12T08:34:49+09:00
K0742,스포츠,42,골프연습,세부 검색어,1430,1430,425843,934,이상(하한),19.374356588319216,86.41893970659004,50.0,45.61286020613662,964,네이버 검색광고 API,280,1150,높음,8,2026-09-12T08:34:49+09:00
K0743,스포츠,43,맨몸운동루틴,세부 검색어,1260,1260,5516,199,수집결과 내 집계,57.83781559313028,86.87648113528965,50.0,64.98185213715203,672,네이버 검색광고 API,320,940,높음,3,2026-09-12T08:34:49+09:00
K0744,스포츠,44,아킬레스건스트레칭,세부 검색어,1300,1300,3218,164,수집결과 내 집계,64.49991433381095,92.78500341441872,50.0,70.08545819123108,542,네이버 검색광고 API,190,1110,높음,8,2026-09-12T08:34:49+09:00
K0745,스포츠,45,탁구규칙,세부 검색어,1380,1380,1115,94,수집결과 내 집계,75.48266647085467,88.41182556543822,50.0,74.2648809050588,447,네이버 검색광고 API,190,1190,중간,2,2026-09-12T08:34:49+09:00
K0746,스포츠,46,헬스PT가격,세부 검색어,1250,1250,22571,218,수집결과 내 집계,39.99645667895423,81.36938045232884,50.0,54.40904247517577,875,네이버 검색광고 API,180,1070,높음,10,2026-09-12T08:34:49+09:00
K0747,스포츠,47,걷기운동,세부 검색어,1340,1340,510278,910,이상(하한),17.853963366482333,84.84692630372277,50.0,44.38105957435799,969,네이버 검색광고 API,240,1100,높음,10,2026-09-12T08:34:49+09:00
K0748,스포츠,48,자전거운동,세부 검색어,1140,1140,259985,912,이상(하한),19.465788210022374,83.85435517863132,50.0,44.889200658600586,966,네이버 검색광고 API,180,960,높음,8,2026-09-12T08:34:49+09:00
K0749,스포츠,49,발목스트레칭,세부 검색어,1120,1120,22987,720,수집결과 내 집계,37.78261800441318,94.34370786304464,50.0,57.19442136111998,836,네이버 검색광고 API,170,950,중간,8,2026-09-12T08:34:49+09:00
K0750,스포츠,50,아이언샤프트교체비용,세부 검색어,1120,1120,82,3,수집결과 내 집계,74.28969248618351,95.10878484271521,75.0,80.67748169590632,227,네이버 검색광고 API,180,940,높음,10,2026-09-12T08:34:49+09:00
K0751,스포츠,51,필라테스종류,세부 검색어,1030,1030,21833,313,수집결과 내 집계,37.014733482952515,91.43430525646875,62.5,58.43765831841688,817,네이버 검색광고 API,150,880,높음,10,2026-09-12T08:34:49+09:00
K0752,스포츠,52,수영영법,세부 검색어,1060,1060,12677,316,수집결과 내 집계,42.78382184440011,90.93394700861533,50.0,58.67209502478465,813,네이버 검색광고 API,200,860,높음,3,2026-09-12T08:34:49+09:00
K0753,스포츠,53,다리근력운동,세부 검색어,1010,1010,9792,366,수집결과 내 집계,45.134480417230506,89.40794418191375,50.0,59.38962346318938,799,네이버 검색광고 API,70,940,높음,10,2026-09-12T08:34:49+09:00
K0754,스포츠,54,드라이버샤프트교체,세부 검색어,970,970,8825,143,수집결과 내 집계,46.195688944458816,88.58201590793539,62.5,62.17244924461002,734,네이버 검색광고 API,170,800,높음,10,2026-09-12T08:34:49+09:00
K0755,스포츠,55,플랭크시간,세부 검색어,930,930,8423,186,수집결과 내 집계,46.21795023898909,93.26321728415242,75.0,66.08794030474027,646,네이버 검색광고 API,60,870,중간,2,2026-09-12T08:34:49+09:00
K0756,스포츠,56,배드민턴서브규칙,세부 검색어,1030,1030,185,14,수집결과 내 집계,73.5584827133172,90.62352990567898,50.0,73.9663003283623,453,네이버 검색광고 API,130,900,중간,1,2026-09-12T08:34:49+09:00
K0757,스포츠,57,골프필드준비물,세부 검색어,1020,1020,2683,120,수집결과 내 집계,59.58041272096608,91.77066402546099,62.5,69.82140556812134,549,네이버 검색광고 API,160,860,높음,3,2026-09-12T08:34:49+09:00
K0758,스포츠,58,하체운동루틴,세부 검색어,850,850,31191,780,수집결과 내 집계,30.97651093928212,84.33111885404261,50.0,50.787591125853844,919,네이버 검색광고 API,230,620,높음,7,2026-09-12T08:34:49+09:00
K0759,스포츠,59,푸쉬업자세,세부 검색어,900,900,5557,124,수집결과 내 집계,50.119201399030274,85.86488350496036,50.0,60.819065751003244,767,네이버 검색광고 API,130,770,높음,3,2026-09-12T08:34:49+09:00
K0760,스포츠,60,골프자세,세부 검색어,840,840,51286,995,이상(하한),25.74054732338715,84.33234896728021,50.0,48.16997835187764,947,네이버 검색광고 API,220,620,높음,10,2026-09-12T08:34:49+09:00
K0761,스포츠,61,아이언샤프트교체,세부 검색어,830,830,6181,122,수집결과 내 집계,48.024195042642745,86.49138634488835,62.5,62.45951342478788,731,네이버 검색광고 API,120,710,중간,8,2026-09-12T08:34:49+09:00
K0762,스포츠,62,퍼팅연습,세부 검색어,850,850,20120,451,수집결과 내 집계,34.156780694388985,85.01969178351763,50.0,52.584297882249786,896,네이버 검색광고 API,150,700,중간,8,2026-09-12T08:34:49+09:00
K0763,스포츠,63,그룹필라테스가격,세부 검색어,780,780,6065,103,수집결과 내 집계,47.63266391588121,96.73609103366977,50.0,62.83715926804153,724,네이버 검색광고 API,90,690,높음,7,2026-09-12T08:34:49+09:00
K0764,스포츠,64,골프채그립교체비용,세부 검색어,770,770,369,8,수집결과 내 집계,72.72139276915544,96.53644060504557,75.0,80.32162856609139,235,네이버 검색광고 API,140,630,높음,10,2026-09-12T08:34:49+09:00
K0765,스포츠,65,다리스트레칭,세부 검색어,800,800,79487,984,이상(하한),21.77470687503856,91.84340648132364,50.0,48.44037538191637,944,네이버 검색광고 API,80,720,높음,10,2026-09-12T08:34:49+09:00
K0766,스포츠,66,초보수영,세부 검색어,750,750,17308,531,수집결과 내 집계,34.769833611083,97.76797514704464,50.0,56.71530934965489,844,네이버 검색광고 API,10,740,높음,3,2026-09-12T08:34:49+09:00
K0767,스포츠,67,러닝호흡법,세부 검색어,770,770,679,54,수집결과 내 집계,72.39045953637618,95.49049237960855,50.0,74.84237748207066,425,네이버 검색광고 API,140,630,높음,3,2026-09-12T08:34:49+09:00
K0768,스포츠,68,스쿼트무릎통증,세부 검색어,740,740,7373,303,수집결과 내 집계,43.766884383820724,84.73516835687097,50.0,57.303992698971655,833,네이버 검색광고 API,110,630,높음,3,2026-09-12T08:34:49+09:00
K0769,스포츠,69,러닝발목통증,세부 검색어,830,830,2844,176,수집결과 내 집계,54.94011647679769,95.95291237834732,50.0,66.25593195190304,642,네이버 검색광고 API,130,700,높음,3,2026-09-12T08:34:49+09:00
K0770,스포츠,70,배드민턴규칙,세부 검색어,870,870,1548,131,수집결과 내 집계,62.377962478695835,86.15817347859439,50.0,67.03643328292624,622,네이버 검색광고 API,190,680,중간,1,2026-09-12T08:34:49+09:00
K0771,스포츠,71,러닝초보,세부 검색어,740,740,21592,991,이상(하한),31.038902515963223,87.20407948793593,50.0,51.68067510436239,902,네이버 검색광고 API,160,580,높음,7,2026-09-12T08:34:49+09:00
K0772,스포츠,72,골프그립세척,세부 검색어,650,650,321,7,수집결과 내 집계,72.03945780739343,86.16008246212236,62.5,74.36775364233343,441,네이버 검색광고 API,100,550,높음,8,2026-09-12T08:34:49+09:00
K0773,스포츠,73,골프그립미끄럼방지,세부 검색어,870,870,593,37,수집결과 내 집계,72.03945780739343,80.49722770241405,50.0,70.16889721442092,540,네이버 검색광고 API,80,790,높음,8,2026-09-12T08:34:49+09:00
K0774,스포츠,74,러닝종아리통증,세부 검색어,700,700,1346,61,수집결과 내 집계,63.40132589656247,96.14908523830385,50.0,70.54538851977239,532,네이버 검색광고 API,100,600,중간,2,2026-09-12T08:34:49+09:00
K0775,스포츠,75,수영호흡법,세부 검색어,620,620,2413,61,수집결과 내 집계,56.0080686528139,85.04768345722027,50.0,63.518339363573034,706,네이버 검색광고 API,120,500,높음,3,2026-09-12T08:34:49+09:00
K0776,스포츠,76,골프규칙,세부 검색어,720,720,4909,142,수집결과 내 집계,47.221583643395626,86.64828926017043,50.0,59.60527859974894,794,네이버 검색광고 API,170,550,높음,3,2026-09-12T08:34:49+09:00
K0777,스포츠,77,아이언종류,세부 검색어,640,640,6803,194,수집결과 내 집계,42.30286201830759,84.08486234227713,62.5,58.87688971183694,811,네이버 검색광고 API,110,530,높음,3,2026-09-12T08:34:49+09:00
K0778,스포츠,78,요가필라테스차이,세부 검색어,660,660,1172,38,수집결과 내 집계,64.10489057538034,88.08865324675384,87.5,75.97904126171632,386,네이버 검색광고 API,120,540,높음,3,2026-09-12T08:34:49+09:00
K0779,스포츠,79,홈트근력운동,세부 검색어,600,600,9639,350,수집결과 내 집계,38.023238513098505,90.88294130716596,50.0,56.27650164869904,850,네이버 검색광고 API,150,450,높음,10,2026-09-12T08:34:49+09:00
K0780,스포츠,80,러닝초보페이스,세부 검색어,680,680,1241,117,수집결과 내 집계,63.099244886055935,93.71740236839524,75.0,74.66484315354654,430,네이버 검색광고 API,120,560,중간,2,2026-09-12T08:34:49+09:00
K0781,스포츠,81,가슴운동루틴,세부 검색어,640,640,18724,326,수집결과 내 집계,30.90333214649182,81.2176005717679,50.0,49.816946244776275,925,네이버 검색광고 API,170,470,높음,3,2026-09-12T08:34:49+09:00
K0782,스포츠,82,아이언그립교체,세부 검색어,550,550,7422,194,수집결과 내 집계,38.2222370653765,88.56363427345116,62.5,58.1802088147236,823,네이버 검색광고 API,100,450,중간,8,2026-09-12T08:34:49+09:00
K0783,스포츠,83,요가가격,세부 검색어,480,480,36639,751,수집결과 내 집계,21.062854951151184,89.41667285515476,50.0,47.35642933212202,953,네이버 검색광고 API,50,430,높음,10,2026-09-12T08:34:49+09:00
K0784,스포츠,84,러닝전스트레칭,세부 검색어,510,510,1379,81,수집결과 내 집계,56.69639540601189,95.2146107018099,50.0,66.91258091354891,627,네이버 검색광고 API,90,420,높음,3,2026-09-12T08:34:49+09:00
K0785,스포츠,85,근육통있을때운동,세부 검색어,440,440,1290,48,수집결과 내 집계,57.173137932580346,83.05071445132229,50.0,63.50178330168686,707,네이버 검색광고 API,70,370,높음,3,2026-09-12T08:34:49+09:00
K0786,스포츠,86,수영초보,세부 검색어,400,400,17308,531,수집결과 내 집계,26.2064179747396,81.493215276967,50.0,47.5511735704599,950,네이버 검색광고 API,90,310,높음,3,2026-09-12T08:34:49+09:00
K0787,스포츠,87,수영잘하는법,세부 검색어,380,380,983,21,수집결과 내 집계,59.07078371045759,82.33619456614453,62.5,66.73625022507215,630,네이버 검색광고 API,100,280,높음,3,2026-09-12T08:34:49+09:00
K0788,스포츠,88,마라톤준비물,세부 검색어,650,650,3987,144,수집결과 내 집계,41.726264316639174,91.84316697841183,62.5,60.916082251843136,764,네이버 검색광고 API,140,510,높음,3,2026-09-12T08:34:49+09:00
K0789,스포츠,89,러닝후스트레칭,세부 검색어,440,440,1717,95,수집결과 내 집계,51.63079828544781,94.25225463182582,50.0,64.09107553227165,692,네이버 검색광고 API,60,380,높음,3,2026-09-12T08:34:49+09:00
K0790,스포츠,90,운동후근육통푸는법,세부 검색어,400,400,1287,19,수집결과 내 집계,53.525982273082924,96.17732054940686,62.5,68.11618730136351,591,네이버 검색광고 API,40,360,높음,3,2026-09-12T08:34:49+09:00
K0791,스포츠,91,스쿼트호흡법,세부 검색어,320,320,519,26,수집결과 내 집계,64.61227809751095,97.73575762513714,50.0,71.62686633629662,507,네이버 검색광고 API,30,290,중간,1,2026-09-12T08:34:49+09:00
K0792,스포츠,92,러닝발바닥통증,세부 검색어,400,400,1723,116,수집결과 내 집계,48.481888023361876,95.57392898898652,50.0,62.91312270837689,723,네이버 검색광고 API,70,330,높음,3,2026-09-12T08:34:49+09:00
K0793,스포츠,93,헬스장가격비교,세부 검색어,270,270,3507,135,수집결과 내 집계,37.36889844165148,69.70611592840578,75.0,54.59628399934748,871,네이버 검색광고 API,50,220,높음,10,2026-09-12T08:34:49+09:00
K0794,스포츠,94,맨몸근력운동,세부 검색어,290,290,5569,135,수집결과 내 집계,31.61572318380054,79.69590983681884,50.0,49.716634542945926,927,네이버 검색광고 API,80,210,높음,3,2026-09-12T08:34:49+09:00
K0795,스포츠,95,스트레칭효과,세부 검색어,280,280,71235,975,이상(하한),12.039160744961514,78.9344017944835,62.5,42.199900910825804,976,네이버 검색광고 API,40,240,높음,3,2026-09-12T08:34:49+09:00
K0796,스포츠,96,근력운동시간,세부 검색어,260,260,16566,589,수집결과 내 집계,20.595110622050896,79.73269207464192,75.0,49.21736293341802,931,네이버 검색광고 API,30,230,중간,5,2026-09-12T08:34:49+09:00
K0797,스포츠,97,수영초보준비물,세부 검색어,260,260,929,31,수집결과 내 집계,49.14852529475715,87.55193781195686,62.5,63.33984399096563,708,네이버 검색광고 API,60,200,높음,3,2026-09-12T08:34:49+09:00
K0798,스포츠,98,달리기자세,세부 검색어,280,280,11240,306,수집결과 내 집계,20.830741879001856,78.65910287072037,50.0,44.01310180071704,971,네이버 검색광고 API,50,230,높음,3,2026-09-12T08:34:49+09:00
K0799,스포츠,99,근력운동유산소순서,세부 검색어,140,140,2093,125,수집결과 내 집계,35.36597679483739,,62.5,,,네이버 검색광고 API,10,130,중간,2,2026-09-12T08:34:49+09:00
K0800,스포츠,100,러닝페이스계산,세부 검색어,130,130,109,14,수집결과 내 집계,64.82234005716242,69.25084839896115,75.0,68.18642454826956,590,네이버 검색광고 API,20,110,중간,1,2026-09-12T08:34:49+09:00
K0801,방송·연예,1,김혜수나이,세부 검색어,37430,37430,4715,997,이상(하한),95.76397826415182,89.8156174673313,50.0,84.82667437227529,100,네이버 검색광고 API,2630,34800,낮음,0,2026-09-12T08:34:49+09:00
K0802,방송·연예,2,엄정화나이,세부 검색어,23170,23170,2886,417,수집결과 내 집계,93.967054789667,93.26032490423512,50.0,84.96162486610403,96,네이버 검색광고 API,970,22200,낮음,0,2026-09-12T08:34:49+09:00
K0803,방송·연예,3,유재석나이,세부 검색어,28730,28730,4029,105,수집결과 내 집계,93.5100456651202,97.00109806919323,50.0,85.85535225331807,77,네이버 검색광고 API,1430,27300,낮음,0,2026-09-12T08:34:49+09:00
K0804,방송·연예,4,신동엽나이,세부 검색어,31470,31470,1583,48,수집결과 내 집계,93.28019865858367,96.17090754827392,50.0,85.491371593774,83,네이버 검색광고 API,1070,30400,낮음,0,2026-09-12T08:34:49+09:00
K0805,방송·연예,5,박진영나이,세부 검색어,12600,12600,1784,124,수집결과 내 집계,91.07309684276048,92.45535141373546,50.0,83.27315384550087,137,네이버 검색광고 API,700,11900,낮음,0,2026-09-12T08:34:49+09:00
K0806,방송·연예,6,이효리나이,세부 검색어,15480,15480,2560,30,수집결과 내 집계,89.23371830293384,95.81395956443087,50.0,83.36104702079618,133,네이버 검색광고 API,880,14600,낮음,0,2026-09-12T08:34:49+09:00
K0807,방송·연예,7,아이유나이,세부 검색어,13380,13380,5651,81,수집결과 내 집계,88.7860526221926,92.68783013441808,62.5,84.69937535142172,105,네이버 검색광고 API,1280,12100,낮음,0,2026-09-12T08:34:49+09:00
K0808,방송·연예,8,공유나이,세부 검색어,11740,11740,47955,719,수집결과 내 집계,73.32970255473768,87.01624559810152,50.0,72.7697249567993,487,네이버 검색광고 API,1040,10700,낮음,0,2026-09-12T08:34:49+09:00
K0809,방송·연예,9,김희애나이,세부 검색어,10690,10690,3122,373,수집결과 내 집계,88.54435104829258,93.2227113663105,50.0,82.23898893403944,171,네이버 검색광고 API,490,10200,낮음,0,2026-09-12T08:34:49+09:00
K0810,방송·연예,10,전지현나이,세부 검색어,11070,11070,2436,45,수집결과 내 집계,87.22514865224323,95.09243849360404,50.0,82.14030587420282,174,네이버 검색광고 API,770,10300,낮음,0,2026-09-12T08:34:49+09:00
K0811,방송·연예,11,박보검나이,세부 검색어,11290,11290,1413,45,수집결과 내 집계,87.182964455735,84.83435112257868,50.0,79.04178756464111,279,네이버 검색광고 API,890,10400,낮음,0,2026-09-12T08:34:49+09:00
K0812,방송·연예,12,현빈나이,세부 검색어,16470,16470,1625,47,수집결과 내 집계,87.11375276289273,92.81430775936977,50.0,81.40116870925729,202,네이버 검색광고 API,1170,15300,낮음,0,2026-09-12T08:34:49+09:00
K0813,방송·연예,13,서장훈나이,세부 검색어,9880,9880,2000,83,수집결과 내 집계,86.97279670058214,92.41499552899035,50.0,81.21089700898817,211,네이버 검색광고 API,450,9430,낮음,0,2026-09-12T08:34:49+09:00
K0814,방송·연예,14,이영애나이,세부 검색어,10230,10230,4062,181,수집결과 내 집계,86.96181044423469,91.5633753129935,50.0,80.94991781601539,217,네이버 검색광고 API,650,9580,낮음,0,2026-09-12T08:34:49+09:00
K0815,방송·연예,15,장나라나이,세부 검색어,10210,10210,1766,48,수집결과 내 집계,86.9563094886114,95.36723348740904,50.0,82.0883247905284,178,네이버 검색광고 API,630,9580,낮음,0,2026-09-12T08:34:49+09:00
K0816,방송·연예,16,손예진나이,세부 검색어,12330,12330,2356,49,수집결과 내 집계,86.55174492689619,96.10561157082729,50.0,82.10755593469628,177,네이버 검색광고 API,930,11400,낮음,0,2026-09-12T08:34:49+09:00
K0817,방송·연예,17,차승원나이,세부 검색어,7810,7810,991,26,수집결과 내 집계,86.3291502935769,85.42066650819012,50.0,78.79077509924548,292,네이버 검색광고 API,260,7550,낮음,0,2026-09-12T08:34:49+09:00
K0818,방송·연예,18,조인성나이,세부 검색어,7840,7840,1214,22,수집결과 내 집계,86.22393538200384,94.33037330574959,50.0,81.4110796827268,200,네이버 검색광고 API,640,7200,낮음,0,2026-09-12T08:34:49+09:00
K0819,방송·연예,19,이병헌나이,세부 검색어,7980,7980,1835,58,수집결과 내 집계,85.52793053395453,84.98608097324949,50.0,78.25978955895211,312,네이버 검색광고 API,600,7380,낮음,0,2026-09-12T08:34:49+09:00
K0820,방송·연예,20,송혜교나이,세부 검색어,8150,8150,3695,127,수집결과 내 집계,85.50676138657617,82.47148772336472,50.0,77.4948270102975,330,네이버 검색광고 API,730,7420,낮음,0,2026-09-12T08:34:49+09:00
K0821,방송·연예,21,김종국나이,세부 검색어,7160,7160,2487,32,수집결과 내 집계,85.38531851209831,80.09876895760962,50.0,76.72228994333204,357,네이버 검색광고 API,480,6680,낮음,0,2026-09-12T08:34:49+09:00
K0822,방송·연예,22,수지나이,세부 검색어,8050,8050,7736,170,수집결과 내 집계,85.115899083837,90.35498942605616,50.0,79.66444636973534,261,네이버 검색광고 API,710,7340,낮음,0,2026-09-12T08:34:49+09:00
K0823,방송·연예,23,강호동나이,세부 검색어,7370,7370,1318,11,수집결과 내 집계,85.20196704856869,96.78721879387507,50.0,81.63714916244686,191,네이버 검색광고 API,510,6860,낮음,0,2026-09-12T08:34:49+09:00
K0824,방송·연예,24,임영웅나이,세부 검색어,7180,7180,4431,80,수집결과 내 집계,84.72859558862473,91.95596343539209,50.0,79.95108682492999,254,네이버 검색광고 API,280,6900,낮음,0,2026-09-12T08:34:49+09:00
K0825,방송·연예,25,진성나이,세부 검색어,5970,5970,1568,21,수집결과 내 집계,84.49763455265483,88.68841518272659,50.0,78.8553418311454,287,네이버 검색광고 API,40,5930,낮음,0,2026-09-12T08:34:49+09:00
K0826,방송·연예,26,장민호나이,세부 검색어,6090,6090,1764,11,수집결과 내 집계,83.70525336623925,91.6982522471969,50.0,79.3621023572787,271,네이버 검색광고 API,80,6010,낮음,0,2026-09-12T08:34:49+09:00
K0827,방송·연예,27,이찬원나이,세부 검색어,6490,6490,2728,157,수집결과 내 집계,83.30580151889038,85.05788983934363,50.0,77.17026771124827,342,네이버 검색광고 API,110,6380,낮음,0,2026-09-12T08:34:49+09:00
K0828,방송·연예,28,이경규나이,세부 검색어,4740,4740,1159,8,수집결과 내 집계,83.12731804521117,93.30524220993446,50.0,79.55523168558592,265,네이버 검색광고 API,290,4450,낮음,0,2026-09-12T08:34:49+09:00
K0829,방송·연예,29,한혜진나이,세부 검색어,4720,4720,2614,50,수집결과 내 집계,83.06298676827348,94.85112888741699,50.0,79.98683205036184,253,네이버 검색광고 API,240,4480,낮음,0,2026-09-12T08:34:49+09:00
K0830,방송·연예,30,이승기나이,세부 검색어,4760,4760,1632,13,수집결과 내 집계,82.25433837184667,94.7147498989262,50.0,79.54159415560119,266,네이버 검색광고 API,290,4470,낮음,0,2026-09-12T08:34:49+09:00
K0831,방송·연예,31,박진영식단,세부 검색어,3040,3040,1049,260,수집결과 내 집계,82.09088165335332,93.93404591287965,37.5,76.72565460054055,356,네이버 검색광고 API,430,2610,낮음,0,2026-09-12T08:34:49+09:00
K0832,방송·연예,32,장도연키,세부 검색어,3350,3350,990,44,수집결과 내 집계,80.6992478557182,92.42587205608108,50.0,78.07738554468342,315,네이버 검색광고 API,300,3050,낮음,0,2026-09-12T08:34:49+09:00
K0833,방송·연예,33,한혜진키,세부 검색어,2100,2100,1237,48,수집결과 내 집계,79.0820891537332,89.46375768721873,50.0,76.38017188303222,370,네이버 검색광고 API,210,1890,낮음,0,2026-09-12T08:34:49+09:00
K0834,방송·연예,34,서장훈재산,세부 검색어,1690,1690,728,40,수집결과 내 집계,78.44820223003174,82.99363579795572,25.0,69.12219185440259,564,네이버 검색광고 API,150,1540,낮음,0,2026-09-12T08:34:49+09:00
K0835,방송·연예,35,정해인학력,세부 검색어,1610,1610,259,69,수집결과 내 집계,78.00070234462223,,50.0,,,네이버 검색광고 API,70,1540,낮음,0,2026-09-12T08:34:49+09:00
K0836,방송·연예,36,션마라톤,세부 검색어,1690,1690,2418,222,수집결과 내 집계,71.4399897716442,95.3386444316229,37.5,71.82158821530896,504,네이버 검색광고 API,320,1370,낮음,0,2026-09-12T08:34:49+09:00
K0837,방송·연예,37,아이유데뷔,세부 검색어,1540,1540,6710,123,수집결과 내 집계,56.77551151963727,87.89304755698114,62.5,67.25567002691298,613,네이버 검색광고 API,190,1350,낮음,0,2026-09-12T08:34:49+09:00
K0838,방송·연예,38,연예인다이어트,세부 검색어,1310,1310,59833,921,수집결과 내 집계,30.724188233009947,94.0955161375756,37.5,51.09074895777765,914,네이버 검색광고 API,250,1060,낮음,0,2026-09-12T08:34:49+09:00
K0839,방송·연예,39,차승원키,세부 검색어,1000,1000,536,7,수집결과 내 집계,75.11166556703705,83.72175693914144,50.0,72.67235986526096,490,네이버 검색광고 API,50,950,낮음,0,2026-09-12T08:34:49+09:00
K0840,방송·연예,40,이효리요가,세부 검색어,1140,1140,5582,306,수집결과 내 집계,54.72532011582725,93.93151226107605,37.5,63.042113736236445,718,네이버 검색광고 API,200,940,낮음,0,2026-09-12T08:34:49+09:00
K0841,방송·연예,41,이효리제주도집,세부 검색어,1100,1100,859,7,수집결과 내 집계,74.62335095100079,97.24539300777342,25.0,71.48529337783242,517,네이버 검색광고 API,90,1010,낮음,0,2026-09-12T08:34:49+09:00
K0842,방송·연예,42,정해인데뷔,세부 검색어,840,840,460,74,수집결과 내 집계,74.43504962756727,71.16069630377437,50.0,68.56573370491594,581,네이버 검색광고 API,80,760,낮음,0,2026-09-12T08:34:49+09:00
K0843,방송·연예,43,전현무재산,세부 검색어,1060,1060,479,46,수집결과 내 집계,74.28969248618351,83.57780187539953,25.0,67.21818680571161,615,네이버 검색광고 API,110,950,낮음,0,2026-09-12T08:34:49+09:00
K0844,방송·연예,44,박진영학력,세부 검색어,740,740,283,3,수집결과 내 집계,73.98754974215775,95.49978020983497,50.0,75.64370893402936,397,네이버 검색광고 API,40,700,낮음,0,2026-09-12T08:34:49+09:00
K0845,방송·연예,45,공유재산,세부 검색어,990,990,26030,552,수집결과 내 집계,34.544058859971344,87.35683630107458,25.0,48.47908032030804,942,네이버 검색광고 API,700,290,높음,3,2026-09-12T08:34:49+09:00
K0846,방송·연예,46,정우성학력,세부 검색어,710,710,314,9,수집결과 내 집계,72.4581767452614,74.55023805823613,50.0,68.59415979010154,579,네이버 검색광고 API,30,680,낮음,0,2026-09-12T08:34:49+09:00
K0847,방송·연예,47,유재석기부,세부 검색어,750,750,1779,24,수집결과 내 집계,60.85569678710536,72.49135509661463,37.5,59.675254922537064,793,네이버 검색광고 API,100,650,낮음,0,2026-09-12T08:34:49+09:00
K0848,방송·연예,48,최화정학력,세부 검색어,1910,1910,136,0,수집결과 내 집계,72.11138115911379,81.95292960260493,50.0,70.64156946033837,529,네이버 검색광고 API,130,1780,낮음,0,2026-09-12T08:34:49+09:00
K0849,방송·연예,49,연예인축가비용,세부 검색어,750,750,862,3,수집결과 내 집계,69.36278424191491,89.28078092857423,62.5,73.96562639952973,454,네이버 검색광고 API,80,670,높음,10,2026-09-12T08:34:49+09:00
K0850,방송·연예,50,기안84마라톤,세부 검색어,820,820,4015,36,수집결과 내 집계,49.423903551469586,93.00517705983637,37.5,60.1135048936857,781,네이버 검색광고 API,110,710,낮음,0,2026-09-12T08:34:49+09:00
K0851,방송·연예,51,임영웅데뷔,세부 검색어,550,550,35680,981,이상(하한),25.560304307167932,95.67458431171177,50.0,51.482527447097496,908,네이버 검색광고 API,90,460,낮음,0,2026-09-12T08:34:49+09:00
K0852,방송·연예,52,유재석학력,세부 검색어,520,520,998,36,수집결과 내 집계,62.54163819842674,85.905174232357,50.0,67.04237136892047,621,네이버 검색광고 API,20,500,낮음,0,2026-09-12T08:34:49+09:00
K0853,방송·연예,53,엄정화데뷔,세부 검색어,330,330,879,49,수집결과 내 집계,64.16363910961174,93.31713492534935,50.0,70.07696003241067,543,네이버 검색광고 API,20,310,낮음,0,2026-09-12T08:34:49+09:00
K0854,방송·연예,54,유재석데뷔,세부 검색어,510,510,3396,385,수집결과 내 집계,46.192686977822504,94.71049213220844,50.0,61.509491128573785,748,네이버 검색광고 API,50,460,낮음,0,2026-09-12T08:34:49+09:00
K0855,방송·연예,55,아이유기부,세부 검색어,460,460,3224,18,수집결과 내 집계,46.13223418964079,73.3667564911797,50.0,55.076144042174306,863,네이버 검색광고 API,90,370,낮음,0,2026-09-12T08:34:49+09:00
K0856,방송·연예,56,엄정화식단,세부 검색어,190,190,943,206,수집결과 내 집계,60.392141764469585,,37.5,,,네이버 검색광고 API,30,160,낮음,0,2026-09-12T08:34:49+09:00
K0857,방송·연예,57,김혜수데뷔,세부 검색어,350,350,969,121,수집결과 내 집계,58.42519247808453,89.70699149189207,50.0,66.12469368660989,645,네이버 검색광고 API,40,310,낮음,0,2026-09-12T08:34:49+09:00
K0858,방송·연예,58,박진영데뷔,세부 검색어,290,290,2490,43,수집결과 내 집계,45.33801719348739,88.38137083917277,50.0,59.183419848495525,805,네이버 검색광고 API,40,250,낮음,0,2026-09-12T08:34:49+09:00
K0859,방송·연예,59,션기부,세부 검색어,370,370,5,0,수집결과 내 집계,68.9600083265332,87.75339998673644,37.5,68.30602415928753,588,네이버 검색광고 API,70,300,낮음,2,2026-09-12T08:34:49+09:00
K0860,방송·연예,60,전현무학력,세부 검색어,370,370,679,33,수집결과 내 집계,60.69986137202174,83.33722119253198,50.0,65.35109704377047,661,네이버 검색광고 API,10,360,낮음,0,2026-09-12T08:34:49+09:00
K0861,방송·연예,61,수지피부관리,세부 검색어,390,390,5302,129,수집결과 내 집계,34.62110494733405,94.97758748414802,37.5,53.30382871891143,886,네이버 검색광고 API,220,170,높음,10,2026-09-12T08:34:49+09:00
K0862,방송·연예,62,전지현식단,세부 검색어,350,350,402,16,수집결과 내 집계,66.42387044429485,,37.5,,,네이버 검색광고 API,40,310,낮음,0,2026-09-12T08:34:49+09:00
K0863,방송·연예,63,박보검데뷔,세부 검색어,310,310,945,45,수집결과 내 집계,55.51530836742678,89.87121915805776,50.0,64.71901993113072,676,네이버 검색광고 API,10,300,낮음,0,2026-09-12T08:34:49+09:00
K0864,방송·연예,64,연예인출연료,세부 검색어,330,330,2270,115,수집결과 내 집계,43.074658085457166,80.55995762537628,25.0,50.70531633034147,921,네이버 검색광고 API,50,280,높음,3,2026-09-12T08:34:49+09:00
K0865,방송·연예,65,박보검학력,세부 검색어,160,160,226,7,수집결과 내 집계,68.16926939097476,84.4768358892458,50.0,69.42768546226112,558,네이버 검색광고 API,10,150,낮음,0,2026-09-12T08:34:49+09:00
K0866,방송·연예,66,엄정화다이어트,세부 검색어,190,190,1396,151,수집결과 내 집계,47.34581537000912,,37.5,,,네이버 검색광고 API,40,150,낮음,0,2026-09-12T08:34:49+09:00
K0867,방송·연예,67,이찬원학력,세부 검색어,320,329,578,17,수집결과 내 집계,58.442873294047324,75.59173957798095,50.0,61.89895852041795,740,네이버 검색광고 API,0,320,낮음,0,2026-09-12T08:34:49+09:00
K0868,방송·연예,68,비데뷔,세부 검색어,270,270,5,0,수집결과 내 집계,67.57492695249408,94.7761741385239,50.0,72.22031571780421,494,네이버 검색광고 API,30,240,낮음,0,2026-09-12T08:34:49+09:00
K0869,방송·연예,69,한혜진식단,세부 검색어,260,260,1023,37,수집결과 내 집계,49.98006443883005,89.58564877145159,37.5,59.3657268508505,801,네이버 검색광고 API,20,240,낮음,0,2026-09-12T08:34:49+09:00
K0870,방송·연예,70,정해인재산,세부 검색어,180,180,37,18,수집결과 내 집계,67.08536036210805,,25.0,,,네이버 검색광고 API,10,170,낮음,0,2026-09-12T08:34:49+09:00
K0871,방송·연예,71,임영웅학력,세부 검색어,260,260,632,22,수집결과 내 집계,54.705945117253414,89.83829922369496,50.0,64.30446232573519,687,네이버 검색광고 API,10,250,낮음,0,2026-09-12T08:34:49+09:00
K0872,방송·연예,72,한혜진다이어트,세부 검색어,200,200,3770,102,수집결과 내 집계,32.3966663750462,81.37841204364838,37.5,48.111856800617616,948,네이버 검색광고 API,30,170,낮음,0,2026-09-12T08:34:49+09:00
K0873,방송·연예,73,아이유학력,세부 검색어,190,190,707,13,수집결과 내 집계,51.83911176908821,86.89313258582064,62.5,64.48749566029029,683,네이버 검색광고 API,10,180,낮음,0,2026-09-12T08:34:49+09:00
K0874,방송·연예,74,연정훈학력,세부 검색어,60,69,178,4,수집결과 내 집계,66.73435863312531,,50.0,,,네이버 검색광고 API,0,60,낮음,0,2026-09-12T08:34:49+09:00
K0875,방송·연예,75,김종국학력,세부 검색어,120,120,481,12,수집결과 내 집계,55.131500383623134,89.42713299001473,50.0,64.39389008881598,685,네이버 검색광고 API,10,110,낮음,0,2026-09-12T08:34:49+09:00
K0876,방송·연예,76,이효리데뷔,세부 검색어,170,170,2699,146,수집결과 내 집계,34.04499449354876,88.5789958813761,50.0,53.5961960111872,883,네이버 검색광고 API,10,160,낮음,0,2026-09-12T08:34:49+09:00
K0877,방송·연예,77,현빈데뷔,세부 검색어,260,260,1252,496,수집결과 내 집계,42.35213206278854,90.36785217823291,50.0,58.28642168486414,821,네이버 검색광고 API,10,250,낮음,0,2026-09-12T08:34:49+09:00
K0878,방송·연예,78,이승기데뷔,세부 검색어,180,180,1747,7,수집결과 내 집계,37.489368768095964,94.96792886760761,50.0,57.23506304433026,835,네이버 검색광고 API,10,170,낮음,0,2026-09-12T08:34:49+09:00
K0879,방송·연예,79,연예인피부관리,세부 검색어,160,160,45478,281,수집결과 내 집계,9.87953646205275,77.30158013154069,37.5,35.63024227048858,980,네이버 검색광고 API,30,130,높음,10,2026-09-12T08:34:49+09:00
K0880,방송·연예,80,신동엽재산,세부 검색어,150,150,129,3,수집결과 내 집계,65.75068477453607,86.84939537570429,25.0,63.93016099997932,698,네이버 검색광고 API,20,130,낮음,0,2026-09-12T08:34:49+09:00
K0881,방송·연예,81,비식단,세부 검색어,140,140,19,1,수집결과 내 집계,65.53217750838824,88.85957337821905,37.5,66.92396076765984,626,네이버 검색광고 API,30,110,낮음,0,2026-09-12T08:34:49+09:00
K0882,방송·연예,82,김종국데뷔,세부 검색어,140,140,1470,41,수집결과 내 집계,37.71191428002215,80.64167826270119,50.0,53.04846061882143,889,네이버 검색광고 API,10,130,낮음,0,2026-09-12T08:34:49+09:00
K0883,방송·연예,83,최화정다이어트,세부 검색어,170,170,3268,84,수집결과 내 집계,27.679024778744726,81.09335418240991,37.5,45.66751864409534,962,네이버 검색광고 API,30,140,낮음,0,2026-09-12T08:34:49+09:00
K0884,방송·연예,84,전지현데뷔,세부 검색어,140,140,1443,56,수집결과 내 집계,36.93819173678749,94.8156023634449,50.0,56.913776577427214,842,네이버 검색광고 API,10,130,낮음,0,2026-09-12T08:34:49+09:00
K0885,방송·연예,85,장도연데뷔,세부 검색어,150,150,336,33,수집결과 내 집계,54.97895420127476,80.41826828619725,50.0,61.61495758649656,745,네이버 검색광고 API,10,140,낮음,0,2026-09-12T08:34:49+09:00
K0886,방송·연예,86,김혜수재산,세부 검색어,110,110,109,11,수집결과 내 집계,65.06874981277407,77.52306709421993,25.0,60.79129503465302,769,네이버 검색광고 API,10,100,낮음,0,2026-09-12T08:34:49+09:00
K0887,방송·연예,87,전지현운동,세부 검색어,130,130,1882,34,수집결과 내 집계,32.79740405086051,95.86037932888682,37.5,52.6568158240963,893,네이버 검색광고 API,10,120,낮음,0,2026-09-12T08:34:49+09:00
K0888,방송·연예,88,신동엽데뷔,세부 검색어,140,140,782,41,수집결과 내 집계,43.28197634161826,92.68377470678506,50.0,59.44612058284464,797,네이버 검색광고 API,10,130,낮음,0,2026-09-12T08:34:49+09:00
K0889,방송·연예,89,이병헌데뷔,세부 검색어,140,140,1008,57,수집결과 내 집계,40.17875674879764,78.48019641409186,50.0,53.633437298626376,881,네이버 검색광고 API,10,130,낮음,0,2026-09-12T08:34:49+09:00
K0890,방송·연예,90,기안84학력,세부 검색어,140,149,409,59,수집결과 내 집계,51.37601032255604,89.57960126170615,50.0,62.56188553978986,730,네이버 검색광고 API,0,140,낮음,0,2026-09-12T08:34:49+09:00
K0891,방송·연예,91,엄정화재산,세부 검색어,90,99,59,2,수집결과 내 집계,65.06874981277407,,25.0,,,네이버 검색광고 API,0,90,낮음,0,2026-09-12T08:34:49+09:00
K0892,방송·연예,92,수지데뷔,세부 검색어,140,140,2841,130,수집결과 내 집계,28.2056574637135,88.85732738011762,50.0,50.76002694589204,920,네이버 검색광고 API,10,130,낮음,0,2026-09-12T08:34:49+09:00
K0893,방송·연예,93,조인성데뷔,세부 검색어,130,139,578,25,수집결과 내 집계,47.03118535253664,92.10671094100289,50.0,61.14760595856919,757,네이버 검색광고 API,0,130,낮음,0,2026-09-12T08:34:49+09:00
K0894,방송·연예,94,이효리서울집,세부 검색어,140,140,30,1,수집결과 내 집계,64.82234005716242,73.74649043897135,25.0,59.53511716027262,796,네이버 검색광고 API,20,120,낮음,0,2026-09-12T08:34:49+09:00
K0895,방송·연예,95,강호동데뷔,세부 검색어,140,140,607,8,수집결과 내 집계,45.25219461177101,90.85980255360508,50.0,59.884038071967026,784,네이버 검색광고 API,10,130,낮음,0,2026-09-12T08:34:49+09:00
K0896,방송·연예,96,손예진데뷔,세부 검색어,180,180,824,66,수집결과 내 집계,41.48432039995692,91.93471596427865,50.0,58.32257498926205,820,네이버 검색광고 API,10,170,낮음,0,2026-09-12T08:34:49+09:00
K0897,방송·연예,97,한가인학력,세부 검색어,90,99,240,4,수집결과 내 집계,56.95998922382587,70.73449040598258,50.0,59.70034173370771,791,네이버 검색광고 API,0,90,낮음,0,2026-09-12T08:34:49+09:00
K0898,방송·연예,98,션재산,세부 검색어,130,130,1,0,수집결과 내 집계,64.82234005716242,93.53954210470994,25.0,65.47303265999419,656,네이버 검색광고 API,20,110,낮음,0,2026-09-12T08:34:49+09:00
K0899,방송·연예,99,한혜진운동,세부 검색어,80,89,2674,55,수집결과 내 집계,25.511819366124428,,37.5,,,네이버 검색광고 API,0,80,낮음,0,2026-09-12T08:34:49+09:00
K0900,방송·연예,100,신동엽출연료,세부 검색어,110,119,181,7,수집결과 내 집계,57.903867291776436,83.82444118485094,25.0,59.099266001343494,807,네이버 검색광고 API,0,110,낮음,0,2026-09-12T08:34:49+09:00
K0901,고생물·미스터리,1,티라노사우루스,확장 주제어,30880,30880,14482,637,수집결과 내 집계,93.40440006623635,91.89299115917105,37.5,81.77009738086949,185,네이버 검색광고 API,2480,28400,중간,7,2026-09-12T08:34:49+09:00
K0902,고생물·미스터리,2,브라키오사우루스,확장 주제어,21940,21940,3004,85,수집결과 내 집계,91.37588093326781,94.04446740103744,37.5,81.40128068694514,201,네이버 검색광고 API,1740,20200,높음,7,2026-09-12T08:34:49+09:00
K0903,고생물·미스터리,3,스피노사우루스,확장 주제어,16060,16060,2806,113,수집결과 내 집계,89.42727592700172,97.76277513086242,37.5,81.54247050275958,196,네이버 검색광고 API,860,15200,높음,8,2026-09-12T08:34:49+09:00
K0904,고생물·미스터리,4,모사사우루스,확장 주제어,14040,14040,1563,67,수집결과 내 집계,88.90125567194931,95.97372544525334,37.5,80.74274546955066,226,네이버 검색광고 API,840,13200,높음,7,2026-09-12T08:34:49+09:00
K0905,고생물·미스터리,5,스테고사우루스,확장 주제어,13680,13680,2463,42,수집결과 내 집계,88.73365628850301,97.98855432244622,37.5,81.26339444098537,210,네이버 검색광고 API,780,12900,높음,3,2026-09-12T08:34:49+09:00
K0906,고생물·미스터리,6,모아이석상,확장 주제어,14510,14510,3745,71,수집결과 내 집계,88.70524523429222,91.80190278937431,37.5,79.3931934539584,270,네이버 검색광고 API,1510,13000,중간,6,2026-09-12T08:34:49+09:00
K0907,고생물·미스터리,7,안킬로사우루스,확장 주제어,12990,12990,1333,45,수집결과 내 집계,88.35729422393177,97.85190519922583,37.5,81.03421867173364,215,네이버 검색광고 API,590,12400,중간,5,2026-09-12T08:34:49+09:00
K0908,고생물·미스터리,8,매머드,확장 주제어,12930,12930,35090,921,수집결과 내 집계,75.8566287436139,93.03976607228168,37.5,73.34024419349146,470,네이버 검색광고 API,2230,10700,중간,7,2026-09-12T08:34:49+09:00
K0909,고생물·미스터리,9,공룡종류,세부 검색어,12190,12190,8318,138,수집결과 내 집계,88.0739469024332,97.94772888709176,50.0,83.42129211734414,131,네이버 검색광고 API,990,11200,중간,7,2026-09-12T08:34:49+09:00
K0910,고생물·미스터리,10,프테라노돈,확장 주제어,10190,10190,2410,24,수집결과 내 집계,86.92872603787792,97.41923768676544,37.5,80.1901343249686,244,네이버 검색광고 API,600,9590,높음,3,2026-09-12T08:34:49+09:00
K0911,고생물·미스터리,11,메갈로돈,확장 주제어,8630,8630,2355,118,수집결과 내 집계,86.26749097431113,91.00262758294694,37.5,77.93453376203965,321,네이버 검색광고 API,1720,6910,낮음,0,2026-09-12T08:34:49+09:00
K0912,고생물·미스터리,12,오스트랄로피테쿠스,확장 주제어,8970,8970,2914,20,수집결과 내 집계,86.2426422007268,91.13610161235854,37.5,77.96215158407097,320,네이버 검색광고 API,1120,7850,중간,1,2026-09-12T08:34:49+09:00
K0913,고생물·미스터리,13,파키케팔로사우루스,확장 주제어,7600,7600,724,31,수집결과 내 집계,85.33456266105307,94.15589436144461,37.5,78.41404963895991,301,네이버 검색광고 API,560,7040,높음,3,2026-09-12T08:34:49+09:00
K0914,고생물·미스터리,14,알로사우루스,확장 주제어,7530,7530,1482,28,수집결과 내 집계,85.29070066826017,96.91847757069753,37.5,79.22089360533934,275,네이버 검색광고 API,410,7120,높음,3,2026-09-12T08:34:49+09:00
K0915,고생물·미스터리,15,호모사피엔스,확장 주제어,7510,7510,14812,164,수집결과 내 집계,76.44953153358014,95.17658095764959,37.5,74.27774005408494,445,네이버 검색광고 API,1140,6370,높음,3,2026-09-12T08:34:49+09:00
K0916,고생물·미스터리,16,기가노토사우루스,확장 주제어,6900,6900,806,17,수집결과 내 집계,84.80091824758729,95.22738045010662,37.5,78.46867325882563,299,네이버 검색광고 API,400,6500,높음,3,2026-09-12T08:34:49+09:00
K0917,고생물·미스터리,17,암모나이트,세부 검색어,7510,7510,4601,114,수집결과 내 집계,84.72859558862473,92.7929052977584,50.0,80.20216938363988,243,네이버 검색광고 API,930,6580,높음,10,2026-09-12T08:34:49+09:00
K0918,고생물·미스터리,18,도도새,확장 주제어,6450,6450,3875,65,수집결과 내 집계,84.57288152981543,90.68341812372894,37.5,76.9914662020264,345,네이버 검색광고 API,770,5680,중간,2,2026-09-12T08:34:49+09:00
K0919,고생물·미스터리,19,시조새,확장 주제어,6460,6460,10174,95,수집결과 내 집계,77.36057330748008,92.38857913572087,37.5,73.8968603944563,455,네이버 검색광고 API,1000,5460,낮음,0,2026-09-12T08:34:49+09:00
K0920,고생물·미스터리,20,삼엽충,확장 주제어,6110,6110,3298,81,수집결과 내 집계,83.65680324787313,92.12319677052163,37.5,76.96536065509305,346,네이버 검색광고 API,860,5250,중간,8,2026-09-12T08:34:49+09:00
K0921,고생물·미스터리,21,벨로키랍토르,확장 주제어,5010,5010,1093,44,수집결과 내 집계,82.86558962547687,98.0625080599682,37.5,78.3515472307289,308,네이버 검색광고 API,350,4660,높음,3,2026-09-12T08:34:49+09:00
K0922,고생물·미스터리,22,투구게,확장 주제어,4670,4670,1303,42,수집결과 내 집계,82.57975886404489,95.42343564045336,37.5,77.41691012415845,333,네이버 검색광고 API,490,4180,중간,5,2026-09-12T08:34:49+09:00
K0923,고생물·미스터리,23,마리아나해구,확장 주제어,4360,4360,1261,7,수집결과 내 집계,82.32825114617908,86.42484653935861,37.5,74.59157953489712,434,네이버 검색광고 API,640,3720,중간,1,2026-09-12T08:34:49+09:00
K0924,고생물·미스터리,24,네안데르탈인,확장 주제어,4190,4190,4838,105,수집결과 내 집계,80.34991063346604,90.60196679646236,37.5,74.85554535567172,424,네이버 검색광고 API,670,3520,중간,1,2026-09-12T08:34:49+09:00
K0925,고생물·미스터리,25,공룡이름,세부 검색어,3630,3630,20504,485,수집결과 내 집계,59.564680779040046,95.19678858504074,37.5,65.84137696503224,650,네이버 검색광고 API,310,3320,높음,3,2026-09-12T08:34:49+09:00
K0926,고생물·미스터리,26,익룡,확장 주제어,3340,3340,8475,156,수집결과 내 집계,68.90115612565047,90.78071855220804,37.5,69.18479362848765,562,네이버 검색광고 API,350,2990,중간,2,2026-09-12T08:34:49+09:00
K0927,고생물·미스터리,27,실러캔스,확장 주제어,3230,3230,1374,49,수집결과 내 집계,80.34824612673545,93.05759138877481,37.5,75.59140048000016,398,네이버 검색광고 API,560,2670,중간,2,2026-09-12T08:34:49+09:00
K0928,고생물·미스터리,28,케찰코아틀루스,확장 주제어,2790,2790,333,16,수집결과 내 집계,79.63391177791821,96.52994446987928,37.5,76.2759392299229,373,네이버 검색광고 API,240,2550,높음,3,2026-09-12T08:34:49+09:00
K0929,고생물·미스터리,29,지구나이,세부 검색어,2620,2620,21737,240,수집결과 내 집계,53.568267461961746,91.83328110615165,50.0,64.33411806282636,686,네이버 검색광고 API,310,2310,중간,1,2026-09-12T08:34:49+09:00
K0930,고생물·미스터리,30,잉카문명,확장 주제어,2620,2620,4758,37,수집결과 내 집계,71.95637108413956,89.92803185099731,37.5,70.45659509736898,536,네이버 검색광고 API,390,2230,높음,3,2026-09-12T08:34:49+09:00
K0931,고생물·미스터리,31,메가네우라,확장 주제어,2690,2690,250,19,수집결과 내 집계,79.16723414937684,95.9425368294257,37.5,75.86637812351613,392,네이버 검색광고 API,310,2380,중간,1,2026-09-12T08:34:49+09:00
K0932,고생물·미스터리,32,빙하기,확장 주제어,2270,2270,25331,345,수집결과 내 집계,48.05978054254424,83.3402112281407,37.5,56.53195363971433,847,네이버 검색광고 API,390,1880,높음,3,2026-09-12T08:34:49+09:00
K0933,고생물·미스터리,33,이집트피라미드,확장 주제어,2280,2280,26936,388,수집결과 내 집계,47.34417156085199,91.63783787163148,37.5,58.66343714191544,814,네이버 검색광고 API,390,1890,높음,7,2026-09-12T08:34:49+09:00
K0934,고생물·미스터리,34,티타노보아,확장 주제어,2170,2170,264,48,수집결과 내 집계,78.25357027754364,92.64156934346667,37.5,74.41925594181183,439,네이버 검색광고 API,380,1790,낮음,0,2026-09-12T08:34:49+09:00
K0935,고생물·미스터리,35,크로노사우루스,확장 주제어,2110,2110,176,2,수집결과 내 집계,78.1285167042536,98.10531443761688,37.5,75.99585268341187,385,네이버 검색광고 API,90,2020,높음,3,2026-09-12T08:34:49+09:00
K0936,고생물·미스터리,36,디플로도쿠스,확장 주제어,1920,1920,578,12,수집결과 내 집계,77.57163531578166,96.40567609970846,37.5,75.20752048780336,410,네이버 검색광고 API,180,1740,높음,3,2026-09-12T08:34:49+09:00
K0937,고생물·미스터리,37,테리지노사우루스,확장 주제어,1840,1840,485,23,수집결과 내 집계,77.5156952153128,97.26250870061187,37.5,75.43660021783997,403,네이버 검색광고 API,130,1710,높음,3,2026-09-12T08:34:49+09:00
K0938,고생물·미스터리,38,플레시오사우루스,확장 주제어,1750,1750,386,11,수집결과 내 집계,77.16820562192946,98.14888261137571,37.5,75.52876759437744,400,네이버 검색광고 API,120,1630,높음,3,2026-09-12T08:34:49+09:00
K0939,고생물·미스터리,39,디메트로돈,확장 주제어,1660,1660,560,30,수집결과 내 집계,76.8302459861544,97.99321631051838,37.5,75.31308788623271,407,네이버 검색광고 API,100,1560,중간,2,2026-09-12T08:34:49+09:00
K0940,고생물·미스터리,40,호모에렉투스,확장 주제어,1730,1730,1819,19,수집결과 내 집계,76.18467762152281,89.44859876439972,37.5,72.42691844008132,493,네이버 검색광고 API,310,1420,중간,1,2026-09-12T08:34:49+09:00
K0941,고생물·미스터리,41,고생대,확장 주제어,1700,1700,9935,193,수집결과 내 집계,53.96923062253443,84.21827247714283,37.5,59.75009705441006,787,네이버 검색광고 API,300,1400,높음,3,2026-09-12T08:34:49+09:00
K0942,고생물·미스터리,42,엘라스모사우루스,확장 주제어,1550,1550,261,11,수집결과 내 집계,76.40361213884061,96.61605056916548,37.5,74.68662124016996,429,네이버 검색광고 API,70,1480,높음,3,2026-09-12T08:34:49+09:00
K0943,고생물·미스터리,43,초식공룡,확장 주제어,1460,1460,6493,142,수집결과 내 집계,57.54358828529756,93.10108236043553,37.5,64.20211885077944,689,네이버 검색광고 API,160,1300,높음,3,2026-09-12T08:34:49+09:00
K0944,고생물·미스터리,44,암모나이트화석,세부 검색어,1510,1510,1526,43,수집결과 내 집계,75.83142586325935,96.36807541945883,50.0,76.82613555746732,349,네이버 검색광고 API,170,1340,높음,8,2026-09-12T08:34:49+09:00
K0945,고생물·미스터리,45,공룡화석,세부 검색어,1500,1500,11345,326,수집결과 내 집계,49.85259299353179,95.61851323623053,37.5,61.11185046763505,759,네이버 검색광고 API,200,1300,중간,8,2026-09-12T08:34:49+09:00
K0946,고생물·미스터리,46,백악기,확장 주제어,1380,1380,18236,321,수집결과 내 집계,44.009502368131024,87.83093746315008,37.5,55.85403242301054,856,네이버 검색광고 API,240,1140,높음,3,2026-09-12T08:34:49+09:00
K0947,고생물·미스터리,47,아르젠티노사우루스,확장 주제어,1380,1380,83,3,수집결과 내 집계,75.67894816131032,94.62026631134758,37.5,73.72555397405944,462,네이버 검색광고 API,80,1300,중간,2,2026-09-12T08:34:49+09:00
K0948,고생물·미스터리,48,스밀로돈,확장 주제어,1400,1400,581,27,수집결과 내 집계,75.64022055632523,89.57604477340088,37.5,72.19292371018288,495,네이버 검색광고 API,170,1230,높음,3,2026-09-12T08:34:49+09:00
K0949,고생물·미스터리,49,공룡시대,세부 검색어,1240,1240,7654,267,수집결과 내 집계,53.901496018844,89.6211915576064,37.5,61.33710547670392,750,네이버 검색광고 API,170,1070,높음,3,2026-09-12T08:34:49+09:00
K0950,고생물·미스터리,50,데이노니쿠스,확장 주제어,1270,1270,461,10,수집결과 내 집계,75.52245876053533,96.82263141846708,37.5,74.30801880580779,443,네이버 검색광고 API,130,1140,중간,1,2026-09-12T08:34:49+09:00
K0951,고생물·미스터리,51,생명의기원,세부 검색어,2050,2050,3480,72,수집결과 내 집계,63.239133838665616,80.58627502994045,50.0,65.79544942831494,651,네이버 검색광고 API,210,1840,높음,3,2026-09-12T08:34:49+09:00
K0952,고생물·미스터리,52,중생대,확장 주제어,1280,1280,9911,142,수집결과 내 집계,49.01348955897247,83.40766841263465,37.5,57.02904530327663,839,네이버 검색광고 API,180,1100,높음,3,2026-09-12T08:34:49+09:00
K0953,고생물·미스터리,53,오파츠,확장 주제어,1120,1120,2601,57,수집결과 내 집계,65.6809915196867,90.16498596815887,37.5,67.38999155029101,611,네이버 검색광고 API,240,880,중간,4,2026-09-12T08:34:49+09:00
K0954,고생물·미스터리,54,육식공룡,확장 주제어,1090,1090,8981,268,수집결과 내 집계,50.06413012058753,92.51936716036062,37.5,60.28787520840195,777,네이버 검색광고 API,50,1040,높음,3,2026-09-12T08:34:49+09:00
K0955,고생물·미스터리,55,검치호,확장 주제어,1260,1260,572,40,수집결과 내 집계,74.93882421369177,89.38067072510964,37.5,71.78361332437878,505,네이버 검색광고 API,180,1080,중간,1,2026-09-12T08:34:49+09:00
K0956,고생물·미스터리,56,심해생물,확장 주제어,1030,1030,5268,149,수집결과 내 집계,55.74824002157967,97.63016943087067,37.5,64.66317084005104,678,네이버 검색광고 API,160,870,높음,3,2026-09-12T08:34:49+09:00
K0957,고생물·미스터리,57,호모사피엔스뜻,확장 주제어,1150,1150,470,9,수집결과 내 집계,74.62335095100079,97.19529073031552,50.0,76.47026269459505,366,네이버 검색광고 API,190,960,낮음,0,2026-09-12T08:34:49+09:00
K0958,고생물·미스터리,58,신생대,확장 주제어,1200,1200,4993,67,수집결과 내 집계,55.64596728770691,82.96104251747192,37.5,60.21129639909503,779,네이버 검색광고 API,200,1000,높음,3,2026-09-12T08:34:49+09:00
K0959,고생물·미스터리,59,카르카로돈토사우루스,확장 주제어,1010,1010,325,7,수집결과 내 집계,74.19071989905109,90.83607824653086,37.5,71.8461834234848,502,네이버 검색광고 API,90,920,높음,3,2026-09-12T08:34:49+09:00
K0960,고생물·미스터리,60,둔클레오스테우스,확장 주제어,930,930,222,27,수집결과 내 집계,73.98754974215775,90.30881455594843,37.5,71.58641923786341,511,네이버 검색광고 API,110,820,높음,3,2026-09-12T08:34:49+09:00
K0961,고생물·미스터리,61,검치호랑이,확장 주제어,970,970,548,33,수집결과 내 집계,73.5584827133172,88.50315412814128,37.5,70.83018759510098,526,네이버 검색광고 API,110,860,중간,2,2026-09-12T08:34:49+09:00
K0962,고생물·미스터리,62,익룡종류,세부 검색어,860,860,158,5,수집결과 내 집계,73.03442875319212,95.48671729133179,50.0,75.1632295639956,412,네이버 검색광고 API,60,800,높음,3,2026-09-12T08:34:49+09:00
K0963,고생물·미스터리,63,삼엽충화석,세부 검색어,860,860,1289,35,수집결과 내 집계,67.25934809414667,96.07851149394163,37.5,69.95322749525582,546,네이버 검색광고 API,90,770,높음,7,2026-09-12T08:34:49+09:00
K0964,고생물·미스터리,64,아노말로카리스,확장 주제어,830,830,311,43,수집결과 내 집계,72.72139276915544,96.60301308080382,37.5,72.84160030881887,484,네이버 검색광고 API,130,700,중간,2,2026-09-12T08:34:49+09:00
K0965,고생물·미스터리,65,초식공룡종류,세부 검색어,790,790,502,9,수집결과 내 집계,72.65670209215195,97.82735622289766,50.0,75.67655791294527,396,네이버 검색광고 API,90,700,중간,2,2026-09-12T08:34:49+09:00
K0966,고생물·미스터리,66,멸종동물,세부 검색어,740,740,38423,478,수집결과 내 집계,26.463348207747817,85.8217883841902,50.0,48.97821061913097,934,네이버 검색광고 API,140,600,중간,6,2026-09-12T08:34:49+09:00
K0967,고생물·미스터리,67,다이어울프,확장 주제어,710,710,760,39,수집결과 내 집계,70.98132983585836,79.19288227825251,37.5,66.74852960140493,629,네이버 검색광고 API,170,540,높음,3,2026-09-12T08:34:49+09:00
K0968,고생물·미스터리,68,메가테리움,확장 주제어,580,580,155,16,수집결과 내 집계,71.42944619735178,85.09917130391774,37.5,68.74447448985121,575,네이버 검색광고 API,80,500,중간,1,2026-09-12T08:34:49+09:00
K0969,고생물·미스터리,69,대왕오징어크기,세부 검색어,620,620,317,17,수집결과 내 집계,71.34846927794156,97.42436683691176,62.5,77.4015446900443,334,네이버 검색광고 API,50,570,높음,3,2026-09-12T08:34:49+09:00
K0970,고생물·미스터리,70,나스카지상화,확장 주제어,570,570,769,13,수집결과 내 집계,68.0762677521102,95.53449627328574,37.5,70.19848275804083,539,네이버 검색광고 API,120,450,낮음,0,2026-09-12T08:34:49+09:00
K0971,고생물·미스터리,71,트라이아스기,확장 주제어,580,580,2117,51,수집결과 내 집계,54.60280706579388,93.235731019791,37.5,62.77212283883424,726,네이버 검색광고 API,90,490,중간,2,2026-09-12T08:34:49+09:00
K0972,고생물·미스터리,72,어룡,확장 주제어,560,560,7855,245,수집결과 내 집계,37.87466658920573,92.70294304470838,37.5,54.24821620801538,877,네이버 검색광고 API,60,500,낮음,0,2026-09-12T08:34:49+09:00
K0973,고생물·미스터리,73,육식공룡종류,세부 검색어,530,530,489,11,수집결과 내 집계,70.65633210145529,92.65578956643077,50.0,73.12490292065688,475,네이버 검색광고 API,60,470,중간,2,2026-09-12T08:34:49+09:00
K0974,고생물·미스터리,74,수장룡,확장 주제어,520,520,838,14,수집결과 내 집계,64.43835831571015,91.48549480439854,37.5,67.16482759917463,618,네이버 검색광고 API,90,430,중간,1,2026-09-12T08:34:49+09:00
K0975,고생물·미스터리,75,인간진화과정,세부 검색어,450,450,2346,21,수집결과 내 집계,51.42060235333865,76.56477192500842,37.5,56.17973275417185,853,네이버 검색광고 API,40,410,중간,1,2026-09-12T08:34:49+09:00
K0976,고생물·미스터리,76,페름기대멸종,세부 검색어,620,620,412,30,수집결과 내 집계,70.46954960157667,83.25746453067406,50.0,70.21201415999056,538,네이버 검색광고 API,110,510,중간,1,2026-09-12T08:34:49+09:00
K0977,고생물·미스터리,77,할루키게니아,확장 주제어,710,710,82,23,수집결과 내 집계,70.37384898704221,79.59655834227007,37.5,66.56589199620213,634,네이버 검색광고 API,90,620,낮음,0,2026-09-12T08:34:49+09:00
K0978,고생물·미스터리,78,쥐라기,확장 주제어,480,480,8859,117,수집결과 내 집계,34.016401184543874,82.93632447095376,37.5,49.38909793355806,929,네이버 검색광고 API,80,400,중간,2,2026-09-12T08:34:49+09:00
K0979,고생물·미스터리,79,마리아나해구깊이,세부 검색어,460,460,120,0,수집결과 내 집계,69.97439713969328,90.18992243524693,62.5,74.54417530042072,435,네이버 검색광고 API,70,390,낮음,0,2026-09-12T08:34:49+09:00
K0980,고생물·미스터리,80,메갈로돈크기,세부 검색어,460,460,313,35,수집결과 내 집계,69.54533011085272,97.4047735199226,62.5,76.49409711140314,365,네이버 검색광고 API,50,410,중간,2,2026-09-12T08:34:49+09:00
K0981,고생물·미스터리,81,공룡멸종,세부 검색어,420,420,7616,215,수집결과 내 집계,33.90953110664861,84.42165384995897,50.0,52.281261708311995,898,네이버 검색광고 API,60,360,중간,2,2026-09-12T08:34:49+09:00
K0982,고생물·미스터리,82,대왕고래크기,세부 검색어,410,410,227,3,수집결과 내 집계,69.54533011085272,97.97565057542003,62.5,76.66536022805236,361,네이버 검색광고 API,40,370,중간,2,2026-09-12T08:34:49+09:00
K0983,고생물·미스터리,83,페름기,확장 주제어,410,410,1339,71,수집결과 내 집계,54.33468602992823,88.2043305875873,37.5,61.1286421912403,758,네이버 검색광고 API,80,330,낮음,0,2026-09-12T08:34:49+09:00
K0984,고생물·미스터리,84,데니소바인,확장 주제어,420,420,419,26,수집결과 내 집계,68.27838331947115,94.23363978467526,37.5,69.90928359513815,547,네이버 검색광고 API,100,320,중간,1,2026-09-12T08:34:49+09:00
K0985,고생물·미스터리,85,고래상어크기,세부 검색어,350,350,593,11,수집결과 내 집계,63.368222058967035,96.92307692307692,62.5,73.26103410640658,473,네이버 검색광고 API,30,320,중간,1,2026-09-12T08:34:49+09:00
K0986,고생물·미스터리,86,공룡멸종시기,세부 검색어,350,350,142,4,수집결과 내 집계,68.83549265962691,94.84891169289067,50.0,72.87241983768065,482,네이버 검색광고 API,60,290,중간,1,2026-09-12T08:34:49+09:00
K0987,고생물·미스터리,87,오파비니아,확장 주제어,400,400,264,43,수집결과 내 집계,68.83549265962691,90.69885571336876,37.5,69.12740304382407,563,네이버 검색광고 API,60,340,중간,1,2026-09-12T08:34:49+09:00
K0988,고생물·미스터리,88,피라미드높이,세부 검색어,330,330,1487,13,수집결과 내 집계,48.26459514355785,80.48531100291542,62.5,60.77789087265355,770,네이버 검색광고 API,40,290,높음,3,2026-09-12T08:34:49+09:00
K0989,고생물·미스터리,89,이스터섬모아이,확장 주제어,350,350,2168,20,수집결과 내 집계,43.09148380005198,,37.5,,,네이버 검색광고 API,30,320,높음,3,2026-09-12T08:34:49+09:00
K0990,고생물·미스터리,90,이집트미라,확장 주제어,270,270,5642,54,수집결과 내 집계,31.47383805792772,93.89796046175006,37.5,51.406307167488876,909,네이버 검색광고 API,40,230,높음,3,2026-09-12T08:34:49+09:00
K0991,고생물·미스터리,91,석탄기,확장 주제어,260,260,1046,38,수집결과 내 집계,48.37235285008804,85.6779203816629,37.5,57.38955253954289,831,네이버 검색광고 API,40,220,높음,3,2026-09-12T08:34:49+09:00
K0992,고생물·미스터리,92,보이니치문서,확장 주제어,200,200,115,4,수집결과 내 집계,66.9125190087628,95.01877754823566,37.5,69.4618927688521,557,네이버 검색광고 API,30,170,낮음,0,2026-09-12T08:34:49+09:00
K0993,고생물·미스터리,93,백상아리크기,세부 검색어,180,180,235,15,수집결과 내 집계,65.10355879155541,97.60416685431991,62.5,74.33302945207367,442,네이버 검색광고 API,20,160,중간,2,2026-09-12T08:34:49+09:00
K0994,고생물·미스터리,94,시조새화석,세부 검색어,230,230,385,11,수집결과 내 집계,57.11447983131019,86.77264311126534,37.5,62.089032849034695,737,네이버 검색광고 API,30,200,높음,3,2026-09-12T08:34:49+09:00
K0995,고생물·미스터리,95,지구탄생,확장 주제어,180,180,18812,187,수집결과 내 집계,15.240644178480137,75.29051587834273,37.5,37.707476852742886,978,네이버 검색광고 API,20,160,중간,2,2026-09-12T08:34:49+09:00
K0996,고생물·미스터리,96,대멸종원인,세부 검색어,210,210,393,8,수집결과 내 집계,55.96101131073633,,62.5,,,네이버 검색광고 API,30,180,중간,1,2026-09-12T08:34:49+09:00
K0997,고생물·미스터리,97,살아있는화석,세부 검색어,160,160,3992,58,수집결과 내 집계,27.32995727572551,83.28341581929564,37.5,46.150003383651445,960,네이버 검색광고 API,20,140,높음,3,2026-09-12T08:34:49+09:00
K0998,고생물·미스터리,98,인류진화,확장 주제어,150,150,30739,400,수집결과 내 집계,10.98009669998811,81.92956900884745,37.5,37.56891905264829,979,네이버 검색광고 API,30,120,낮음,0,2026-09-12T08:34:49+09:00
K0999,고생물·미스터리,99,공룡수명,세부 검색어,150,159,248,7,수집결과 내 집계,57.73402341534232,86.81185989338341,62.5,67.41056967568619,609,네이버 검색광고 API,0,150,낮음,0,2026-09-12T08:34:49+09:00
K1000,고생물·미스터리,100,티라노사우루스크기,세부 검색어,110,110,697,53,수집결과 내 집계,39.51731575374133,82.56115045867043,62.5,57.02700301447179,840,네이버 검색광고 API,10,100,높음,3,2026-09-12T08:34:49+09:00
