topic_id,날짜,카테고리,구분,주제,선정 근거,기사1 제목,기사1 URL,기사1 출처,기사1 도메인,기사2 제목,기사2 URL,기사2 출처,기사2 도메인,기사3 제목,기사3 URL,기사3 출처,기사3 도메인,작성 여부,발행 여부,작성일,발행일,발행 URL,메모
379b8521205bbf2d,2026-09-23,패션뷰티,일반,﻿콜라겐 다음은 무엇인가… 중국 화장품 원료 기술전쟁 [박지민의 중국...,네이버뉴스 등 3개 기사,﻿콜라겐 다음은 무엇인가… 중국 화장품 원료 기술전쟁 [박지민의 중국...,https://it.chosun.com/news/articleView.html?idxno=2023092170733,네이버뉴스,it.chosun.com,'예쁜 화장품 ' 넘어… 기술로 승부한다,https://www.pressman.kr/news/articleView.html?idxno=103753,네이버뉴스,pressman.kr,"에누리 가격비교 , ' 뷰티 디바이스 전문관' 오픈…""제품·기술·화장품 정...",https://daily.hankooki.com/news/articleView.html?idxno=1407334,네이버뉴스,daily.hankooki.com,미작성,미발행,,,,
269957c42ad4bc7a,2026-09-23,패션뷰티,일반,"패치, 뷰티 새 격전지… 성분 넘어 기술·패션 경쟁",네이버뉴스 등 3개 기사,"패치, 뷰티 새 격전지… 성분 넘어 기술·패션 경쟁",http://www.ktnews.com/news/articleView.html?idxno=148803,네이버뉴스,ktnews.com,한·중 뷰티인 장춘서 만났다…K-뷰티 기술 넘어 ‘인재 교류’로,https://tk.newdaily.co.kr/site/data/html/2026/09/18/2026091800031.html,네이버뉴스,tk.newdaily.co.kr,"에누리 가격비교 , 뷰티 디바이스 기술·성분 정보 한곳에 구성",http://www.lawissue.co.kr/view.php?ud=202609172007404525204ead0791_12,네이버뉴스,lawissue.co.kr,미작성,미발행,,,,
3f3a9844deadd19a,2026-09-23,패션뷰티,일반,체험·수출상담·한중일 서밋까지… 수원시 뷰티박람회 11월 열린다,네이버뉴스 등 3개 기사,체험·수출상담·한중일 서밋까지… 수원시 뷰티박람회 11월 열린다,https://www.newscj.com/news/articleView.html?idxno=3434669,네이버뉴스,newscj.com,"수원시, '2026 뷰티썸 수원' 11월 개최…120개 기업 참여",https://www.jeonmae.co.kr/news/articleView.html?idxno=1295549,네이버뉴스,jeonmae.co.kr,"수원시, 'K-뷰티' 중심지 도약…역대 최대 규모 '2026 뷰티썸 수원' 11월...",https://www.joongangenews.com/news/articleView.html?idxno=549693,네이버뉴스,joongangenews.com,미작성,미발행,,,,
433c0b161cb59502,2026-09-23,패션뷰티,일반,"레이디비즈, 성수 이어 '무신사 뷰티 홍대' 입점…오프라인 접점 확대",네이버뉴스 등 3개 기사,"레이디비즈, 성수 이어 '무신사 뷰티 홍대' 입점…오프라인 접점 확대",https://edu.donga.com/news/articleView.html?idxno=112224,네이버뉴스,edu.donga.com,"더프트앤도프트, '무신사 뷰티 홍대' 입점… 오프라인 향 경험 확장",http://www.sisunnews.co.kr/news/articleView.html?idxno=246580,네이버뉴스,sisunnews.co.kr,"루디아 프레그런스, '무신사 뷰티 홍대' 온누리약국 입점",https://www.businesskorea.co.kr/news/articleView.html?idxno=277553,네이버뉴스,businesskorea.co.kr,미작성,미발행,,,,
c04e01287720e1ac,2026-09-23,패션뷰티,일반,K-뷰티 등판시킨 美 타깃…600개 매장에 韓 화장품 깃발,네이버뉴스 등 3개 기사,K-뷰티 등판시킨 美 타깃…600개 매장에 韓 화장품 깃발,https://www.news1.kr/industry/general-industry/6298736,네이버뉴스,news1.kr,' 화장품 과 제약 사이' 새로운 경쟁 무대 생겼다 [최기자의 뷰티 인사이...,https://www.meconomynews.com/news/articleView.html?idxno=201907,네이버뉴스,meconomynews.com,"[2026 전남광주뷰티산업전] 아름다운상상, 자체 화장품 맞춤형 K-뷰티 브...",https://www.etnews.com/20260918000233,네이버뉴스,etnews.com,미작성,미발행,,,,
306631ff404714dd,2026-09-23,카테크 · 자동차,일반,현대차 공들인 인도 시장에도 中 기술의 '우회 침투' 변수로,네이버뉴스 등 3개 기사,현대차 공들인 인도 시장에도 中 기술의 '우회 침투' 변수로,https://it.chosun.com/news/articleView.html?idxno=2023092170700,네이버뉴스,it.chosun.com,"[단독] 현대차, 美 '싼타페 EREV' 생산라인 구축 착수…시장 공략 강화 ...",https://www.etoday.co.kr/news/view/2628479,네이버뉴스,etoday.co.kr,"현대모비스, 협력사에 ‘성장 실탄’…기술 이어 금융지원 확대",https://www.dailian.co.kr/news/view/1693692/?sc=Naver,네이버뉴스,dailian.co.kr,미작성,미발행,,,,
6cee28ffdbd52125,2026-09-23,카테크 · 자동차,일반,전기차 '배터리 월세' 시대 임박…차값 확 내릴까,네이버뉴스 등 3개 기사,전기차 '배터리 월세' 시대 임박…차값 확 내릴까,https://biz.sbs.co.kr/article_hub/20000336330?division=NAVER,네이버뉴스,biz.sbs.co.kr,전기차 배터리 소유권 분리 논의...초기 차값 부담 낮출까,https://www.news2day.co.kr/article/20260922500223,네이버뉴스,news2day.co.kr,"與, 전기차 배터리 소유권 분리·대여사업 제도화 추진…野 ""소비자 보...",https://www.gukjenews.com/news/articleView.html?idxno=3703388,네이버뉴스,gukjenews.com,미작성,미발행,,,,
8492adce8f5e7c62,2026-09-23,카테크 · 자동차,일반,"사우디아라비아의 CEER, 플래그십 전기차 엑소봇(EXOBOT) 공개",모터그래프코리아 - 전체기사 등 3개 기사,"사우디아라비아의 CEER, 플래그십 전기차 엑소봇(EXOBOT) 공개",https://www.motorgraph.com/news/articleView.html?idxno=44577,모터그래프코리아 - 전체기사,motorgraph.com,"사우디 첫 '토종' 전기차 브랜드 시어, 플래그십 세단·SUV 세계 최초 공...",https://www.edaily.co.kr/News/Read?newsId=04647766645582744&mediaCodeNo=257&utm_source=naver&utm_medium=referral&utm_campaign=news_syndication&utm_content=original_article,네이버뉴스,edaily.co.kr,“석유만 팔던 사우디가 車 만든다”…왕세자가 직접 공개한 첫 전기차 ...,https://biz.heraldcorp.com/article/10882486?ref=naver,네이버뉴스,biz.heraldcorp.com,미작성,미발행,,,,
106f40b589a9a198,2026-09-23,카테크 · 자동차,일반,"2026년 9월 중고차 시세, 하락 폭 줄고 테슬라 2개월 연속 상승",모터그래프코리아 - 전체기사 등 3개 기사,"2026년 9월 중고차 시세, 하락 폭 줄고 테슬라 2개월 연속 상승",https://www.motorgraph.com/news/articleView.html?idxno=44576,모터그래프코리아 - 전체기사,motorgraph.com,"수입차 2년 연속 판매 30만 대 돌파 유력, '테슬라·BYD' 전기차 강세와...",https://www.businesspost.co.kr/BP?command=article_view&num=447835,네이버뉴스,businesspost.co.kr,중고차 값 떨어지는데 테슬라는 ‘역주행’…모델Y 4%대↑,https://www.mk.co.kr/article/12159353,네이버뉴스,mk.co.kr,미작성,미발행,,,,
3866dd41b9c5a040,2026-09-23,카테크 · 자동차,일반,"""당혹한 경험 피하려면?""…추석 연휴 장거리 운행 대비 '차량 관리 ' 팁",네이버뉴스 등 3개 기사,"""당혹한 경험 피하려면?""…추석 연휴 장거리 운행 대비 '차량 관리 ' 팁",https://weekly.hankooki.com/news/articleView.html?idxno=7185454,네이버뉴스,weekly.hankooki.com,"베트남 최대 차량호출社 GSM, '업계 최초' 운전기사 운행료수입 100% 보장...",https://www.insidevina.com/news/articleView.html?idxno=44123,네이버뉴스,insidevina.com,[명절 장거리 뛸 자동차 관리 요령] 출발 전 정비소에서 사전점검 필수,https://www.naeil.com/news/read/603145?ref=naver,네이버뉴스,naeil.com,미작성,미발행,,,,
cee10ef63665c343,2026-09-23,카테크 · IT,일반,"튜링 GPAI, 대학생 겨냥 신기능 대거 출시…“셀프 문제출시 가능”",네이버뉴스 등 3개 기사,"튜링 GPAI, 대학생 겨냥 신기능 대거 출시…“셀프 문제출시 가능”",https://www.sedaily.com/article/20094118?ref=naver,네이버뉴스,sedaily.com,"튜링 GPAI, 대학생 겨냥 신기능 대거 출시…""자료 정리·시험 대비·발표...",https://www.aitimes.com/news/articleView.html?idxno=215580,네이버뉴스,aitimes.com,"튜링, 대학생 AI 앱 'GPAI' 기능 확대…문제생성· AI 드라이브·PPT 추가",https://www.epnc.co.kr/news/articleView.html?idxno=407305,네이버뉴스,epnc.co.kr,미작성,미발행,,,,
27ae3815757a9671,2026-09-23,카테크 · IT,일반,"퀄컴, 온디바이스 AI 스마트폰 칩 2종 공개",네이버뉴스 등 3개 기사,"퀄컴, 온디바이스 AI 스마트폰 칩 2종 공개",https://www.tokenpost.kr/news/ai/412443,네이버뉴스,tokenpost.kr,"[미국 특징주] 퀄컴, 에이전틱 AI 겨냥 스마트폰 칩 2종 공개",https://www.newspim.com/news/view/20260923000054,네이버뉴스,newspim.com,"퀄컴, 에이젠틱AI 최적화한 '스냅드래곤 8' 시리즈 공개",http://www.beyondpost.co.kr/view.php?ud=2026092306170478592aaae0046f_30,네이버뉴스,beyondpost.co.kr,미작성,미발행,,,,
eb1ea6dbc91d5892,2026-09-23,카테크 · IT,일반,애플 첫 폴더블 아이폰 디자인엔 감탄…삼성과 101만 원 차이에 소비자...,네이버뉴스 등 3개 기사,애플 첫 폴더블 아이폰 디자인엔 감탄…삼성과 101만 원 차이에 소비자...,https://www.koreajoongangdaily.com/bilingual-news/aepeul-cheos-poldeobeul-aipon-dijainen-gamtansamseonggwa-101man-won-chaie-sobijasimli-dolaseo/12882082,네이버뉴스,koreajoongangdaily.com,"카카오페이손해보험, 아이폰18에 ‘100원 보험’…애플케어+와 비용 비...",http://www.thevaluenews.co.kr/news/view.php?idx=201732,네이버뉴스,thevaluenews.co.kr,"'101만원 더 비싸도 산다'…통신 3사, 아이폰 듀오 선점 경쟁",https://www.ebn.co.kr/news/articleView.html?idxno=1725255,네이버뉴스,ebn.co.kr,미작성,미발행,,,,
fbad61bf739264c8,2026-09-23,카테크 · IT,일반,스마트폰 앱 가고 에이전틱AI 시대 온다,네이버뉴스 등 3개 기사,스마트폰 앱 가고 에이전틱AI 시대 온다,https://zdnet.co.kr/view/?no=20260923063855,네이버뉴스,zdnet.co.kr,“삼전닉스에 역대급 기회 온다?”…‘AI 에이전트’ 뭐길래? [잇슈 머니...,https://news.kbs.co.kr/news/pc/view/view.do?ncd=8670021&ref=A,네이버뉴스,news.kbs.co.kr,"[스냅드래곤 서밋 2026] 퀄컴 "" 스마트폰 이 이용자 대신 행동하는 에이전...",http://www.inews24.com/view/2008534,네이버뉴스,inews24.com,미작성,미발행,,,,
182ec3fe7b15df9a,2026-09-23,카테크 · IT,일반,"[스냅드래곤 서밋] 아담 젱 샤오미 사장 ""샤오미 18 프로 세계 첫 탑재""...",네이버뉴스 등 3개 기사,"[스냅드래곤 서밋] 아담 젱 샤오미 사장 ""샤오미 18 프로 세계 첫 탑재""...",https://www.ddaily.co.kr/page/view/2026092307221647072,네이버뉴스,ddaily.co.kr,"[스냅드래곤 서밋] 퀄컴, 차세대 스냅드래곤 8 엘리트 공개… 모바일 CP...",https://biz.chosun.com/it-science/ict/2026/09/23/MQBEVXLJLJGILAGZULC7PDUFFE/?utm_source=naver&utm_medium=original&utm_campaign=biz,네이버뉴스,biz.chosun.com,"[스냅드래곤 서밋] 2나노 전쟁, 퀄컴의 승부수는?",https://www.econovill.com/news/articleView.html?idxno=751487,네이버뉴스,econovill.com,미작성,미발행,,,,
5e466ecb88e248cb,2026-09-23,스포츠,일반,"이강인에 태클당한 발베르데, 발목 3도 염좌...한국전 결장",네이버뉴스 등 3개 기사,"이강인에 태클당한 발베르데, 발목 3도 염좌...한국전 결장",https://www.edaily.co.kr/News/Read?newsId=02660086645583072&mediaCodeNo=257&utm_source=naver&utm_medium=referral&utm_campaign=news_syndication&utm_content=original_article,네이버뉴스,edaily.co.kr,"이강인 태클에 발목 다친 발베르데, 한국과 A매치 출전 불발",https://news.sbs.co.kr/news/endPage.do?news_id=N1008766986&plink=RSSLINK&cooper=RSSREADER,스포츠 - SBS 뉴스 섹션,news.sbs.co.kr,"이강인 태클 파장 일파만파, '레알 마드리드 vs 라리가' 싸움으로 번졌...",https://www.xportsnews.com/article/2199201,네이버뉴스,xportsnews.com,미작성,미발행,,,,
9979dbd2e95b3641,2026-09-23,스포츠,일반,"여성 심판 손 꽉 잡고 “이건 남자의 경기” 외친 MLS 2군 감독, 결국 해...",네이버뉴스 등 3개 기사,"여성 심판 손 꽉 잡고 “이건 남자의 경기” 외친 MLS 2군 감독, 결국 해...",https://sports.khan.co.kr/article/202609230820003?pt=nv,네이버뉴스,sports.khan.co.kr,"여성 심판 손 꽉 잡고 ""이건 남자 경기""…MLS 2군 팀 감독 해임",https://news.sbs.co.kr/news/endPage.do?news_id=N1008767040&plink=RSSLINK&cooper=RSSREADER,스포츠 - SBS 뉴스 섹션,news.sbs.co.kr,"""남자 경기"" 발언 논란…콜럼버스 크루 2군 이과인 감독 해임",https://www.topstarnews.net/news/articleView.html?idxno=16208120,네이버뉴스,topstarnews.net,미작성,미발행,,,,
5f1b1779a1d5057a,2026-09-23,스포츠,일반,"말본, LG트윈스와 스포츠 협업 확대…골프· 야구 아우른 18종 선봬",네이버뉴스 등 3개 기사,"말본, LG트윈스와 스포츠 협업 확대…골프· 야구 아우른 18종 선봬",https://www.pinpointnews.co.kr/news/articleView.html?idxno=489807,네이버뉴스,pinpointnews.co.kr,"말본, 야구 를 만나다…‘말본X LG트윈스’ 협업 컬렉션 출시…오스틴-댈...",https://swtvnews.com/news/newsview.php?ncode=1065566088308440,네이버뉴스,swtvnews.com,"말본, 오스틴 딘과 협업 화보 'LG트윈스 컬렉션' 출시",http://www.beyondpost.co.kr/view.php?ud=20260923080545954846a9e4dd7f_30,네이버뉴스,beyondpost.co.kr,미작성,미발행,,,,
c73cad9a16f21e11,2026-09-23,스포츠,일반,"SPOTV, 추석 연휴 골프·축구· 야구 주요 경기 생중계",네이버뉴스 등 3개 기사,"SPOTV, 추석 연휴 골프·축구· 야구 주요 경기 생중계",https://www.slist.kr/news/articleView.html?idxno=768304,네이버뉴스,slist.kr,"[오늘의 주요일정·23일] 복지부, 추석 연휴 응급의료체계 점검",https://www.safetimes.co.kr/news/articleView.html?idxno=245954,네이버뉴스,safetimes.co.kr,"""이건 남자의 경기""…여성 심판 모욕한 축구 감독 해임",https://www.jnilbo.com/news/articleView.html?idxno=90000068245,네이버뉴스,jnilbo.com,미작성,미발행,,,,
9a521cf3d6b8b574,2026-09-23,스포츠,일반,"'만루포 폭발' 힐리어드, 시즌 38호 홈런…김도영·오스틴 턱밑 추격",네이버뉴스 등 3개 기사,"'만루포 폭발' 힐리어드, 시즌 38호 홈런…김도영·오스틴 턱밑 추격",https://www.nocutnews.co.kr/news/6582417?utm_source=naver&utm_medium=article&utm_campaign=20260923080431,네이버뉴스,nocutnews.co.kr,힐리어드 '38호포' 그랜드슬램으로 장식…김도영·오스틴 턱밑 추격,https://news.sbs.co.kr/news/endPage.do?news_id=N1008766726&plink=RSSLINK&cooper=RSSREADER,스포츠 - SBS 뉴스 섹션,news.sbs.co.kr,"'힐리어드 쐐기 만루포' 선두 KT, SSG 꺾고 3연승…삼성, NC 꺾고 2연패 탈출(종합)",https://www.newsis.com/view/NISX20260922_0003801090,스포츠,newsis.com,미작성,미발행,,,,
0f74146d62d5fb84,2026-09-23,방송연예,일반,추석 안방극장 ‘풍성’…이승철·이은결부터 ‘왕과 사는 남자’까지,네이버뉴스 등 3개 기사,추석 안방극장 ‘풍성’…이승철·이은결부터 ‘왕과 사는 남자’까지,https://www.sportsworldi.com/newsView/20260923503335,네이버뉴스,sportsworldi.com,"1693만 관객 모은 영화 '왕과 사는 남자', 추석 연휴 TV 최초 방송…시청...",https://www.topstarnews.net/news/articleView.html?idxno=16207238,네이버뉴스,topstarnews.net,"1600만 영화 '왕과 사는 남자', 26일 SBS서 본다",https://www.newsis.com/view/NISX20260922_0003800579,연예,newsis.com,미작성,미발행,,,,
80231f71b8e28de2,2026-09-23,방송연예,일반,‘신병4’ 이정현·김희수 전역에 자체 최고 4.8%…월화극 1위 [시청률 ...,네이버뉴스 등 3개 기사,‘신병4’ 이정현·김희수 전역에 자체 최고 4.8%…월화극 1위 [시청률 ...,http://www.celuvmedia.com/article.php?aid=1790120748528162006,네이버뉴스,celuvmedia.com,'신병4 : 사보타주' 이정현·김희수 전역…자체 최고 4.8%,https://www.slist.kr/news/articleView.html?idxno=768256,네이버뉴스,slist.kr,'신병4' 종영까지 단 2회⋯말년 병장 전역에 자체 최고 시청률,https://www.etoday.co.kr/news/view/2628884,네이버뉴스,etoday.co.kr,미작성,미발행,,,,
574ac1801860877a,2026-09-23,방송연예,일반,"[클로즈업 필름]광야에 선 이창동, 새 경지를 열다 '가능한 사랑'",연예 등 3개 기사,"[클로즈업 필름]광야에 선 이창동, 새 경지를 열다 '가능한 사랑'",https://www.newsis.com/view/NISX20260923_0003801290,연예,newsis.com,"'가능한 사랑' 이창동 감독 ""창작자의 윤리 문제, 기준과 선 여전히 고민""",https://news.sbs.co.kr/news/endPage.do?news_id=N1008765251&plink=RSSLINK&cooper=RSSREADER,방송/연예 - SBS 뉴스 섹션,news.sbs.co.kr,일흔둘 이창동의 10년 사색... 조여정 얼굴로 ‘가능한 사랑’ 찾았다,https://www.womennews.co.kr/news/articleView.html?idxno=282446,네이버뉴스,womennews.co.kr,미작성,미발행,,,,
d76563c0371fc949,2026-09-23,방송연예,일반,"'연예계 최고령 산모' 47세 한다감, 결혼 6년 만에 아들 출산",네이버뉴스 등 3개 기사,"'연예계 최고령 산모' 47세 한다감, 결혼 6년 만에 아들 출산",https://www.fnnews.com/news/202609230800544788,네이버뉴스,fnnews.com,"'1살 연상 사업가♥' 한다감, 47세에 엄마 됐다…연예계 최고령 산모 등...",https://www.tenasia.co.kr/article/2026092322964,네이버뉴스,tenasia.co.kr,"한다감, 47세에 첫아들 출산…산모·아기 모두 건강",https://news.tf.co.kr/read/entertain/2369197.htm,네이버뉴스,news.tf.co.kr,미작성,미발행,,,,
e53acffea927b8ae,2026-09-23,고생물,일반,런던 자연사박물관 서 63년 동안 잠든 화석…‘가장 오래된 공룡’ 기록...,네이버뉴스 등 3개 기사,런던 자연사박물관 서 63년 동안 잠든 화석…‘가장 오래된 공룡’ 기록...,https://www.seoul.co.kr/news/plan/science-story/2026/09/21/20260921500245?wlog_tag3=naver,네이버뉴스,seoul.co.kr,"2억4천만년 전 화석 이 바꾼 공룡 의 역사…“최초 공룡 시기, 1000만년 늦...",https://www.mk.co.kr/article/12156152,네이버뉴스,mk.co.kr,공룡 멸종했는데 새는 생존...똥 화석 에 숨겨진 단서 발견,http://www.wowtv.co.kr/NewsCenter/News/Read?articleId=A202609110312&t=NN,네이버뉴스,wowtv.co.kr,미작성,미발행,,,,
0124fc25f10f9597,2026-09-23,경제 · 한국 주식,일반,프리마켓서 삼성전자 28만선 탈환…간밤 美반도체 강세 훈풍 [마켓시그...,네이버뉴스 등 3개 기사,프리마켓서 삼성전자 28만선 탈환…간밤 美반도체 강세 훈풍 [마켓시그...,https://www.sedaily.com/article/20094296?ref=naver,네이버뉴스,sedaily.com,"[마켓뷰] 美반도체 훈풍…'7천피' 탈환한 코스피 , 기세 이어가나",https://www.yna.co.kr/view/AKR20260922022800008?input=1195m,네이버뉴스,yna.co.kr,"[마켓 프리뷰] 美 반도체주 상승에 나스닥 연이틀 신고가…코스피, 상승...",https://www.ajunews.com/view/20260923081740773,네이버뉴스,ajunews.com,미작성,미발행,,,,
0cd0127727a625a2,2026-09-23,경제 · 한국 주식,일반,코스피 '7천피' 지킬까…추석 연휴 앞두고 시험대,네이버뉴스 등 3개 기사,코스피 '7천피' 지킬까…추석 연휴 앞두고 시험대,https://www.jnilbo.com/news/articleView.html?idxno=90000068246,네이버뉴스,jnilbo.com,"[AI MY 증시 전망] 코스피, 추석 연휴 직전 상승 전망…반도체 강세 '주목...",https://www.newspim.com/news/view/20260923000097,네이버뉴스,newspim.com,"반도체 훈풍 탄 코스피 , 추석 앞두고 4일째 오를까",https://www.kbmaeil.com/article/20260923500022,네이버뉴스,kbmaeil.com,미작성,미발행,,,,
2cbbb9afcf40a780,2026-09-23,경제 · 한국 주식,일반,"[국제금융 브리핑] 트럼프, 중간선거 이후 이란 합의 가능성 언급...브렌...",네이버뉴스 등 3개 기사,"[국제금융 브리핑] 트럼프, 중간선거 이후 이란 합의 가능성 언급...브렌...",https://www.tokenpost.kr/news/economy/412490,네이버뉴스,tokenpost.kr,미·이란 주시하며 혼조 마감…나스닥 사상 최고치 [뉴욕증시 브리핑],https://www.hankyung.com/article/2026092323296,한국경제 | 뉴스 | 증권,hankyung.com,"[ 증시 전략] 美-이란 유엔서 3시간 회담…트럼프 ""매우 잘 됐다""",https://biz.sbs.co.kr/article_hub/20000336371?division=NAVER,네이버뉴스,biz.sbs.co.kr,미작성,미발행,,,,
c3bf7f1a43b14f93,2026-09-23,경제 · 한국 주식,일반,[개장 전 주요 공시] 현대건설·SKC·카카오·포스코퓨처엠 등,네이버뉴스 등 3개 기사,[개장 전 주요 공시] 현대건설·SKC·카카오·포스코퓨처엠 등,https://www.g-enews.com/view.php?ud=202609230831564681923c501012_1,네이버뉴스,g-enews.com,9월 23일 개장 전 주요 공시,https://www.seoulfn.com/news/articleView.html?idxno=638594,네이버뉴스,seoulfn.com,"[주요공시] 셀리드, 멀티캠퍼스, 포스코퓨처엠, 보령, 아이파크현대산업...",https://www.kdpress.co.kr/news/articleView.html?idxno=208847,네이버뉴스,kdpress.co.kr,미작성,미발행,,,,
8ace9baa6bee1d29,2026-09-23,경제 · 한국 주식,일반,"9월 소비심리 한 달 만에 반등…""집값 상승 기대 여전히 높아""",네이버뉴스 등 3개 기사,"9월 소비심리 한 달 만에 반등…""집값 상승 기대 여전히 높아""",https://news.sbs.co.kr/news/endPage.do?news_id=N1008767059&plink=ORI&cooper=NAVER,네이버뉴스,news.sbs.co.kr,"[ 이슈 체크] 소비심리 한 달 만에 반등…""소득여건 개선 기대""",https://www.tfmedia.co.kr/news/article.html?no=207427,네이버뉴스,tfmedia.co.kr,소비심리 한 달 만에 반등…금리전망 약 3년 만에 최고,http://www.yonhapnewstv.co.kr/news/AKR20260922173946ryc,네이버뉴스,yonhapnewstv.co.kr,미작성,미발행,,,,
459c2f2b769e648c,2026-09-23,경제 · 한국 정책 이슈,일반,전세 품귀에 월세 급등...노도강 월세 300만원 시대,네이버뉴스 등 3개 기사,전세 품귀에 월세 급등...노도강 월세 300만원 시대,https://www.jasm.co.kr/news/articleView.html?idxno=317865,네이버뉴스,jasm.co.kr,노도강도 월세 300만원 시대…서울 고액 월세 9.7% 늘었다[집슐랭],https://www.sedaily.com/article/20094218?ref=naver,네이버뉴스,sedaily.com,서울 대학가 월세 62만원인데… 월 26만원 행복기숙사 늘린다,https://biz.chosun.com/real_estate/real_estate_general/2026/09/23/TIYMAIP5KBABDE7FQF6HFQXB3Q/,Chosunbiz,biz.chosun.com,미작성,미발행,,,,
3b36ff79bfc4be33,2026-09-23,경제 · 한국 정책 이슈,일반,"은행장 선임 앞두고…이찬진 ""금융사 CEO 선정 특정계파 매몰 안돼""",한국경제 | 뉴스 | 경제 등 3개 기사,"은행장 선임 앞두고…이찬진 ""금융사 CEO 선정 특정계파 매몰 안돼""",https://www.hankyung.com/article/2026092215246,한국경제 | 뉴스 | 경제,hankyung.com,"이찬진 금감원장 “자회사 CEO, 계파·친분 아닌 능력으로 뽑아야”",https://biz.chosun.com/stock/finance/2026/09/23/FYQMJLRUU5BSBNXIP5TSIRO3AY/,Chosunbiz,biz.chosun.com,[금융 라운지] 年5.5% 은행 중금리대출에 금융취약층 '반색',https://www.mk.co.kr/news/economy/12159655,매일경제 : 경제,mk.co.kr,미작성,미발행,,,,
79878fdc4bd096ea,2026-09-23,경제 · 한국 정책 이슈,일반,"[추석특집] 전북 금융 도시, ‘제3 금융 중심지’ 지정 도전…정부 평가 본...",네이버뉴스 등 3개 기사,"[추석특집] 전북 금융 도시, ‘제3 금융 중심지’ 지정 도전…정부 평가 본...",https://www.jjan.kr/article/20260920500061,네이버뉴스,jjan.kr,"[시사천국] 석병훈 "" 정부 대책, 착시효과만 유발""…추석물가에 1900억 투...",https://news.cpbc.co.kr/article/1175951?division=NAVER,네이버뉴스,news.cpbc.co.kr,"전북·경북·경남, '피지컬 AI' 거점으로… 금융 위원장 지원 약속",https://www.fnnews.com/news/202609221532429370,네이버뉴스,fnnews.com,미작성,미발행,,,,
eb985948df4060c5,2026-09-23,경제 · 한국 정책 이슈,일반,[인터뷰] LG·삼성·HD현대와 피지컬 AI 개척하는 ‘스킬드 AI’… 아비나브 굽타 공동창업자 “로봇 두뇌 기술로 공장 자동화 지원”,Chosunbiz 등 3개 기사,[인터뷰] LG·삼성·HD현대와 피지컬 AI 개척하는 ‘스킬드 AI’… 아비나브 굽타 공동창업자 “로봇 두뇌 기술로 공장 자동화 지원”,https://biz.chosun.com/it-science/ict/2026/09/23/7KH3FYHEHNCOLDJGOUQYN3O6DI/,Chosunbiz,biz.chosun.com,금융위원장 앞에서 아이돌 춤춘 로봇…“피지컬 AI 지역거점 지원”,https://www.mk.co.kr/news/economy/12159367,매일경제 : 경제,mk.co.kr,"현대차그룹 ""美 로봇 학습기지 내년 10배 확장""",https://www.hankyung.com/article/2026092216921,한국경제 | 뉴스 | 경제,hankyung.com,미작성,미발행,,,,
87791ac3dcc6d33a,2026-09-23,경제 · 한국 정책 이슈,일반,'닥공' 바통 이어받는 홍지선 국토 장관…당면 과제는,네이버뉴스 등 3개 기사,'닥공' 바통 이어받는 홍지선 국토 장관…당면 과제는,https://news.einfomax.co.kr/news/articleView.html?idxno=4436221,네이버뉴스,news.einfomax.co.kr,"[오늘 부동산 ] 취임 첫날 3기 신도시로…홍지선 국토 장관, 주택공급 속...",https://www.dailian.co.kr/news/view/1693682/?sc=Naver,네이버뉴스,dailian.co.kr,"홍지선 국토 장관 첫 행보는 공공주택지구 “주택공급, 계획보다 실행”",https://biz.heraldcorp.com/article/10882587?ref=naver,네이버뉴스,biz.heraldcorp.com,미작성,미발행,,,,
57768be2399c28b8,2026-09-23,경제 · 재테크,일반,"한국 투자 증권, 대학생 모의 투자 대회 '한투모투배틀' 개최 外",네이버뉴스 등 3개 기사,"한국 투자 증권, 대학생 모의 투자 대회 '한투모투배틀' 개최 外",https://www.rcast.co.kr/news/articleView.html?idxno=31701,네이버뉴스,rcast.co.kr,[더밸류 브리핑] 오늘의 증권사 소식...삼성증권·NH 투자 증권·대신증권,http://www.thevaluenews.co.kr/news/view.php?idx=201840,네이버뉴스,thevaluenews.co.kr,"대신증권, ‘자산배분 ETF 투자 전략’ 세미나 개최",https://biz.heraldcorp.com/article/10877265?ref=naver,네이버뉴스,biz.heraldcorp.com,미작성,미발행,,,,
1514aedd2fa104ff,2026-09-23,경제 · 재테크,일반,주식모으기 2주년… 91% “계속 이용”,네이버뉴스 등 3개 기사,주식모으기 2주년… 91% “계속 이용”,https://www.donga.com/news/Economy/article/all/20260922/134714021/2,네이버뉴스,donga.com,삼성증권 ‘주식모으기’ 2주년…6개월 이상 고객 91% 지속 이용,https://www.todayeconomic.com/news/article.html?no=32215,네이버뉴스,todayeconomic.com,삼성증권 '주식모으기' 2주년…6개월 이상 고객 91% 이용 지속,https://www.cbci.co.kr/news/articleView.html?idxno=609117,네이버뉴스,cbci.co.kr,미작성,미발행,,,,
98cc1b5c9609c749,2026-09-23,경제 · 재테크,일반,"삼성증권, 적립식 투자 키우고 발행어음 출격… WM 경쟁력 강화",네이버뉴스 등 3개 기사,"삼성증권, 적립식 투자 키우고 발행어음 출격… WM 경쟁력 강화",http://www.biztribune.co.kr/news/articleView.html?idxno=359487,네이버뉴스,biztribune.co.kr,발행어음 8개사 시대…삼성증권 가세에 금리 경쟁 불붙나,https://www.imaeil.com/page/view/2026091610220050891,네이버뉴스,imaeil.com,"삼성이 투자한 그레일, 하루만에 34% 폭등",https://www.hankyung.com/article/2026092217141,한국경제 | 뉴스 | 증권,hankyung.com,미작성,미발행,,,,
39b87736a11b6e81,2026-09-23,경제 · 재테크,일반,"삼성증권, '주식모으기' 2년... 절세 계좌 이용 집중",네이버뉴스 등 3개 기사,"삼성증권, '주식모으기' 2년... 절세 계좌 이용 집중",https://www.pinpointnews.co.kr/news/articleView.html?idxno=489760,네이버뉴스,pinpointnews.co.kr,"삼성증권, '주식모으기' 고객 91% 이용 지속… 절세 계좌 중심 적립 투자 ...",http://www.press9.kr/news/articleView.html?idxno=83201,네이버뉴스,press9.kr,"삼성증권 이용자들, '주식모으기' 어디에 많이 썼나…ISA· 연금 계좌 선호",https://www.the-pr.co.kr/news/articleView.html?idxno=62708,네이버뉴스,the-pr.co.kr,미작성,미발행,,,,
16bee0a3c57298f1,2026-09-23,경제 · 부동산,일반,"“ 부동산 투기 공화국 과거 얘기 될 것”…이 대통령 자신감, 시장 에서...",네이버뉴스 등 3개 기사,"“ 부동산 투기 공화국 과거 얘기 될 것”…이 대통령 자신감, 시장 에서...",https://www.khan.co.kr/article/202609222058005,네이버뉴스,khan.co.kr,"""강남불패는 과거 얘기""?... 지난해만 15% 상승, 최근 하락은 1% 수준",https://www.hankookilbo.com/news/article/A2026092210240001001?did=NA,네이버뉴스,hankookilbo.com,"李대통령 ""강남불패 과거로 만들 것""…주택 공급 확대 재확인",https://www.straightnews.co.kr/news/articleView.html?idxno=311755,네이버뉴스,straightnews.co.kr,미작성,미발행,,,,
f8e96c32055d1226,2026-09-23,경제 · 부동산,일반,"‘85주 내리 상승’ 코앞 서울 아파트, 집 있어도 없어도 불안···누적...",네이버뉴스 등 3개 기사,"‘85주 내리 상승’ 코앞 서울 아파트, 집 있어도 없어도 불안···누적...",https://www.khan.co.kr/article/202609230600131,네이버뉴스,khan.co.kr,서울 아파트값 상승 기대 여전...다주택자 10명 중 9명 집 안판다,https://www.mk.co.kr/article/12159504,네이버뉴스,mk.co.kr,[나이스뷰] 8월 부동산 대책 발표 후 아파트값 상승률 1위는 중랑,http://www.niceeconomy.co.kr/news/articleView.html?idxno=91096,네이버뉴스,niceeconomy.co.kr,미작성,미발행,,,,
4d4ae15ddcd947f5,2026-09-23,경제 · 부동산,일반,"""불 붙었던 강남 식었네"" 서울 집값 꺾인다?…""1년 간 더 올라"" 왜?",네이버뉴스 등 3개 기사,"""불 붙었던 강남 식었네"" 서울 집값 꺾인다?…""1년 간 더 올라"" 왜?",https://www.mt.co.kr/estate/2026/09/23/2026092210240173530,네이버뉴스,mt.co.kr,“서울 집값 ·전월세 내년엔 더 오른다”… 부동산 전문가 50명 만장일치,https://www.mk.co.kr/article/12159810,네이버뉴스,mk.co.kr,'서울 집값 널뛰는데 중저가만 폭등' 한은의 경고,https://news.bbsi.co.kr/news/articleView.html?idxno=4108191,네이버뉴스,news.bbsi.co.kr,미작성,미발행,,,,
7fcee593831fce45,2026-09-23,경제 · 부동산,일반,"""8월 대책에도 수도권 집값 강세…중·저가 지역 매수세 집중""",네이버뉴스 등 3개 기사,"""8월 대책에도 수도권 집값 강세…중·저가 지역 매수세 집중""",https://www.koreareport.co.kr/news/articleView.html?idxno=53188,네이버뉴스,koreareport.co.kr,"8월 대책에도 서울 중저가 집값 오름세…한은 ""가계대출 확대될 수도""",https://www.newsis.com/view/NISX20260922_0003799760,네이버뉴스,newsis.com,코스피·채권 시장 출렁이는데 수도권 집값 은 상승세 … 커지는 자산 시장 ...,https://biz.newdaily.co.kr/site/data/html/2026/09/22/2026092200099.html,네이버뉴스,biz.newdaily.co.kr,미작성,미발행,,,,
20c24262d72cd7f2,2026-09-23,경제 · 미국 주식,일반,"추석·분기말 네고 몰린다… 원/달러 환율, 1350원대 초중반 하락 전망",네이버뉴스 등 3개 기사,"추석·분기말 네고 몰린다… 원/달러 환율, 1350원대 초중반 하락 전망",http://www.the-biz.co.kr/news/articleView.html?idxno=728324,네이버뉴스,the-biz.co.kr,키움證 “삼성전자 3분기 영업익 기대치 하회 전망…범용 메모리보다 HBM·파운드리 주목해야”,https://biz.chosun.com/stock/stock_general/2026/09/23/5ZURT3IIBJADPCXGJYSGLY4O54/,Chosunbiz,biz.chosun.com,"유가 하락에 8.8% 오른 대한항공…증권가 ""3분기 실적 개선 기대""",https://www.hankyung.com/article/202609222044i,한국경제 | 뉴스 | 증권,hankyung.com,미작성,미발행,,,,
0d2c69f1070a57a8,2026-09-23,경제 · 미국 주식,일반,"[오늘의 투자전략] “코스피, 상승 출발 후 종목 장세 전망 ”⋯美 필라...",네이버뉴스 등 3개 기사,"[오늘의 투자전략] “코스피, 상승 출발 후 종목 장세 전망 ”⋯美 필라...",https://www.etoday.co.kr/news/view/2628849,네이버뉴스,etoday.co.kr,미국증시 유가·금리 부담 완화에 상승…AI 투자 CPU·메모리로 확산,https://www.topstarnews.net/news/articleView.html?idxno=16207745,네이버뉴스,topstarnews.net,"코스피, 2%대 상승분 반납…7000선 가까스로 지켜",https://www.hankyung.com/article/2026092212936,한국경제 | 뉴스 | 증권,hankyung.com,미작성,미발행,,,,
6b86ef860f00a681,2026-09-23,경제 · 미국 주식,일반,[뉴욕 증시 ] AI 강세에도 트럼프 '이란 압박'에 혼조… 나스닥 이틀째 사...,네이버뉴스 등 3개 기사,[뉴욕 증시 ] AI 강세에도 트럼프 '이란 압박'에 혼조… 나스닥 이틀째 사...,https://www.shinailbo.co.kr/news/articleView.html?idxno=5065382,네이버뉴스,shinailbo.co.kr,"뉴욕 증시 , 미·이란 대화 속 혼조…나스닥 사상 최고[뉴욕마감]",https://news.mtn.co.kr/news-detail/2026092307205056756,네이버뉴스,news.mtn.co.kr,나스닥 또 사상 최고치…美 증시 혼조 속 반도체주 강세[뉴스새벽배송],https://www.edaily.co.kr/News/Read?newsId=02538726645583072&mediaCodeNo=257&utm_source=naver&utm_medium=referral&utm_campaign=news_syndication&utm_content=original_article,네이버뉴스,edaily.co.kr,미작성,미발행,,,,
f390b8ccb4e2583e,2026-09-23,경제 · 미국 주식,일반,"[ 증시 전망 대] 추석 앞둔 코스피, 미 기술주 훈풍에도 '상단은 무겁다'",네이버뉴스 등 3개 기사,"[ 증시 전망 대] 추석 앞둔 코스피, 미 기술주 훈풍에도 '상단은 무겁다'",http://www.newsroad.co.kr/news/articleView.html?idxno=64802,네이버뉴스,newsroad.co.kr,[굿모닝 증시 ]美 반도체주 강세…코스피 상승 출발 전망,https://view.asiae.co.kr/article/2026092308091030613,네이버뉴스,view.asiae.co.kr,[박정식의 국내 주식 시황] 반도체 훈풍은 계속되는데…코스피 7200선 앞...,https://www.newsquest.co.kr/news/articleView.html?idxno=301502,네이버뉴스,newsquest.co.kr,미작성,미발행,,,,
cdb80873bda57053,2026-09-23,경제 · 미국 주식,일반,"KB證 “대한항공, 여객·항공 운임 모두 상승…목표가 4만2000원 상향""",Chosunbiz 등 3개 기사,"KB證 “대한항공, 여객·항공 운임 모두 상승…목표가 4만2000원 상향""",https://biz.chosun.com/stock/stock_general/2026/09/23/EG6DG3IY3FAITHV3VMTMH3NBN4/,Chosunbiz,biz.chosun.com,"[속보] 뉴욕증시, AI 트레이드 재점화…나스닥 0.44% 상승, 러셀2000도 강...",https://www.cbci.co.kr/news/articleView.html?idxno=609181,네이버뉴스,cbci.co.kr,"그랜드썬기술단, 2026 기후산업국제박람회 대한민국 에너지대전 ‘베스트 안전 기업’ 수상",https://www.mk.co.kr/news/business/12158994,매일경제 : 기업/경영,mk.co.kr,미작성,미발행,,,,
48d512d9aaa42acb,2026-09-23,건강 · 최신 이슈,일반,올해 초등학교 입학생 92% 필수예방접종…중학생은 77%,네이버뉴스 등 3개 기사,올해 초등학교 입학생 92% 필수예방접종…중학생은 77%,https://www.newsgn.com/news/articleView.html?idxno=575839,네이버뉴스,newsgn.com,초등학교 입학생 92% 필수예방접종 완료…·중학생 77%,https://www.ggilbo.com/news/articleView.html?idxno=1183355,네이버뉴스,ggilbo.com,"올해 초등학교 입학생 92%, 필수예방접종 완료…중학생은 77.2%",https://www.newspim.com/news/view/20260922000847,네이버뉴스,newspim.com,미작성,미발행,,,,
6cbd099ba0992fa7,2026-09-23,건강 · 최신 이슈,일반,"백신 관리했는데 또 '매일 체크'…산부인과醫 ""중복 행정 부담""",청년의사 - 전체기사 등 3개 기사,"백신 관리했는데 또 '매일 체크'…산부인과醫 ""중복 행정 부담""",http://www.docdocdoc.co.kr/news/articleView.html?idxno=3043034,청년의사 - 전체기사,docdocdoc.co.kr,"매일 백신 체크리스트 작성…산부인과醫 ""중복 행정 살펴야""",https://www.medipana.com/news/articleView.html?idxno=418134,네이버뉴스,medipana.com,"산부인과의사회, "" 질병 청 백신 일일 체크리스트, 실효성·행정부담 점검...",http://www.doctorstimes.com/news/articleView.html?idxno=240146,네이버뉴스,doctorstimes.com,미작성,미발행,,,,
cc45ecd0ed4dd186,2026-09-23,건강 · 최신 이슈,일반,"“추석 연휴가 두렵다”… 중년 엄마의 의사 아들 걱정, 왜? / 숨진 줄 알고 관에 안치했는데 신음이 / 결혼한 남성 20%, 여성 13%가 외도 인정",코메디닷컴 등 3개 기사,"“추석 연휴가 두렵다”… 중년 엄마의 의사 아들 걱정, 왜? / 숨진 줄 알고 관에 안치했는데 신음이 / 결혼한 남성 20%, 여성 13%가 외도 인정",https://kormedi.com/2871975/,코메디닷컴,kormedi.com,"건양대병원, 추석 연휴 응급실·입원병동 24시간 운영",http://www.docdocdoc.co.kr/news/articleView.html?idxno=3043025,청년의사 - 전체기사,docdocdoc.co.kr,"""독감 유행 빨라졌다""…추석 연휴 전 예방접종 발길 이어져",https://www.nocutnews.co.kr/news/6582212?utm_source=naver&utm_medium=article&utm_campaign=20260922045824,네이버뉴스,nocutnews.co.kr,미작성,미발행,,,,
21756716d50fe005,2026-09-23,건강 · 최신 이슈,일반,"""치료 후 어디로?""…동아대병원, '의뢰·회송' 환자 눈높이로 알려",청년의사 - 전체기사 등 3개 기사,"""치료 후 어디로?""…동아대병원, '의뢰·회송' 환자 눈높이로 알려",http://www.docdocdoc.co.kr/news/articleView.html?idxno=3042993,청년의사 - 전체기사,docdocdoc.co.kr,"한의협, ""최근 급증한 감기 환자…예방 및 치료에 한약 효과적""",http://www.mjmedi.com/news/articleView.html?idxno=63179,네이버뉴스,mjmedi.com,한국인 확장성 심근병증 유전 특성 규명…환자별 맞춤 치료 길 열린다,https://www.widedaily.com/news/articleView.html?idxno=301391,네이버뉴스,widedaily.com,미작성,미발행,,,,
2cbb8e590abd0c41,2026-09-23,건강 · 최신 이슈,연예인 건강,"강남, 건강 이상 빨간불 ""링거 3번 맞았다"" [소셜in]",네이버뉴스 등 3개 기사,"강남, 건강 이상 빨간불 ""링거 3번 맞았다"" [소셜in]",http://enews.imbc.com/News/RetrieveNewsInfo/519091,네이버뉴스,enews.imbc.com,"'이상화♥' 강남, 건강 악화로 병원 行…""링거만 3번 맞아, 잠도 잘 못 ...",https://www.tenasia.co.kr/article/2026092322904,네이버뉴스,tenasia.co.kr,"' 이상 화♥' 강남, 건강 이상 호소 ""링거만 3번..말하기 힘들고 살도 빠졌...",https://www.starnewskorea.com/star/2026/09/23/2026092222115785897,네이버뉴스,starnewskorea.com,미작성,미발행,,,,
7805c9816d2b3031,2026-09-23,건강 · 최신 이슈,연예인 건강,"'올해 46세' 배우 한다감, 득남… 엄마 됐다",네이버뉴스 등 3개 기사,"'올해 46세' 배우 한다감, 득남… 엄마 됐다",https://www.hankookilbo.com/news/article/A2026092308170004787?did=NA,네이버뉴스,hankookilbo.com,'연예계 최고령 산모' 한다감 득남…46세에 엄마 됐다,https://www.mt.co.kr/entertainment/2026/09/23/2026092306185230152,네이버뉴스,mt.co.kr,"'46세 임신' 한다감, 오늘 엄마 됐다 ""산모·아이 모두 건강 """,https://www.newsis.com/view/NISX20260922_0003801129,네이버뉴스,newsis.com,미작성,미발행,,,,
88aa4604f4fc39ec,2026-09-23,건강 · 최신 이슈,연예인 건강,"""하루에 약만 13번, 외부활동 90% 줄여""…치매 아내 간병 중인 '태진아'...",네이버뉴스 등 3개 기사,"""하루에 약만 13번, 외부활동 90% 줄여""…치매 아내 간병 중인 '태진아'...",http://www.inews24.com/view/2008609,네이버뉴스,inews24.com,"""하루 약만 13번…기저귀 갈며 7년 돌봤다"" 태진아, 치매 아내 간병 근황",https://www.fnnews.com/news/202609230643147177,네이버뉴스,fnnews.com,"태진아, ♥치매 아내 7년째 간병 ""하루 약만 13번→기저귀 수시로 갈아...",https://www.sportschosun.com/entertainment/2026-09-22/202609220100151530009870,네이버뉴스,sportschosun.com,미작성,미발행,,,,
940507aeeb047854,2026-09-23,건강 · 생활 건강 정보,일반,"추석 밥상에서 주목할 음식 5가지... ""참깨에 이런 건강 효능이?""",네이버뉴스 등 3개 기사,"추석 밥상에서 주목할 음식 5가지... ""참깨에 이런 건강 효능이?""",https://news.hidoc.co.kr/news/articleView.html?idxno=67718,네이버뉴스,news.hidoc.co.kr,"추석 명절, 건강 하게 보내려면...‘명절증후군’ 예방 수칙",https://www.mk.co.kr/article/12156544,네이버뉴스,mk.co.kr,"하루 10분이면 충분, 허벅지 운동 4가지 / 건강 수명 지키는 '제 2의 심장...",http://topclass.chosun.com/news/articleView.html?idxno=36812,네이버뉴스,topclass.chosun.com,미작성,미발행,,,,
78d88145ddb65519,2026-09-23,건강 · 생활 건강 정보,일반,"시몬스, 수면 키오스크·보드 새단장…'S-BTI' 도입",네이버뉴스 등 3개 기사,"시몬스, 수면 키오스크·보드 새단장…'S-BTI' 도입",https://www.thepublic.kr/news/articleView.html?idxno=319765,네이버뉴스,thepublic.kr,"시몬스, 대한 수면 학회와 수면 콘텐츠 개편…키오스크·보드 리뉴얼",https://www.sentv.co.kr/article/view/sentv202609220233,네이버뉴스,sentv.co.kr,"[뉴스워커_시몬스] ""나는 어떤 수면 형?""…전국 매장에 'S-BTI' 도입",https://www.newsworker.co.kr/news/articleView.html?idxno=505658,네이버뉴스,newsworker.co.kr,미작성,미발행,,,,
3741244a07bc350d,2026-09-23,건강 · 생활 건강 정보,일반,"대웅제약, 당뇨 전 단계 1000명에 '손목닥터9988' 서비스",네이버뉴스 등 3개 기사,"대웅제약, 당뇨 전 단계 1000명에 '손목닥터9988' 서비스",http://www.medisobizanews.com/news/articleView.html?idxno=142531,네이버뉴스,medisobizanews.com,"대웅제약, 서울시와 손잡고 당뇨 전 단계 시민 혈당관리 지원",http://www.press9.kr/news/articleView.html?idxno=83217,네이버뉴스,press9.kr,"대웅제약, 서울시와 ‘손목닥터9988’ 협약…‘웰다’로 서울시민 건강 ...",https://www.hankyung.com/article/202609232528i,네이버뉴스,hankyung.com,미작성,미발행,,,,
20e4d6605dcc932a,2026-09-23,건강 · 생활 건강 정보,일반,"내 수면 MBTI 바로 확인…시몬스, 매장 콘텐츠 강화",네이버뉴스 등 3개 기사,"내 수면 MBTI 바로 확인…시몬스, 매장 콘텐츠 강화",https://www.sedaily.com/article/20094179?ref=naver,네이버뉴스,sedaily.com,"시몬스, 수면 콘텐츠 개편…9개 문항으로 수면 유형 확인",http://www.lawissue.co.kr/view.php?ud=202609221932584917204ead0791_12,네이버뉴스,lawissue.co.kr,"시몬스, 전국 매장 수면 콘텐츠 개편…'시몬스 수면 유형 테스트' 새로...",https://www.industrynews.co.kr/news/articleView.html?idxno=86450,네이버뉴스,industrynews.co.kr,미작성,미발행,,,,
852776f412eca063,2026-09-23,건강 · 생활 건강 정보,일반,"강남성심병원, 23일 '40대부터 챙겨야 할 검진' 건강강좌",청년의사 - 전체기사 등 3개 기사,"강남성심병원, 23일 '40대부터 챙겨야 할 검진' 건강강좌",http://www.docdocdoc.co.kr/news/articleView.html?idxno=3043023,청년의사 - 전체기사,docdocdoc.co.kr,"건강 검진, 질병 확인하는 과정이자 건강 관리 방향 점검하는 출발점",https://www.mdtoday.co.kr/news/articleView.html?idxno=616095,네이버뉴스,mdtoday.co.kr,뼈 건강 엔 근력 운동 ?…40세 이상 ‘빠른 걷기 ’ 효과 두드러져 [바디플...,https://www.donga.com/news/Health/article/all/20260921/134711777/2,네이버뉴스,donga.com,미작성,미발행,,,,
7a2e56f20afa8694,2026-09-22,패션뷰티,일반,"수원시, '2026 뷰티썸 수원' 11월 개최…120개 기업 참여",네이버뉴스 등 3개 기사,"수원시, '2026 뷰티썸 수원' 11월 개최…120개 기업 참여",https://www.jeonmae.co.kr/news/articleView.html?idxno=1295549,네이버뉴스,jeonmae.co.kr,"수원시, 11월초 '2026 뷰티썸 수원' 개최…120개 기업 등 참여",https://view.asiae.co.kr/article/2026092109164138167,네이버뉴스,view.asiae.co.kr,"'뷰티산업 한자리에'…수원, 11월 120개 기업 참여 박람회 연다",https://www.g-enews.com/view.php?ud=202609210946165898fbfc802b3_1,네이버뉴스,g-enews.com,미작성,미발행,,,,
cb05d8e4e39a9ed7,2026-09-22,패션뷰티,일반,수원시 '뷰티썸 수원' D-45…해외 바이어·AI 뷰티테크 한자리,네이버뉴스 등 3개 기사,수원시 '뷰티썸 수원' D-45…해외 바이어·AI 뷰티테크 한자리,https://www.newsworks.co.kr/news/articleView.html?idxno=854472,네이버뉴스,newsworks.co.kr,"수원시, ‘2026 뷰티썸 수원’ 11월 개막···""K-뷰티 한자리에""",http://www.beyondpost.co.kr/view.php?ud=202609210742069344c878f8fa1_30,네이버뉴스,beyondpost.co.kr,"수원시, 관광객 위한 뷰티·음식·패션 콘텐츠 '눈길'",https://gg.newdaily.co.kr/site/data/html/2026/09/21/2026092100297.html,네이버뉴스,gg.newdaily.co.kr,미작성,미발행,,,,
b6911ae4697e8a18,2026-09-22,패션뷰티,일반,"“피부과 시술부터 감각 제형까지”… 유씨엘, 2027 뷰티 시장 지형 바꿀...",네이버뉴스 등 3개 기사,"“피부과 시술부터 감각 제형까지”… 유씨엘, 2027 뷰티 시장 지형 바꿀...",https://www.geconomy.co.kr/news/article.html?no=323861,네이버뉴스,geconomy.co.kr,"유씨엘, ""2027년 스킨케어 핵심 키워드는 피부 컨디션 관리""",https://www.meconomynews.com/news/articleView.html?idxno=201855,네이버뉴스,meconomynews.com,"유씨엘, ‘2027 스킨케어 트렌드북’ 발간…시장 전망",https://idsn.co.kr/news/view/1065586028535714,네이버뉴스,idsn.co.kr,미작성,미발행,,,,
fb120226564d7863,2026-09-22,패션뷰티,일반,"[투데이온] 美 타깃, K뷰티 전용 매장 확대…전문점 넘어 마트까지 진격",네이버뉴스 등 3개 기사,"[투데이온] 美 타깃, K뷰티 전용 매장 확대…전문점 넘어 마트까지 진격",https://www.the-today.com/news/articleView.html?idxno=90548,네이버뉴스,the-today.com,"이재준 수원시장, 뷰티산업 기업 판로 확대…'뷰티썸 수원' 키운다",https://www.ohmynews.com/NWS_Web/View/at_pg.aspx?CNTN_CD=A0003269317&CMPT_CD=P0010&utm_source=naver&utm_medium=newsearch&utm_campaign=naver_news,네이버뉴스,ohmynews.com,"‘파머시 뷰티’ 트렌드 반영…샤르드, 약국 유통 확대[팔레트]",https://www.newsis.com/view/NISX20260920_0003797371,네이버뉴스,newsis.com,미작성,미발행,,,,
072e2ef6afd8cf68,2026-09-22,패션뷰티,일반,"""새 화장품 경쟁자는 홈케어 디바이스…'톤28', 기능성 차별화 주력""",네이버뉴스 등 3개 기사,"""새 화장품 경쟁자는 홈케어 디바이스…'톤28', 기능성 차별화 주력""",http://www.apparelnews.co.kr/news/news_view/?idx=227807,네이버뉴스,apparelnews.co.kr,[뷰티 신상] '기능성 토털 뷰티' 경쟁으로 중심축 이동,https://www.thebk.co.kr/news/articleView.html?idxno=311785,네이버뉴스,thebk.co.kr,"에누리 가격비교 , ' 뷰티 디바이스 전문관' 오픈…""제품·기술·화장품 정...",https://daily.hankooki.com/news/articleView.html?idxno=1407334,네이버뉴스,daily.hankooki.com,미작성,미발행,,,,
dac1997f3899374c,2026-09-22,카테크 · 자동차,일반,"현대차·기아, 유럽서 中 GAC와 '현지생산' 경쟁…12종·200개 딜러로 확...",네이버뉴스 등 3개 기사,"현대차·기아, 유럽서 中 GAC와 '현지생산' 경쟁…12종·200개 딜러로 확...",http://sateconomy.co.kr/news/view/1065569614868353,네이버뉴스,sateconomy.co.kr,"유럽 시장서 현대차 주춤할 때 기아 날았다…기아, 전기차 판매 69% 늘어...",http://www.consumernews.co.kr/news/articleView.html?idxno=764415,네이버뉴스,consumernews.co.kr,'가성비 갑' 중국차 미국 상륙하나...트럼프 입만 쳐다보는 현대차·기아,https://www.insightkorea.co.kr/news/articleView.html?idxno=255097,네이버뉴스,insightkorea.co.kr,미작성,미발행,,,,
e8b41507fbbb9319,2026-09-22,카테크 · 자동차,일반,테슬라 주가 3% 상승…'2세대 로드스터' 공개 앞두고 예약 재개,네이버뉴스 등 3개 기사,테슬라 주가 3% 상승…'2세대 로드스터' 공개 앞두고 예약 재개,https://www.news1.kr/world/international-economy/6298164,네이버뉴스,news1.kr,"엔카 ""추석 앞두고 중고차 하락폭 둔화""…테슬라는 두 달째 상승",https://www.fnnews.com/news/202609210903203066,네이버뉴스,fnnews.com,중고차 시세 떨어져도 테슬라는 굳건…모델Y 2개월 연속 상승,https://www.econovill.com/news/articleView.html?idxno=751469,네이버뉴스,econovill.com,미작성,미발행,,,,
df7ef9244531126b,2026-09-22,카테크 · 자동차,일반,앞범퍼 수리비 203만원인데 렌트비 756만원…' 보험 양심'도 긁혔다,네이버뉴스 등 3개 기사,앞범퍼 수리비 203만원인데 렌트비 756만원…' 보험 양심'도 긁혔다,https://www.news1.kr/finance/insurance-card/6297883,네이버뉴스,news1.kr,"[ 보험 트렌드] 용산구, 장애인 전동보장구 안심 보험 운영…최대 5000만원...",https://www.ibabynews.com/news/articleView.html?idxno=154705,네이버뉴스,ibabynews.com,"차봇, 문콕·스톤칩 등 신차 손상 보장 '차봇케어' 출시… 최대 200만원...",https://www.edaily.co.kr/News/Read?newsId=03184886645582416&mediaCodeNo=257&utm_source=naver&utm_medium=referral&utm_campaign=news_syndication&utm_content=original_article,네이버뉴스,edaily.co.kr,미작성,미발행,,,,
c1293a719a7d2a03,2026-09-22,카테크 · 자동차,일반,"넥센타이어, 에버랜드 ‘파이널 랩’ 참가…체험 이벤트 마련",네이버뉴스 등 3개 기사,"넥센타이어, 에버랜드 ‘파이널 랩’ 참가…체험 이벤트 마련",https://www.etoday.co.kr/news/view/2628316,네이버뉴스,etoday.co.kr,"넥센타이어, 에버랜드서 가을맞이 이색 체험 이벤트 열어",http://autotimes.co.kr/detail.php?number=689250&thread=27,네이버뉴스,autotimes.co.kr,"넥센타이어, 에버랜드서 ‘타이어 롤링 챌린지’…이색 모터스포츠 체험...",https://sports.donga.com/economy/article/all/20260922/134716170/1,네이버뉴스,sports.donga.com,미작성,미발행,,,,
0164c80875ab7270,2026-09-22,카테크 · 자동차,일반,[KB금융 이재근號] 비은행④ KB손해 보험 … 보험 금 예상 초과 1684억원에 소...,네이버뉴스 등 3개 기사,[KB금융 이재근號] 비은행④ KB손해 보험 … 보험 금 예상 초과 1684억원에 소...,https://news.ifm.kr/news/articleView.html?idxno=479955,네이버뉴스,news.ifm.kr,"[ 보험 사 풍향계] KB손해 보험 -금감원, 추석 맞아 전통시장 활성화 모색 外",https://www.ekn.kr/web/view.php?key=20260921026177510,네이버뉴스,ekn.kr,[ 보험 업계 동향] 한화생명ㆍKB손해 보험 ㆍ흥국화재 (9.21),http://www.weeklytoday.com/news/articleView.html?idxno=795376,네이버뉴스,weeklytoday.com,미작성,미발행,,,,
eb54be5e58e6dccd,2026-09-22,카테크 · IT,일반,"애플, 구형 아이폰까지 100파운드 인상…삼성전자·SK하이닉스 메모리값...",네이버뉴스 등 3개 기사,"애플, 구형 아이폰까지 100파운드 인상…삼성전자·SK하이닉스 메모리값...",https://www.joongangenews.com/news/articleView.html?idxno=549879,네이버뉴스,joongangenews.com,"中 CXMT, D램 생산성 50%↑…삼성·하이닉스 가격 경쟁 압박",https://www.newspim.com/news/view/20260921000449,네이버뉴스,newspim.com,"D램 이어 낸드까지…CXMT, 삼성전자·SK하이닉스 양쪽에서 조이나",https://www.econovill.com/news/articleView.html?idxno=751398,네이버뉴스,econovill.com,미작성,미발행,,,,
8fd0a22fffee5781,2026-09-22,카테크 · IT,일반,"아이폰18 프로, 출시 초반 재부팅 논란…일부 구매자 교환·환불",네이버뉴스 등 3개 기사,"아이폰18 프로, 출시 초반 재부팅 논란…일부 구매자 교환·환불",https://www.wolyo.co.kr/news/articleView.html?idxno=318126,네이버뉴스,wolyo.co.kr,"케이스티파이, 아이폰18·17 프로용 ‘메탈릭 플로우 케이스’ 출시",https://www.cnet.co.kr/view/?no=20260921181258,네이버뉴스,cnet.co.kr,"샤오미18, 11월 韓 출시 가능성…모토로라도 신제품 출격 채비",https://www.mt.co.kr/tech/2026/09/21/2026092114470199923,네이버뉴스,mt.co.kr,미작성,미발행,,,,
0959386ade892588,2026-09-22,카테크 · IT,일반,"中 CXMT 5세대 D램 양산…삼성·SK, 기술 우위 지키며 범용 대응",네이버뉴스 등 3개 기사,"中 CXMT 5세대 D램 양산…삼성·SK, 기술 우위 지키며 범용 대응",http://www.metroseoul.co.kr/article/20260921500545,네이버뉴스,metroseoul.co.kr,"中 CXMT, D램 점유율 10% 진입…5세대 양산으로 원가 격차 좁히나",https://www.dailian.co.kr/news/view/1692891/?sc=Naver,네이버뉴스,dailian.co.kr,"中 CXMT, D램 웨이퍼당 칩 50% 더 뽑는다…삼성전자·SK하이닉스 원가 경...",https://www.joongangenews.com/news/articleView.html?idxno=549744,네이버뉴스,joongangenews.com,미작성,미발행,,,,
2db42a6205909ddb,2026-09-22,카테크 · IT,일반,[창간 특집][삼성전자] 히트펌프부터 데이터센터 냉각까지 2.4조 베팅......,네이버뉴스 등 3개 기사,[창간 특집][삼성전자] 히트펌프부터 데이터센터 냉각까지 2.4조 베팅......,https://www.thebigdata.co.kr/view.php?ud=202609170755353397bbceadc3c9_23,네이버뉴스,thebigdata.co.kr,"삼성전자, ‘플랙트 인수 1년’ HVAC 몸집 키운다…LG와 AI 데이터센터 ...",https://www.ceoscoredaily.com/page/view/2026092114320565485,네이버뉴스,ceoscoredaily.com,LG전자 2.32% 상승…AI 데이터센터용 냉각 신제품 공개,https://www.job-post.co.kr/news/articleView.html?idxno=228519,네이버뉴스,job-post.co.kr,미작성,미발행,,,,
e53bb396f77b6d78,2026-09-22,카테크 · IT,일반,[1인가구 필수템] 연탄 모티브 세라믹 히터 '신일 온기로',네이버뉴스 등 3개 기사,[1인가구 필수템] 연탄 모티브 세라믹 히터 '신일 온기로',https://www.slist.kr/news/articleView.html?idxno=767831,네이버뉴스,slist.kr,"신일전자, 구공탄 모티브 세라믹 히터 '신일 온기로' 출시…와디즈서 공...",http://www.newsdream.kr/news/articleView.html?idxno=118556,네이버뉴스,newsdream.kr,"쌀쌀해질 계절 앞두고 연탄 감성 입었다… 신일전자, 세라믹 히터 '신일...",https://kr.aving.net/news/articleView.html?idxno=1814649,네이버뉴스,kr.aving.net,미작성,미발행,,,,
ec3a1d8afe925f80,2026-09-22,스포츠,일반,"이강인 친필 유니폼 입어볼까…롯데百, 24일부터 ‘라리가 웹툰’ 팝업",네이버뉴스 등 3개 기사,"이강인 친필 유니폼 입어볼까…롯데百, 24일부터 ‘라리가 웹툰’ 팝업",https://biz.heraldcorp.com/article/10881445?ref=naver,네이버뉴스,biz.heraldcorp.com,"""이강인 사인 유니폼 노려볼까""…롯데百, 잠실에 '라리가 웹툰 팝업' 연...",https://news.tf.co.kr/read/economy/2368650.htm,네이버뉴스,news.tf.co.kr,"""이강인 캐릭터 보러갈까""…롯데百, 라리가 웹툰 팝업 개최",https://www.news1.kr/industry/distribution/6297952,네이버뉴스,news1.kr,미작성,미발행,,,,
fc31a84837f6d478,2026-09-22,스포츠,일반,"스위스 대표팀 주장 자카, 위조 코로나19 백신 구매…명단서 제외",연합뉴스TV :: 대한민국 뉴스의 시작. 채널 23 » 스포츠 등 3개 기사,"스위스 대표팀 주장 자카, 위조 코로나19 백신 구매…명단서 제외",https://www.yonhapnewstv.co.kr/news/AKR20260922083944FuI,연합뉴스TV :: 대한민국 뉴스의 시작. 채널 23 » 스포츠,yonhapnewstv.co.kr,"스위스 캡틴 자카, 가짜 코로나 백신 증명서 구매…대표팀에서 제외",https://news.sbs.co.kr/news/endPage.do?news_id=N1008765034&plink=RSSLINK&cooper=RSSREADER,스포츠 - SBS 뉴스 섹션,news.sbs.co.kr,"충격! 월드컵 대표팀 주장이 '위조 증명서'라니…해명이 더 기막혀 ""걱정...",https://www.sportschosun.com/football/2026-09-22/202609220100149250009727,네이버뉴스,sportschosun.com,미작성,미발행,,,,
78ac96c32e39d671,2026-09-22,스포츠,일반,"'전체 2순위→두산' 김지우 ""꿈꿔온 프로 첫발⋯초심 잃지 않겠다""",네이버뉴스 등 3개 기사,"'전체 2순위→두산' 김지우 ""꿈꿔온 프로 첫발⋯초심 잃지 않겠다""",https://www.etoday.co.kr/news/view/2628343,네이버뉴스,etoday.co.kr,"'최대어' 부산고 하현승, 전체 1순위 키움행…2순위 두산, 김지우 선택(종합)",https://www.newsis.com/view/NISX20260921_0003798447,스포츠,newsis.com,"하현승, 신인 드래프트 전체 1순위 키움행",https://news.sbs.co.kr/news/endPage.do?news_id=N1008764910&plink=RSSLINK&cooper=RSSREADER,스포츠 - SBS 뉴스 섹션,news.sbs.co.kr,미작성,미발행,,,,
a6296bcd189ca7df,2026-09-22,스포츠,일반,"'전체 1순위→키움' 하현승 ""가족 사랑해⋯모든 지도자께 감사""",네이버뉴스 등 3개 기사,"'전체 1순위→키움' 하현승 ""가족 사랑해⋯모든 지도자께 감사""",https://www.etoday.co.kr/news/view/2628320,네이버뉴스,etoday.co.kr,"부산고 '이도류' 하현승, KBO 신인 드래프트 전체 1순위 키움행...최지만...",http://www.thesportstimes.co.kr/news/articleView.html?idxno=375847,네이버뉴스,thesportstimes.co.kr,"'완승 투수' 하현승, 예상대로 전체 1순위 키움행",https://news.sbs.co.kr/news/endPage.do?news_id=N1008764518&plink=RSSLINK&cooper=RSSREADER,스포츠 - SBS 뉴스 섹션,news.sbs.co.kr,미작성,미발행,,,,
616c6f8c4e141d3d,2026-09-22,방송연예,일반,"심수봉 ""어른으로서 잘못했다"" 사과…김다현 ""마음 잘 추스를게요"" 의젓한 대응",방송/연예 - SBS 뉴스 섹션 등 3개 기사,"심수봉 ""어른으로서 잘못했다"" 사과…김다현 ""마음 잘 추스를게요"" 의젓한 대응",https://news.sbs.co.kr/news/endPage.do?news_id=N1008765135&plink=RSSLINK&cooper=RSSREADER,방송/연예 - SBS 뉴스 섹션,news.sbs.co.kr,"심수봉에 저격당한 김다현 ""선생님께서 직접 사과""",https://www.newsis.com/view/NISX20260922_0003799306,연예,newsis.com,"심수봉, 손녀뻘 후배 가수에 ""노래 모르는 아가씨""…논란 일자 사과",https://www.yonhapnewstv.co.kr/news/AKR20260921180326Egx,연합뉴스TV :: 대한민국 뉴스의 시작. 채널 23 » 문화·연예,yonhapnewstv.co.kr,미작성,미발행,,,,
f2eb9a373b94e63d,2026-09-22,방송연예,일반,"‘뉴욕서 동성 결혼’ 곽선희, ♥아내와 달달 일상..더워도 초밀착 “여...",네이버뉴스 등 3개 기사,"‘뉴욕서 동성 결혼’ 곽선희, ♥아내와 달달 일상..더워도 초밀착 “여...",http://www.osen.co.kr/article/G1112879869,네이버뉴스,osen.co.kr,'강철부대W' 곽선희 '말벅지' 자랑-동성 아내 어디?,https://www.mediafine.co.kr/news/articleView.html?idxno=90490,네이버뉴스,mediafine.co.kr,"'입국 금지' 유승준, 결혼 22년차 아내와 근황",https://www.newsis.com/view/NISX20260921_0003798897,연예,newsis.com,미작성,미발행,,,,
97f282635a1693db,2026-09-22,방송연예,일반,"NCT127 태용·올데프 베일리, 신곡 퍼포먼스 디렉터 누가 될까…오늘 공...",네이버뉴스 등 3개 기사,"NCT127 태용·올데프 베일리, 신곡 퍼포먼스 디렉터 누가 될까…오늘 공...",http://www.osen.co.kr/article/G1112879867,네이버뉴스,osen.co.kr,"NCT 태용·베일리, 신곡 퍼포먼스 디렉터 직접 선택…'스디파' 승부 공개",https://www.slist.kr/news/articleView.html?idxno=767978,네이버뉴스,slist.kr,"NCT 127 태용 “안무 기억 안 나, 멘탈 나가”…바다도 ‘멘붕’(스디파...",https://sports.donga.com/ent/article/all/20260922/134716099/1,네이버뉴스,sports.donga.com,미작성,미발행,,,,
34b419cd78842669,2026-09-22,방송연예,일반,"ENA, 추석 연휴 '신병4' 몰아보기·'나는 SOLO'·'도굴' 편성",네이버뉴스 등 3개 기사,"ENA, 추석 연휴 '신병4' 몰아보기·'나는 SOLO'·'도굴' 편성",https://www.topstarnews.net/news/articleView.html?idxno=16206283,네이버뉴스,topstarnews.net,‘신병4’부터 ‘나는솔로’까지…ENA 추석 라인업,https://www.bntnews.co.kr/article/view/bnt202609220097,네이버뉴스,bntnews.co.kr,"'암살자(들)', 추석 연휴 승자되나…예매량 15만 장 넘겼다",https://news.sbs.co.kr/news/endPage.do?news_id=N1008762850&plink=RSSLINK&cooper=RSSREADER,방송/연예 - SBS 뉴스 섹션,news.sbs.co.kr,미작성,미발행,,,,
559accc2b487d905,2026-09-22,방송연예,일반,"'최고령 은메달리스트' 김상겸, '리센느 원이' 닮은꼴 ♥아내 공개..""카...",네이버뉴스 등 3개 기사,"'최고령 은메달리스트' 김상겸, '리센느 원이' 닮은꼴 ♥아내 공개..""카...",http://www.osen.co.kr/article/G1112879878,네이버뉴스,osen.co.kr,"'올림픽 최고령 은메달' 김상겸, ♥아내 얼굴 최초 공개…""카리나→설인...",https://www.mydaily.co.kr/page/view/2026092208320628480,네이버뉴스,mydaily.co.kr,"엠블랙 미르, 아내 최초 공개 ""트와이스 나연 닮았다?""",https://www.newsis.com/view/NISX20260922_0003799321,연예,newsis.com,미작성,미발행,,,,
e53acffea927b8ae,2026-09-22,고생물,일반,런던 자연사박물관 서 63년 동안 잠든 화석…‘가장 오래된 공룡’ 기록...,네이버뉴스 등 3개 기사,런던 자연사박물관 서 63년 동안 잠든 화석…‘가장 오래된 공룡’ 기록...,https://www.seoul.co.kr/news/plan/science-story/2026/09/21/20260921500245?wlog_tag3=naver,네이버뉴스,seoul.co.kr,"2억4천만년 전 화석 이 바꾼 공룡 의 역사…“최초 공룡 시기, 1000만년 늦...",https://www.mk.co.kr/article/12156152,네이버뉴스,mk.co.kr,공룡 멸종했는데 새는 생존...똥 화석 에 숨겨진 단서 발견,http://www.wowtv.co.kr/NewsCenter/News/Read?articleId=A202609110312&t=NN,네이버뉴스,wowtv.co.kr,미작성,미발행,,,,
9f3aae71cebd76aa,2026-09-22,경제 · 한국 주식,일반,"한투파, 헥셈바이오에 200만弗 투자…‘노화 조혈모세포’ 재생 도전",Chosunbiz 등 3개 기사,"한투파, 헥셈바이오에 200만弗 투자…‘노화 조혈모세포’ 재생 도전",https://biz.chosun.com/science-chosun/bio/2026/09/22/IW6R6P6M5VHXRDM7A7ZEOWTGFY/,Chosunbiz,biz.chosun.com,[투자를IT다] 2026년 9월 3주차 IT 기업 주요 소식과 시장 전망,https://it.donga.com/109574/,네이버뉴스,it.donga.com,"하나증권, 코엑스서 '2026 투자 인사이트 포럼' 개최",https://www.hankyung.com/article/2026092180576,한국경제 | 뉴스 | 증권,hankyung.com,미작성,미발행,,,,
0acbf9a48060e8f0,2026-09-22,경제 · 한국 주식,일반,"삼성전자, 독일에 빌트인 가전 상설 쇼룸 개관…유럽 빌트인 시장 공략 속도",매일경제 : 기업/경영 등 3개 기사,"삼성전자, 독일에 빌트인 가전 상설 쇼룸 개관…유럽 빌트인 시장 공략 속도",https://www.mk.co.kr/news/business/12158879,매일경제 : 기업/경영,mk.co.kr,"LG전자, 2.5㎿급 냉각수 분배장치도 엔비디아 승인… “AI 데이터센터 시장 공략 가속”",https://biz.chosun.com/it-science/ict/2026/09/22/P7DDBTNYHJF2VHYVW2WMITYGJ4/,Chosunbiz,biz.chosun.com,"삼성, 냉난방공조 공략…광주서 HVAC 라인 착공",https://www.hankyung.com/article/2026092189231,한국경제 | 뉴스 | 경제,hankyung.com,미작성,미발행,,,,
83d42e1382ede811,2026-09-22,경제 · 한국 주식,일반,"“명절에 냉장고 고장나면 큰일”…삼성전자서비스, 추석 연휴 ‘긴급 서비스’",매일경제 : 기업/경영 등 3개 기사,"“명절에 냉장고 고장나면 큰일”…삼성전자서비스, 추석 연휴 ‘긴급 서비스’",https://www.mk.co.kr/news/business/12158880,매일경제 : 기업/경영,mk.co.kr,추석 연휴 실종 신고 5분마다 1건… 하루 300건 육박,https://biz.chosun.com/topics/topics_social/2026/09/22/5UPTZGIFGFDILMUIXA5FOYMZXI/,Chosunbiz,biz.chosun.com,코스피 7000선 회복했지만… 추석 연휴 '미중 정상회담' 변수,https://www.hankookilbo.com/news/article/A2026092116360000816?did=NA,네이버뉴스,hankookilbo.com,미작성,미발행,,,,
a67a5e018391dc51,2026-09-22,경제 · 한국 주식,일반,"“4778만 달러 수출상담 성과”…중부발전, 인니 시장개척단 파견",매일경제 : 기업/경영 등 3개 기사,"“4778만 달러 수출상담 성과”…중부발전, 인니 시장개척단 파견",https://www.mk.co.kr/news/business/12158852,매일경제 : 기업/경영,mk.co.kr,"한국중부발전, 인니 시장개척단 파견…656억원 어치 수출 상담 진행",https://biz.chosun.com/industry/company/2026/09/22/RJQ3A47WG5DALCXTXAFHOJ42EE/,Chosunbiz,biz.chosun.com,추석 앞두고 수출업체 달러 매도 확대…원·달러 1381원 마감,https://www.ziksir.com/news/articleView.html?idxno=147142,네이버뉴스,ziksir.com,미작성,미발행,,,,
7937430acceadc37,2026-09-22,경제 · 한국 주식,일반,"[모닝 리포트] 한섬, 자사주 300억 소각…목표가 3만6000원으로 상향",네이버뉴스 등 3개 기사,"[모닝 리포트] 한섬, 자사주 300억 소각…목표가 3만6000원으로 상향",https://www.newspim.com/news/view/20260922000114,네이버뉴스,newspim.com,"NH證 “KCC, 실리콘 이익 반등과 주주환원 확대… 목표가 73만원으로 상향”",https://biz.chosun.com/stock/stock_general/2026/09/22/YHCMMSSGIFA65FXHPIQQ4QBJNM/,Chosunbiz,biz.chosun.com,"디지털대성, 55억원 규모 자사주 소각…""주주환원 정책 지속""",https://www.hankyung.com/article/2026092297336,한국경제 | 뉴스 | 증권,hankyung.com,미작성,미발행,,,,
cc688843513b8851,2026-09-22,경제 · 한국 정책 이슈,일반,"李 대통령 ""강남불패, 부동산 투기 공화국은 과거 이야기 될 것""",네이버뉴스 등 3개 기사,"李 대통령 ""강남불패, 부동산 투기 공화국은 과거 이야기 될 것""",https://www.daejonilbo.com/news/articleView.html?idxno=2302827,네이버뉴스,daejonilbo.com,"李 대통령 “강남불패, 부동산 투기 공화국 과거 이야기”",https://www.seoul.co.kr/news/politics/president/2026/09/22/20260922500011?wlog_tag3=naver,네이버뉴스,seoul.co.kr,"이재명 ""강남불패· 부동산 투기 공화국, 이제 과거 이야기""",https://www.kgnews.co.kr/news/article.html?no=912663,네이버뉴스,kgnews.co.kr,미작성,미발행,,,,
428398e5c41fdd55,2026-09-22,경제 · 한국 정책 이슈,일반,"李대통령, 이형일·강신철·홍지선 장관 임명안 재가",네이버뉴스 등 3개 기사,"李대통령, 이형일·강신철·홍지선 장관 임명안 재가",https://www.newsworks.co.kr/news/articleView.html?idxno=854533,네이버뉴스,newsworks.co.kr,"李대통령, 이형일 재경·강신철 국방·홍지선 국토 장관 임명 재가",https://www.news1.kr/politics/president/6298252,네이버뉴스,news1.kr,"[속보] 李대통령, 이형일·강신철·홍지선 장관 임명 재가",https://www.edaily.co.kr/News/Read?newsId=02643686645582744&mediaCodeNo=257&utm_source=naver&utm_medium=referral&utm_campaign=news_syndication&utm_content=original_article,네이버뉴스,edaily.co.kr,미작성,미발행,,,,
2b897aa517b658da,2026-09-22,경제 · 한국 정책 이슈,일반,'차관→ 경제 사령탑' 첫 직행 이형일…물가·부동산 고차방정식 과제,네이버뉴스 등 3개 기사,'차관→ 경제 사령탑' 첫 직행 이형일…물가·부동산 고차방정식 과제,https://news.einfomax.co.kr/news/articleView.html?idxno=4436032,네이버뉴스,news.einfomax.co.kr,첫 '차관 직행' 경제 부총리 이형일…재경부 정책 주도권 시험대,https://www.newsis.com/view/NISX20260918_0003795355,네이버뉴스,newsis.com,[오늘 부동산 ] 홍지선 ‘장관 임명’ 곧… 국토 부 2차관 발탁 8개월 만,https://www.dailian.co.kr/news/view/1693194/?sc=Naver,네이버뉴스,dailian.co.kr,미작성,미발행,,,,
8f258309898525a6,2026-09-22,경제 · 재테크,일반,"차파트너스, 국내 항공·방산 기업들 인수 추진… 1200억원 투자 검토",Chosunbiz 등 3개 기사,"차파트너스, 국내 항공·방산 기업들 인수 추진… 1200억원 투자 검토",https://biz.chosun.com/stock/market_trend/2026/09/22/YFL5TWOBFJE4JF3ILL5C7QB43E/,Chosunbiz,biz.chosun.com,"""기업이 수소에 장기 투자하도록 정책 일관성 필요""",https://www.hankyung.com/article/2026092189281,한국경제 | 뉴스 | 경제,hankyung.com,"[종합] 李 ""대미 투자 , 동의 어려운 부분 있어""… 반도체 증설엔 ""기업 ...",https://www.financialpost.co.kr/news/articleView.html?idxno=276453,네이버뉴스,financialpost.co.kr,미작성,미발행,,,,
0dade1d59a0d6cd6,2026-09-22,경제 · 재테크,일반,"대신證 “삼성전자, 수요 강세 대변할 긍정적 변화 많아…상승기 지속력 강화될 것”",Chosunbiz 등 3개 기사,"대신證 “삼성전자, 수요 강세 대변할 긍정적 변화 많아…상승기 지속력 강화될 것”",https://biz.chosun.com/stock/stock_general/2026/09/22/SF2SNXVZUVBM5NEPMLEKTJNEE4/,Chosunbiz,biz.chosun.com,[증권가 소식] 삼성증권ㆍ대신증권(9.17),http://www.weeklytoday.com/news/articleView.html?idxno=794941,네이버뉴스,weeklytoday.com,[오늘의 증권] 하나증권·대신증권·KB증권·교보증권·삼성증권,http://www.financialreview.co.kr/news/articleView.html?idxno=44932,네이버뉴스,financialreview.co.kr,미작성,미발행,,,,
4a0490ae4254a1a4,2026-09-22,경제 · 재테크,일반,美 금리 인상과 ‘클래리티법’ 불발 악재에도 8개월만에 8만5000달러 회복한 비트코인,Chosunbiz 등 3개 기사,美 금리 인상과 ‘클래리티법’ 불발 악재에도 8개월만에 8만5000달러 회복한 비트코인,https://biz.chosun.com/stock/stock_general/2026/09/22/GNRTOZTFMZSTINZQMU3GMOJVGY/,Chosunbiz,biz.chosun.com,암호화폐 겨울 끝났나…비트코인 美서 8만5000달러 회복,https://www.hankyung.com/article/202609219260i,한국경제 | 뉴스 | 경제,hankyung.com,12개월 최고 연 3.86%…광주은행 '굿스타트예금' [이주의 은행 예금 금리 ...,https://www.fntimes.com/html/view.php?ud=2026091811473159701b5a221379_18,네이버뉴스,fntimes.com,미작성,미발행,,,,
d1afb125660bf29e,2026-09-22,경제 · 재테크,일반,"‘13월의 월급’ 키울 IRP- 연금 저축, ‘세액공제’ 황금비율 찾아라",네이버뉴스 등 3개 기사,"‘13월의 월급’ 키울 IRP- 연금 저축, ‘세액공제’ 황금비율 찾아라",https://www.donga.com/news/Economy/article/all/20260921/134712683/2,네이버뉴스,donga.com,"삼성증권, ‘ 연금 저축 점프-업!’ 이벤트…신규·타사이전 고객 혜택 강...",https://www.megaeconomy.co.kr/news/newsview.php?ncode=1065598888834436,네이버뉴스,megaeconomy.co.kr,"""월급 절반 이상 저축""…30대 초반에 2억 자산 만든 재테크 유튜버의 포...",https://www.newsis.com/view/NISX20260917_0003794208,네이버뉴스,newsis.com,미작성,미발행,,,,
cb9028bf37b78f27,2026-09-22,경제 · 재테크,일반,7월 은행 대출 연체율 0.63%…10년 만에 최고치,Chosunbiz 등 3개 기사,7월 은행 대출 연체율 0.63%…10년 만에 최고치,https://biz.chosun.com/stock/finance/2026/09/22/2SUUOUDTFBFKPFB6HF5SXSFKFI/,Chosunbiz,biz.chosun.com,"""대출 풀린 지 한 달도 안 됐는데""…5대 은행 '한도 바닥'",https://www.hankyung.com/article/2026092294467,한국경제 | 뉴스 | 경제,hankyung.com,재테크 투자서 100권 독파하고 8년 만에 22억 자산 일군 직장인,https://weekly.donga.com/3/all/11/6392032/1,네이버뉴스,weekly.donga.com,미작성,미발행,,,,
6f853a1fb65e6167,2026-09-22,경제 · 부동산,일반,서울 아파트 전세 6억3000만원…“비아파트로 임차 수요 이동”,네이버뉴스 등 3개 기사,서울 아파트 전세 6억3000만원…“비아파트로 임차 수요 이동”,https://www.sentv.co.kr/article/view/sentv202609210122,네이버뉴스,sentv.co.kr,'아파트 팔았는데 세금 1억8000만원 냈어요 ㅠㅠ' 사연 두고 갑론을박,https://www.wikitree.co.kr/articles/1160989,네이버뉴스,wikitree.co.kr,"李 서울 집값 평탄화? ""매매·전세 동반 급등 '초토화', 부동산 '출구' ...",https://www.ytn.co.kr/_ln/0102_202609210914331480,네이버뉴스,ytn.co.kr,미작성,미발행,,,,
3ee90984ac325ba4,2026-09-22,경제 · 부동산,일반,2030년까지 공적주택 119만가구 공급[코주부],네이버뉴스 등 3개 기사,2030년까지 공적주택 119만가구 공급[코주부],https://www.sedaily.com/article/20093669?ref=naver,네이버뉴스,sedaily.com,전월세 민심 들끓자… “공적주택 119만호 2030년까지 공급”,https://www.kmib.co.kr/article/view.asp?arcid=9000014178&cp=nv,네이버뉴스,kmib.co.kr,2030년까지 공적주택 119만가구 푼다… 수도권에 77% 집중,https://www.fnnews.com/news/202609211824165925,네이버뉴스,fnnews.com,미작성,미발행,,,,
0cd09033697f49e0,2026-09-22,경제 · 부동산,일반,2030년까지 공공임대주택 250만호 이상으로…중산층 타깃 '보편공공주택...,네이버뉴스 등 3개 기사,2030년까지 공공임대주택 250만호 이상으로…중산층 타깃 '보편공공주택...,https://www.pressian.com/pages/articles/2026092117241497301?utm_source=naver&utm_medium=search,네이버뉴스,pressian.com,2030년까지 수도권 공적주택 92만호 공급…중산층 ‘보편형 공공임대’...,https://www.hani.co.kr/arti/economy/economy_general/1278854.html,네이버뉴스,hani.co.kr,"국토부, 2030년까지 공적주택 119만호 공급…장기공공임대 250만호 이상...",https://www.youthdaily.co.kr/news/article.html?no=227455,네이버뉴스,youthdaily.co.kr,미작성,미발행,,,,
88abd53fca453cfe,2026-09-22,경제 · 부동산,일반,"119만호 공적주택 꺼낸 李정부…""돈·땅·입주가 관건""",네이버뉴스 등 3개 기사,"119만호 공적주택 꺼낸 李정부…""돈·땅·입주가 관건""",https://news.tf.co.kr/read/economy/2368641.htm,네이버뉴스,news.tf.co.kr,"정부, 2030년까지 공적주택 119만 호 공급…수도권에 92만호",http://www.iminju.net/news/articleView.html?idxno=169839,네이버뉴스,iminju.net,"정부 ""2030년까지 공적주택 119만호 공급 ... 92만호 수도권 공급""",http://www.efnews.co.kr/news/articleView.html?idxno=132597,네이버뉴스,efnews.co.kr,미작성,미발행,,,,
08f3b376a09ec3f9,2026-09-22,경제 · 부동산,일반,"""복지 정책 합격, 전월세 대책 낙제""…주거안정플랜 '시험대'",네이버뉴스 등 3개 기사,"""복지 정책 합격, 전월세 대책 낙제""…주거안정플랜 '시험대'",https://www.econovill.com/news/articleView.html?idxno=751494,네이버뉴스,econovill.com,"HUG, 전월세 안정화를 위한 정책 토론회 개최",https://www.arunews.com/news/articleView.html?idxno=67431,네이버뉴스,arunews.com,청년 주거 정책 이 나올 때마다 두렵고 약이 받친다,https://h21.hani.co.kr/arti/society/society_general/59926.html,네이버뉴스,h21.hani.co.kr,미작성,미발행,,,,
86d3e6aab60196e2,2026-09-22,경제 · 미국 주식,일반,"코스피, 장초반 2%대 급등해 7150선…삼성전자·SK하이닉스 동반 강세",네이버뉴스 등 3개 기사,"코스피, 장초반 2%대 급등해 7150선…삼성전자·SK하이닉스 동반 강세",https://www.pinpointnews.co.kr/news/articleView.html?idxno=489421,네이버뉴스,pinpointnews.co.kr,삼성전자 4%대 급등에 '칠천피' 회복…코스닥선 소부장株 '급등',https://www.hankyung.com/article/2026092185446,한국경제 | 뉴스 | 증권,hankyung.com,"코스피, 반도체 강세에 7000선 돌파…삼성전자 3%↑[개장시황]",https://www.news1.kr/finance/market-exr/6297017,네이버뉴스,news1.kr,미작성,미발행,,,,
32f44e1c96f9b406,2026-09-22,경제 · 미국 주식,일반,"신한 투자 증권, 글로벌 동맹 확대... '양방향 투자 ' 네트워크 구축",네이버뉴스 등 3개 기사,"신한 투자 증권, 글로벌 동맹 확대... '양방향 투자 ' 네트워크 구축",http://www.lkp.news/news/articleView.html?idxno=84265,네이버뉴스,lkp.news,[굿모닝 마켓] AI개발·데이터센터 투자 확대 신호…관련주 '불기둥',https://biz.sbs.co.kr/article_hub/20000336100?division=NAVER,네이버뉴스,biz.sbs.co.kr,"개인 투자 자, 고금리에 채권 '폭풍 매수'···월가·증권가 시선은 왜 갈...",https://www.smartbizn.com/news/articleView.html?idxno=154563,네이버뉴스,smartbizn.com,미작성,미발행,,,,
6e6d90b916c47991,2026-09-22,경제 · 미국 주식,일반,"바이낸스, 테슬라·SK하닉 포함 주식 토큰 25종 추가…RWA 7억5400만달러 ...",네이버뉴스 등 3개 기사,"바이낸스, 테슬라·SK하닉 포함 주식 토큰 25종 추가…RWA 7억5400만달러 ...",https://www.digitaltoday.co.kr/news/articleView.html?idxno=702246,네이버뉴스,digitaltoday.co.kr,"바이낸스, 주식 토큰 25종 상장...SK하이닉스· 테슬라 까지 거래 '오케이...",http://coinreaders.com/259494,네이버뉴스,coinreaders.com,SK하이닉스 삼킨 바이낸스… 25종 주식 토큰 전격 상장,https://www.g-enews.com/view.php?ud=202609220649399404e7e8286d56_1,네이버뉴스,g-enews.com,미작성,미발행,,,,
eb13aa30fd3a7896,2026-09-22,경제 · 미국 주식,일반,"대신증권, 미국주식 투자 부담 줄여..시세 연동 자동주문 서비스 출시",네이버뉴스 등 3개 기사,"대신증권, 미국주식 투자 부담 줄여..시세 연동 자동주문 서비스 출시",https://kpenews.com/View.aspx?No=4237643,네이버뉴스,kpenews.com,CJ제일제당 프리미엄 전통주 ‘자리’ 미국 출시,https://biz.chosun.com/distribution/food/2026/09/22/BYVAJLPFHJA4FCAF42BU2QL4VA/,Chosunbiz,biz.chosun.com,"[ 미국 특징주] 엔비디아, IPO 앞둔 SB에너지 추가 투자",https://www.newspim.com/news/view/20260922000056,네이버뉴스,newspim.com,미작성,미발행,,,,
9ad3ee257c27bed9,2026-09-22,경제 · 미국 주식,일반,美 AI 훈풍에 코스피 7100 돌파…반도체 다시 질주,네이버뉴스 등 3개 기사,美 AI 훈풍에 코스피 7100 돌파…반도체 다시 질주,https://www.mstoday.co.kr/news/articleView.html?idxno=102668,네이버뉴스,mstoday.co.kr,[오늘의 증시 ]美 반도체 훈풍에 코스피 상승 전망 …7000선 돌파 후 매물...,https://www.newsis.com/view/NISX20260922_0003799373,네이버뉴스,newsis.com,"[AI MY 증시 전망 ] 코스피, 美 반도체 훈풍에 상승 전망 …7000선 안착 시도",https://www.newspim.com/news/view/20260922000067,네이버뉴스,newspim.com,미작성,미발행,,,,
241475d2cf55aef6,2026-09-22,건강 · 최신 이슈,일반,추석 술자리 뒤 '두근두근'…숙취 아닌 '휴일심장증후군'?,네이버뉴스 등 3개 기사,추석 술자리 뒤 '두근두근'…숙취 아닌 '휴일심장증후군'?,https://www.kpanews.co.kr/news/articleView.html?idxno=544559,네이버뉴스,kpanews.co.kr,추석 술자리 뒤 가슴 두근거린다면... 숙취 아닌 '휴일심장증후군' 신호...,https://www.insight.co.kr/news/574630,네이버뉴스,insight.co.kr,명절에 술 마셨더니 심장이 '쿵쾅'…숙취 아닌 '휴일심장증후군'?,http://www.docdocdoc.co.kr/news/articleView.html?idxno=3042959,청년의사 - 전체기사,docdocdoc.co.kr,미작성,미발행,,,,
fea55e6214836f25,2026-09-22,건강 · 최신 이슈,일반,"선한빛요양병원, 독감 예방백신 조기 접종 실시",네이버뉴스 등 3개 기사,"선한빛요양병원, 독감 예방백신 조기 접종 실시",https://www.rapportian.com/news/articleView.html?idxno=240638,네이버뉴스,rapportian.com,"건협부산동래, 독감 예방접종 실시… 고위험군 선제 접종 당부",https://www.busan.com/view/busan/view.php?code=2026092117164672143,네이버뉴스,busan.com,한국건강관리협회 부산동부검진센터 선제적으로 독감 예방접종 실시,http://www.kookje.co.kr/news2011/asp/newsbody.asp?code=0300&key=20260921.99099006975,네이버뉴스,kookje.co.kr,미작성,미발행,,,,
562cccb8ea394886,2026-09-22,건강 · 최신 이슈,일반,"박완수 경남도지사, 피지컬AI·조선 소부장·북극항로 대응 주문…“통...",네이버뉴스 등 3개 기사,"박완수 경남도지사, 피지컬AI·조선 소부장·북극항로 대응 주문…“통...",https://www.viva100.com/article/20260922500033,네이버뉴스,viva100.com,"박완수 지사, 피지컬AI·조선 소부장·북극항로 대응 주문…",https://www.pointdaily.co.kr/news/articleView.html?idxno=320112,네이버뉴스,pointdaily.co.kr,"박완수 지사, 피지컬AI·조선 소부장·북극항로 대응 주문… ""통합항만...",https://www.newsgn.com/news/articleView.html?idxno=575415,네이버뉴스,newsgn.com,미작성,미발행,,,,
4f3aa0f0f96fa1ba,2026-09-22,건강 · 최신 이슈,일반,"박완수 경남도지사, ""중국 출장 후속조치, 통합항만공사 진해신항 중심...",네이버뉴스 등 3개 기사,"박완수 경남도지사, ""중국 출장 후속조치, 통합항만공사 진해신항 중심...",http://www.enewstoday.co.kr/news/articleView.html?idxno=2473140,네이버뉴스,enewstoday.co.kr,"박완수 지사 ""중국 출장 성과, 투자·관광·수출로 완성해야""",http://www.newstown.co.kr/news/articleView.html?idxno=716521,네이버뉴스,newstown.co.kr,박완수 지사 中 출장 성과 후속조치 주문…피지컬 AI 육성도,https://www.sedaily.com/article/20093525?ref=naver,네이버뉴스,sedaily.com,미작성,미발행,,,,
c7be83935a9d51df,2026-09-22,건강 · 최신 이슈,일반,[오늘의 일정] 9월 21일 월요일 국회,네이버뉴스 등 3개 기사,[오늘의 일정] 9월 21일 월요일 국회,https://www.jeonmae.co.kr/news/articleView.html?idxno=1295285,네이버뉴스,jeonmae.co.kr,[오늘의 주요일정]국회(9월21일 월요일),https://www.newsis.com/view/NISX20260920_0003797366,네이버뉴스,newsis.com,[오늘의 국회]2026년 9월 21일,https://www.dnews.co.kr/uhtml/view.jsp?idxno=202609210933264210878,네이버뉴스,dnews.co.kr,미작성,미발행,,,,
d69998f87126b098,2026-09-22,건강 · 최신 이슈,연예인 건강,"고소애, ‘근력 유지’ 건강 기능식품 기능성 원료 인정",네이버뉴스 등 3개 기사,"고소애, ‘근력 유지’ 건강 기능식품 기능성 원료 인정",https://www.newsam.co.kr/news/article.html?no=44070,네이버뉴스,newsam.co.kr,"고소애 가수 분해물, 근력 유지 기능성 원료 인정",https://www.industrynews.co.kr/news/articleView.html?idxno=86366,네이버뉴스,industrynews.co.kr,"식용곤충 ‘고소애’ 가수 분해물, 식약처 근력 유지 기능성 인정",http://digitalchosun.dizzo.com/site/data/html_dir/2026/09/21/2026092180130.html,네이버뉴스,digitalchosun.dizzo.com,미작성,미발행,,,,
350da4ba22f9a43d,2026-09-22,건강 · 최신 이슈,연예인 건강,"'33반 사이즈' 아이유, 여전히 독한 식단 관리 중이었다…""달걀 2개 먹으...",네이버뉴스 등 3개 기사,"'33반 사이즈' 아이유, 여전히 독한 식단 관리 중이었다…""달걀 2개 먹으...",https://www.tenasia.co.kr/article/2026092169194,네이버뉴스,tenasia.co.kr,"아이유 '뼈말라' 식단, 삶은 달걀 2개+'이것'...""온종일 배 안 고파""[셀럽...",https://www.mt.co.kr/living/2026/09/21/2026092108354385372,네이버뉴스,mt.co.kr,"아이유, 5년전 극단적 식단과 달라졌다…“달걀 2개에 올리브유, 종일 ...",https://www.sportsseoul.com/news/read/1636573?ref=naver,네이버뉴스,sportsseoul.com,미작성,미발행,,,,
611d97ee8e3c756f,2026-09-22,건강 · 생활 건강 정보,일반,"진서연 ""40일 28kg 감량 사실, 건강 하지 못한 다이어트였다""",네이버뉴스 등 3개 기사,"진서연 ""40일 28kg 감량 사실, 건강 하지 못한 다이어트였다""",https://www.topstarnews.net/news/articleView.html?idxno=16204316,네이버뉴스,topstarnews.net,진서연 “40일 만에 28kg 감량 사실… 건강 하지 못한 방법”,https://sports.donga.com/ent/article/all/20260921/134709797/1,네이버뉴스,sports.donga.com,뼈 건강 엔 근력 운동 ?…40세 이상 ‘빠른 걷기 ’ 효과 두드러져 [바디플...,https://www.donga.com/news/Health/article/all/20260921/134711777/2,네이버뉴스,donga.com,미작성,미발행,,,,
34fadbc5a4e80b31,2026-09-22,건강 · 생활 건강 정보,일반,"반복되는 이명, 귀의 소리에만 집중하기보다 전신 상태 함께 살펴야",네이버뉴스 등 3개 기사,"반복되는 이명, 귀의 소리에만 집중하기보다 전신 상태 함께 살펴야",https://www.hemophilia.co.kr/news/articleView.html?idxno=44607,네이버뉴스,hemophilia.co.kr,"반복되는 편두통, 두통 양상과 생활습관 함께 살펴야",http://www.cancerline.co.kr/html/27392.html,네이버뉴스,cancerline.co.kr,수능 앞둔 수험생 피로·집중력 저하… 생활 리듬부터 살펴야,https://www.industrynews.co.kr/news/articleView.html?idxno=86384,네이버뉴스,industrynews.co.kr,미작성,미발행,,,,
896dfa4906f464e8,2026-09-22,건강 · 생활 건강 정보,일반,"대구한의대 변준석 의무부총장, 환절기·추석 명절 건강 관리법 소개",네이버뉴스 등 3개 기사,"대구한의대 변준석 의무부총장, 환절기·추석 명절 건강 관리법 소개",https://www.akomnews.com/bbs/board.php?bo_table=news&wr_id=68461,네이버뉴스,akomnews.com,"다가오는 추석 연휴, 흐트러지기 쉬운 식습관… 시기별 관리 법은",https://www.fashionbiz.co.kr/article/229698,네이버뉴스,fashionbiz.co.kr,추석 전 건강 검진으로 하반기 건강 점검 필요,http://www.medisobizanews.com/news/articleView.html?idxno=142454,네이버뉴스,medisobizanews.com,미작성,미발행,,,,
b920d53b77ab83d7,2026-09-22,건강 · 생활 건강 정보,일반,"“수요일이면 옷도 신경 써서 입어요”⋯아이들 오는 날, 경로당이 달라졌다 [현장] / 다이어트·노화 방지 효과도…장내 '유익균' 늘리는 음식 3가지 [코메디닷컴 X 종근당건강] / 대웅제약 ‘베르시포로신’ 2상 막바지⋯내년 상반기 성적표 나온다",코메디닷컴 등 3개 기사,"“수요일이면 옷도 신경 써서 입어요”⋯아이들 오는 날, 경로당이 달라졌다 [현장] / 다이어트·노화 방지 효과도…장내 '유익균' 늘리는 음식 3가지 [코메디닷컴 X 종근당건강] / 대웅제약 ‘베르시포로신’ 2상 막바지⋯내년 상반기 성적표 나온다",https://kormedi.com/2871185/,코메디닷컴,kormedi.com,"대웅제약, ERS 2026서 ‘베르시포로신’ 2상 환자 특성 공개",http://www.docdocdoc.co.kr/news/articleView.html?idxno=3042968,청년의사 - 전체기사,docdocdoc.co.kr,“49년간 거의 같은 체중”… 71세 심수봉이 평소 피하는 음식 '2가지',https://www.wikitree.co.kr/articles/1159975,네이버뉴스,wikitree.co.kr,미작성,미발행,,,,
e5adbd64430baee3,2026-09-22,건강 · 생활 건강 정보,일반,* 9월 22일 오늘의 운세 *,네이버뉴스 등 3개 기사,* 9월 22일 오늘의 운세 *,https://www.pointdaily.co.kr/news/articleView.html?idxno=319674,네이버뉴스,pointdaily.co.kr,오늘의 운세-띠별(9월22일),http://www.kjdaily.com/article.php?aid=1790002801687365227,네이버뉴스,kjdaily.com,[오늘의 띠별 운세] 2026년 9월 21일 월요일,https://www.public25.com/news/articleView.html?idxno=55087,네이버뉴스,public25.com,미작성,미발행,,,,
0bc2aea92dc60b43,2026-09-21,패션뷰티,일반,신유정 에이블씨엔씨 대표 “K-뷰티 경쟁력은 혁신…유럽서 100년 브랜드...,네이버뉴스 등 3개 기사,신유정 에이블씨엔씨 대표 “K-뷰티 경쟁력은 혁신…유럽서 100년 브랜드...,https://www.megaeconomy.co.kr/news/newsview.php?ncode=1065578243015640,네이버뉴스,megaeconomy.co.kr,"신유정 에이블씨엔씨 대표 ""K-뷰티 혁신에 유럽 헤리티지 더해 100년 브...",https://www.joongangenews.com/news/articleView.html?idxno=549115,네이버뉴스,joongangenews.com,유럽 매출 48% 뛴 에이블씨엔씨⋯ 신유정 대표 “100년 브랜드 만들 것”,https://www.viva100.com/article/20260920500246,네이버뉴스,viva100.com,미작성,미발행,,,,
82bbf222b6dc8747,2026-09-21,패션뷰티,일반,"수원시, ‘2026 뷰티썸 수원’ 11월 개막···""K-뷰티 한자리에""",네이버뉴스 등 3개 기사,"수원시, ‘2026 뷰티썸 수원’ 11월 개막···""K-뷰티 한자리에""",http://www.beyondpost.co.kr/view.php?ud=202609210742069344c878f8fa1_30,네이버뉴스,beyondpost.co.kr,잘 팔려도 걱정…200개국 뚫은 K뷰티에 날아든 ‘규제 청구서’,https://economist.co.kr/article/view/ecn202609160040,네이버뉴스,economist.co.kr,"[2026 전남광주뷰티산업전] 아름다운상상, 자체 화장품 맞춤형 K-뷰티 브...",https://www.etnews.com/20260918000233,네이버뉴스,etnews.com,미작성,미발행,,,,
e12b2ac005a80dc3,2026-09-21,패션뷰티,일반,"샤르드, H&B 넘어 약국 유통 확대…무신사온누리약국 입점",네이버뉴스 등 3개 기사,"샤르드, H&B 넘어 약국 유통 확대…무신사온누리약국 입점",http://www.thefirstmedia.net/news/articleView.html?idxno=209137,네이버뉴스,thefirstmedia.net,"뉴셀렉트 '샤르드', 약국 유통 확대…'파머시 뷰티' 시장 공략",http://www.dailysmart.co.kr/news/articleView.html?idxno=129985,네이버뉴스,dailysmart.co.kr,"샤르드, '파머시 뷰티' 확산 속 무신사온누리약국 입점",http://www.hansbiz.co.kr/news/articleView.html?idxno=866538,네이버뉴스,hansbiz.co.kr,미작성,미발행,,,,
5f9a733b7789c4ae,2026-09-21,패션뷰티,일반,“ 화장품 어디서 사세요?”…올리브영·다이소 다음은 ‘약국’,네이버뉴스 등 3개 기사,“ 화장품 어디서 사세요?”…올리브영·다이소 다음은 ‘약국’,https://www.kukinews.com/article/view/kuk202609180163,네이버뉴스,kukinews.com,“왕이 될 상인가” 로드숍→올리브영 다음은…‘더마’ K뷰티 왕좌 흔...,https://www.edaily.co.kr/News/Read?newsId=01469446645582088&mediaCodeNo=257&utm_source=naver&utm_medium=referral&utm_campaign=news_syndication&utm_content=original_article,네이버뉴스,edaily.co.kr,“ 화장품 사러 이젠 약국 간다”…강남·성수·명동서 뜨는 ‘파머시 뷰...,https://www.mk.co.kr/article/12157322,네이버뉴스,mk.co.kr,미작성,미발행,,,,
e9ec764118086203,2026-09-21,패션뷰티,일반,K-뷰티 청년기업 간담회 개최… 화장품 산업육성법 제정 기념,네이버뉴스 등 3개 기사,K-뷰티 청년기업 간담회 개최… 화장품 산업육성법 제정 기념,https://medicalworldnews.co.kr/news/view.php?idx=1510977346,네이버뉴스,medicalworldnews.co.kr,"정은경 복지부 장관 "" 화장품 산업육성법으로 K-뷰티 세계 1위 도약""",https://www.newspim.com/news/view/20260918000932,네이버뉴스,newspim.com,"[2026 전남광주뷰티산업전] 뷰티슬림, NMN 저속노화 기초 화장품 라인 제...",https://www.etnews.com/20260918000231,네이버뉴스,etnews.com,미작성,미발행,,,,
51f764a9812e4dfa,2026-09-21,카테크 · 자동차,일반,"현대차 투싼, 6년 만의 완전변경… 신차 효과로 내수 반등 노린다",네이버뉴스 등 3개 기사,"현대차 투싼, 6년 만의 완전변경… 신차 효과로 내수 반등 노린다",https://daily.hankooki.com/news/articleView.html?idxno=1408085,네이버뉴스,daily.hankooki.com,"현대차, '디 올 뉴 투싼' 최초 공개...위기탈출 도움될까",http://www.choicenews.co.kr/news/articleView.html?idxno=171533,네이버뉴스,choicenews.co.kr,6년 만 완전변경 '투싼'…왜 하이브리드·AI를 전면에 세웠나,http://www.newsprime.co.kr/news/article.html?no=748427,네이버뉴스,newsprime.co.kr,미작성,미발행,,,,
afb16b4a65047094,2026-09-21,카테크 · 자동차,일반,작년 온실가스 총배출량 0.9% 줄었지만… 경북 산불에 ‘순배출량’은 ...,네이버뉴스 등 3개 기사,작년 온실가스 총배출량 0.9% 줄었지만… 경북 산불에 ‘순배출량’은 ...,http://www.metroseoul.co.kr/article/20260920500180,네이버뉴스,metroseoul.co.kr,작년 온실가스 총배출 6억8571만톤 '0.9%↓'…산불에 순배출 0.5%↑,https://www.news1.kr/economy/trend/6295787,네이버뉴스,news1.kr,지난해 온실가스 배출 0.9%↓…산불 여파에 순배출량은 0.5%↑,https://www.ajunews.com/view/20260918163721181,네이버뉴스,ajunews.com,미작성,미발행,,,,
bde9859abaa5afd0,2026-09-21,카테크 · 자동차,일반,"기아, 전기차 연간 10만대 판매…완성차 업계 첫 기록",네이버뉴스 등 3개 기사,"기아, 전기차 연간 10만대 판매…완성차 업계 첫 기록",http://www.srtimes.kr/news/articleView.html?idxno=212930,네이버뉴스,srtimes.kr,기아 전기차 국내판매 10만대 ‘돌파’…완성차 브랜드 ‘최초’,https://www.dt.co.kr/article/12084883?ref=naver,네이버뉴스,dt.co.kr,울산 하이브리드 최대 100만원 세제혜택 올해 종료 추진… 전기차 도 축소,https://www.getnews.co.kr/news/articleView.html?idxno=881326,네이버뉴스,getnews.co.kr,미작성,미발행,,,,
a6918186511971f8,2026-09-21,카테크 · 자동차,일반,2025년 국가 온실가스 배출량 6억8571만톤...전년보다 0.9% 감소,네이버뉴스 등 3개 기사,2025년 국가 온실가스 배출량 6억8571만톤...전년보다 0.9% 감소,https://www.m-economynews.com/news/article.html?no=70898,네이버뉴스,m-economynews.com,지난해 국가 온실가스 잠정배출량 6억8571만톤 기록…전년 대비 610만톤...,http://www.e-platform.net/news/articleView.html?idxno=105565,네이버뉴스,e-platform.net,2025년 온실가스 배출량 6억8571만t…순배출량은 산불 영향에 되레 증가,https://www.fnnews.com/news/202609201253361133,네이버뉴스,fnnews.com,미작성,미발행,,,,
3e3b7a946a24bd32,2026-09-21,카테크 · 자동차,일반,"""더 크고 똑똑해졌다"" 6년 만에 확 바뀐 투싼…미국 시장 본격 공략 채비",네이버뉴스 등 3개 기사,"""더 크고 똑똑해졌다"" 6년 만에 확 바뀐 투싼…미국 시장 본격 공략 채비",http://www.mbn.co.kr/pages/news/newsView.php?news_seq_no=5220454,네이버뉴스,mbn.co.kr,"6년 만에 싹 바뀐 투싼…""첫 차 안전 기준 높였다""",https://news.mtn.co.kr/news-detail/2026091816365817272,네이버뉴스,news.mtn.co.kr,6년 만에 싹 바뀐 현대차 투싼… 근육질 외관에 뒷문 83도 ‘활짝’,https://biz.chosun.com/industry/car/2026/09/20/52AX5XPPZVGO5BLNUYX6JJBKKM/?utm_source=naver&utm_medium=original&utm_campaign=biz,네이버뉴스,biz.chosun.com,미작성,미발행,,,,
1dee3cab83e93b32,2026-09-21,카테크 · IT,일반,"中 CXMT, 5세대 D램 양산 돌입...삼성·SK하이닉스 추격 가속",네이버뉴스 등 3개 기사,"中 CXMT, 5세대 D램 양산 돌입...삼성·SK하이닉스 추격 가속",https://www.m-economynews.com/news/article.html?no=70903,네이버뉴스,m-economynews.com,"CXMT, 5세대 D램 양산…삼성전자·SK하이닉스 추격 속도",http://www.kjdaily.com/article.php?aid=1789942493687357227,네이버뉴스,kjdaily.com,"중국 CXMT, 5세대 D램 공정 양산 돌입...삼전닉스 추격 가속",http://www.beyondpost.co.kr/view.php?ud=2026092106022725712aaae0046f_30,네이버뉴스,beyondpost.co.kr,미작성,미발행,,,,
51d4166962b4e133,2026-09-21,카테크 · IT,일반,200만원 아이폰18 프로 ‘제멋대로 재부팅’…‘패닉풀’에 소비자 분통,네이버뉴스 등 3개 기사,200만원 아이폰18 프로 ‘제멋대로 재부팅’…‘패닉풀’에 소비자 분통,https://www.segye.com/newsView/20260920504748?OutUrl=naver,네이버뉴스,segye.com,아이폰18 프로 출시 이틀만에 ‘패닉풀’···제멋대로 재부팅에 “200...,https://weekly.khan.co.kr/article/202609201940001,네이버뉴스,weekly.khan.co.kr,"아이폰18 프로, 사자마자 ‘제멋대로 재부팅’… ‘패닉풀’ 속출에 소...",https://biz.chosun.com/it-science/ict/2026/09/20/NVTNVH4C3ZBELJBARN4BEP6RZI/?utm_source=naver&utm_medium=original&utm_campaign=biz,네이버뉴스,biz.chosun.com,미작성,미발행,,,,
d30048b2e00b0dc5,2026-09-21,카테크 · IT,일반,10월 '아이폰 듀오' 국내 출시…통신사 '애플 특수' 이어지나,네이버뉴스 등 3개 기사,10월 '아이폰 듀오' 국내 출시…통신사 '애플 특수' 이어지나,https://www.digitaltoday.co.kr/news/articleView.html?idxno=701662,네이버뉴스,digitaltoday.co.kr,애플 아이폰 400만원 시대…“AI 여전히 뒤처져”,https://www.sedaily.com/article/20093201?ref=naver,네이버뉴스,sedaily.com,"아이폰18 프로 출시 이틀 만에... ""원인 알 수 없는 재부팅 속출""",https://www.hankookilbo.com/news/article/A2026092016330000348?did=NA,네이버뉴스,hankookilbo.com,미작성,미발행,,,,
5d7e858d30053674,2026-09-21,스포츠,일반,"한국에 져도 상관없다? 대만이 왕옌청 아끼는 이유 있다…""결과 안 좋아...",네이버뉴스 등 3개 기사,"한국에 져도 상관없다? 대만이 왕옌청 아끼는 이유 있다…""결과 안 좋아...",https://www.xportsnews.com/article/2197968,네이버뉴스,xportsnews.com,"'목표는 금메달' 韓 야구 , 아시안게임 결과 예측과 라이벌 분석[한국스...",https://www.sportschosun.com/baseball/2026-09-20/202609200100136110008863,네이버뉴스,sportschosun.com,"[AG 이슈] 곽빈, 1차전 대만전 선발 중책… 대만은 왕옌청 아닌 ‘깜짝 ...",https://www.sportsworldi.com/newsView/20260921502237,네이버뉴스,sportsworldi.com,미작성,미발행,,,,
8149dc070b51c958,2026-09-21,스포츠,일반,"이정후 3경기 연속 안타 행진, 김하성은 5경기째 무안타",네이버뉴스 등 3개 기사,"이정후 3경기 연속 안타 행진, 김하성은 5경기째 무안타",https://www.mediafine.co.kr/news/articleView.html?idxno=90378,네이버뉴스,mediafine.co.kr,이정후 3경기 연속 안타…김하성은 5경기 연속 침묵,https://www.yna.co.kr/view/AKR20260921015600007?input=1195m,네이버뉴스,yna.co.kr,"메이저리그 샌프란시스코, 이정후 3경기 연속 안타…타율 0.276",https://news.sbs.co.kr/news/endPage.do?news_id=N1008762852&plink=RSSLINK&cooper=RSSREADER,스포츠 - SBS 뉴스 섹션,news.sbs.co.kr,미작성,미발행,,,,
bc0ebf161ea538da,2026-09-21,스포츠,일반,숙적 일본 꺾고 12년 만에 금메달…'이현중 27점' 폭발,스포츠 - SBS 뉴스 섹션 등 3개 기사,숙적 일본 꺾고 12년 만에 금메달…'이현중 27점' 폭발,https://news.sbs.co.kr/news/endPage.do?news_id=N1008762659&plink=RSSLINK&cooper=RSSREADER,스포츠 - SBS 뉴스 섹션,news.sbs.co.kr,"'27점 18리바운드' 이현중 원맨쇼…남자농구, 일본 잡고 12년 만에 금메달",https://www.yonhapnewstv.co.kr/news/AKR20260920221008jvG,연합뉴스TV :: 대한민국 뉴스의 시작. 채널 23 » 스포츠,yonhapnewstv.co.kr,"남자 농구, '홈팀' 일본 꺾고 12년 만에 금메달[나고야AG]",https://www.newsis.com/view/NISX20260920_0003797303,스포츠,newsis.com,미작성,미발행,,,,
18b6cc98822541b7,2026-09-21,스포츠,일반,"“이강인 명백한 퇴장” 모리뉴, 캡처사진 들고 기자회견...레알 SNS 박제...",네이버뉴스 등 3개 기사,"“이강인 명백한 퇴장” 모리뉴, 캡처사진 들고 기자회견...레알 SNS 박제...",https://www.joongang.co.kr/article/25463561,네이버뉴스,joongang.co.kr,"'이강인 사진' 들고 ""명백한 퇴장감""…모리뉴, 판정 불만 토로",http://mbn.mk.co.kr/pages/news/newsView.php?category=mbn00008&news_seq_no=5220496,네이버뉴스,mbn.mk.co.kr,“이건 명백한 퇴장”… 이강인 태클 장면 프린트 들고온 모리뉴,https://www.kmib.co.kr/article/view.asp?arcid=9000013941&cp=nv,네이버뉴스,kmib.co.kr,미작성,미발행,,,,
720ba367eb44a9c5,2026-09-21,방송연예,일반,"이준영, 송강 살린 구원자였다…군복무 중에도 ‘포핸즈’ 3주 연속 화...",네이버뉴스 등 3개 기사,"이준영, 송강 살린 구원자였다…군복무 중에도 ‘포핸즈’ 3주 연속 화...",http://www.osen.co.kr/article/G1112879172,네이버뉴스,osen.co.kr,"이준영, 송강 살린 구원자였다...'포핸즈' 3주 연속 화제 성 1위 견인",https://www.slist.kr/news/articleView.html?idxno=767596,네이버뉴스,slist.kr,"‘포핸즈’ 이준영, 송강 살린 구원자였다…반전 거듭한 최정요로 극 장...",https://swtvnews.com/news/newsview.php?ncode=1065563426915745,네이버뉴스,swtvnews.com,미작성,미발행,,,,
c40e855b58576039,2026-09-21,방송연예,일반,"방탄, 6년 만 '아이하트라디오 뮤직 페스티벌' 출연",방송/연예 - SBS 뉴스 섹션 등 3개 기사,"방탄, 6년 만 '아이하트라디오 뮤직 페스티벌' 출연",https://news.sbs.co.kr/news/endPage.do?news_id=N1008762615&plink=RSSLINK&cooper=RSSREADER,방송/연예 - SBS 뉴스 섹션,news.sbs.co.kr,"방탄소년단, 미 페스티벌 피날레 주인공…""이게 바로 BTS 2.0""",https://www.yonhapnewstv.co.kr/news/AKR20260920104213GOG,연합뉴스TV :: 대한민국 뉴스의 시작. 채널 23 » 문화·연예,yonhapnewstv.co.kr,"방탄소년단, 美 대형 페스티벌 피날레…'BTS 2.0' 형상화",https://www.newsis.com/view/NISX20260920_0003796875,연예,newsis.com,미작성,미발행,,,,
dc7b6a2e5bba9003,2026-09-21,방송연예,일반,"“딸 같다” 미모 극찬..46세 이지혜, 실리프팅·인중축소술 하길 잘했...",네이버뉴스 등 3개 기사,"“딸 같다” 미모 극찬..46세 이지혜, 실리프팅·인중축소술 하길 잘했...",http://www.osen.co.kr/article/G1112879040,네이버뉴스,osen.co.kr,"이지혜, 인중축소술+실리프팅 대성공…""너무 젊어졌다"" 비비 소름 (식스...",https://www.xportsnews.com/article/2197929,네이버뉴스,xportsnews.com,"이지혜, 실리프팅+인중축소술 대성공..비비 ""못 알아봐, 너무 동안""(식스...",https://www.sportschosun.com/entertainment/2026-09-20/202609200100138740009031,네이버뉴스,sportschosun.com,미작성,미발행,,,,
284c625f6435a1e2,2026-09-21,방송연예,일반,"'포핸즈' 이준영, 기억 잃은 척 다 속였다…소름 돋는 두 얼굴",네이버뉴스 등 3개 기사,"'포핸즈' 이준영, 기억 잃은 척 다 속였다…소름 돋는 두 얼굴",https://www.ize.co.kr/news/articleView.html?idxno=80935,네이버뉴스,ize.co.kr,이준영의 두 얼굴 ...'포핸즈' 3주 연속 화제 성 1위 견인,http://www.stoo.com/article.php?aid=108978793998,네이버뉴스,stoo.com,"이준영, 송강 살려놓고 복수 시작…‘포핸즈’ 뒤집은 두 얼굴",https://sports.donga.com/ent/article/all/20260921/134707412/1,네이버뉴스,sports.donga.com,미작성,미발행,,,,
1ee6df38fee6c9b8,2026-09-21,고생물,일반,中 남서부 동굴서 데니소바인 화석 발견,네이버뉴스 등 3개 기사,中 남서부 동굴서 데니소바인 화석 발견,https://www.dongascience.com/news/view/79846,네이버뉴스,dongascience.com,‘고대 인류’ 데니소바인 새 화석 발굴 … 몸 형태 가늠할 팔뼈도 포함,https://www.hani.co.kr/arti/science/science_general/1277085.html,네이버뉴스,hani.co.kr,"우리나라에서 발견 된 공룡 화석 , 천연기념물 됐어요",https://kids.donga.com/news/articleView.html?idxno=169786,네이버뉴스,kids.donga.com,미작성,미발행,,,,
66229cffd2b3971e,2026-09-21,고생물,일반,2천년대 보성서 찾은 공룡 뼈... '국내 유일' 가치 인정받기까지,네이버뉴스 등 3개 기사,2천년대 보성서 찾은 공룡 뼈... '국내 유일' 가치 인정받기까지,https://www.polinews.co.kr/news/articleView.html?idxno=742413,네이버뉴스,polinews.co.kr,"보성서 찾은 한반도 최초 조각류 공룡 골격, 천연기념물 됐다",https://www.newsis.com/view/NISX20260907_0003779031,네이버뉴스,newsis.com,"“수천만 년 잠든 보성의 공룡 , 국가유산으로 깨어났다”",https://www.sportsseoul.com/news/read/1633344?ref=naver,네이버뉴스,sportsseoul.com,미작성,미발행,,,,
7fb1ca0b43e3379f,2026-09-21,고생물,일반,"2억4천만년 전 화석 이 바꾼 공룡 의 역사…“최초 공룡 시기, 1000만년 늦...",네이버뉴스 등 3개 기사,"2억4천만년 전 화석 이 바꾼 공룡 의 역사…“최초 공룡 시기, 1000만년 늦...",https://www.mk.co.kr/article/12156152,네이버뉴스,mk.co.kr,"[사이테크+] "" 공룡 똥 화석 속 6천600만년 전 새 깃털…조류 생존 비결 단...",https://www.yna.co.kr/view/AKR20260910143000017?input=1195m,네이버뉴스,yna.co.kr,공룡 멸종했는데 새는 생존...똥 화석 에 숨겨진 단서 발견,http://www.wowtv.co.kr/NewsCenter/News/Read?articleId=A202609110312&t=NN,네이버뉴스,wowtv.co.kr,미작성,미발행,,,,
1c90713881d90e09,2026-09-21,경제 · 한국 주식,일반,사흘만 장 열리는 코스피 …미중 정상회담·미 금리 ‘촉각’,네이버뉴스 등 3개 기사,사흘만 장 열리는 코스피 …미중 정상회담·미 금리 ‘촉각’,https://www.mk.co.kr/article/12157738,네이버뉴스,mk.co.kr,금리 인상에도 반도체주 강세…미중 정상회담·메타 행사 주목[이번주 ...,https://www.mt.co.kr/world/2026/09/21/2026092016482142535,네이버뉴스,mt.co.kr,[뉴욕증시 전망] 연준 추가 금리 인상 촉각…AI 성장 둔화·중동 변수 주...,https://www.thefairnews.co.kr/news/articleView.html?idxno=88610,네이버뉴스,thefairnews.co.kr,미작성,미발행,,,,
1abc48001aa7bd40,2026-09-21,경제 · 한국 주식,일반,반도체 훈풍 탄 코스피 …추석 전후 ‘전약후강’ 재현할까,네이버뉴스 등 3개 기사,반도체 훈풍 탄 코스피 …추석 전후 ‘전약후강’ 재현할까,https://www.kbmaeil.com/article/20260921500032,네이버뉴스,kbmaeil.com,"추석 뒤 코스닥, 20년간 코스피 이긴 건 5번…올해는 다를까",https://biz.chosun.com/stock/stock_general/2026/09/21/Z4FFOKG2FVG7HEXQFKQMY5MYII/,Chosunbiz,biz.chosun.com,[프리마켓 포커스] 美 반도체 훈풍에 국내 증시 상승… 국채금리 5%는 부...,http://www.the-biz.co.kr/news/articleView.html?idxno=728147,네이버뉴스,the-biz.co.kr,미작성,미발행,,,,
2a706a7b261a7fa5,2026-09-21,경제 · 한국 주식,일반,[박정식의 국내 주식시황] 인공지능(AI) 투자 지속 기대감에 반도체 섹...,네이버뉴스 등 3개 기사,[박정식의 국내 주식시황] 인공지능(AI) 투자 지속 기대감에 반도체 섹...,https://www.newsquest.co.kr/news/articleView.html?idxno=301303,네이버뉴스,newsquest.co.kr,"[부자들의 투자노트] KKR ""채권보다 주식 더 선호""",https://biz.sbs.co.kr/article_hub/20000335779?division=NAVER,네이버뉴스,biz.sbs.co.kr,[금감원 Q&A] “나스닥 상장 임박” 믿었다간 낭패…비상장 주식 투자 주...,http://www.metroseoul.co.kr/article/20260920500011,네이버뉴스,metroseoul.co.kr,미작성,미발행,,,,
63a4933ab32d2a27,2026-09-21,경제 · 한국 주식,일반,"[굿모닝 증시]""이번주도 박스피…오는 30일 마이크론 실적까진 지켜보자...",네이버뉴스 등 3개 기사,"[굿모닝 증시]""이번주도 박스피…오는 30일 마이크론 실적까진 지켜보자...",https://view.asiae.co.kr/article/2026092108072992747,네이버뉴스,view.asiae.co.kr,미중 정상회담ㆍ추석 앞두고 긴장한 韓 증시...이번주 전망은?,https://www.ajunews.com/view/20260920144924868,네이버뉴스,ajunews.com,[이번주 증시 ] 사흘만 여는 코스피 …미중 정상회담·금리 '주목',http://www.newsian.co.kr/news/articleView.html?idxno=95695,네이버뉴스,newsian.co.kr,미작성,미발행,,,,
07f3e0075c9cac63,2026-09-21,경제 · 한국 주식,일반,"[AI MY 증시 전망] 코스피, 반도체 강세에 상승 시도…7000선 재진입 '주...",네이버뉴스 등 3개 기사,"[AI MY 증시 전망] 코스피, 반도체 강세에 상승 시도…7000선 재진입 '주...",https://www.newspim.com/news/view/20260921000058,네이버뉴스,newspim.com,[ 오늘 의 투자전략] 코스피 7000선 재진입 시도⋯추석 앞두고 ‘수급 공...,https://www.etoday.co.kr/news/view/2627707,네이버뉴스,etoday.co.kr,[주간 증시 전망 ] 사흘만 열리는 코스피 ···휴장 중 미중회담·유엔총회...,https://www.seoulfn.com/news/articleView.html?idxno=638388,네이버뉴스,seoulfn.com,미작성,미발행,,,,
ef757b2099306b58,2026-09-21,경제 · 한국 정책 이슈,일반,"신한은행·국민은행·미래에셋증권 등 10개 금융 사, 소비자보호 빛났다...",네이버뉴스 등 3개 기사,"신한은행·국민은행·미래에셋증권 등 10개 금융 사, 소비자보호 빛났다...",http://www.consumernews.co.kr/news/articleView.html?idxno=764177,네이버뉴스,consumernews.co.kr,"추석 앞둔 금융 권, 103조 푼다···전통시장·취약 계층 지원도 확산",https://www.womaneconomy.co.kr/news/articleView.html?idxno=258926,네이버뉴스,womaneconomy.co.kr,"구멍뚫린 금융 소비자 보호법, 5년째 답보 중",https://www.sidae.com/article/2026091813533267404,네이버뉴스,sidae.com,미작성,미발행,,,,
a58e96307e45f4a5,2026-09-21,경제 · 한국 정책 이슈,일반,베트남 빈그룹부터 메타까지… 한국 자본시장 찾는 해외 기업들,Chosunbiz 등 3개 기사,베트남 빈그룹부터 메타까지… 한국 자본시장 찾는 해외 기업들,https://biz.chosun.com/stock/market_trend/2026/09/21/ZCS57VPOVBCHPDTGE6ZPI722S4/,Chosunbiz,biz.chosun.com,美 금리 인상 여파 한국도 인상카드 만지작…가계·기업 이자 부담 커질...,https://www.kwnews.co.kr/article/20260920501146,네이버뉴스,kwnews.co.kr,"진옥동 ""베트남 최대 기업과 협력 확대""",https://www.hankyung.com/article/2026092062921,한국경제 | 뉴스 | 경제,hankyung.com,미작성,미발행,,,,
680fed3eef11c0cd,2026-09-21,경제 · 한국 정책 이슈,일반,"iM證 “삼성SDI, 전력 인프라 업체로 재평가… 목표가 80만원으로↑”",Chosunbiz 등 3개 기사,"iM證 “삼성SDI, 전력 인프라 업체로 재평가… 목표가 80만원으로↑”",https://biz.chosun.com/stock/stock_general/2026/09/21/XQVPX77H2VHWHJSGFMVUSRVNRY/,Chosunbiz,biz.chosun.com,"""삼성SDI, 전력 인프라 기업으로 재평가…목표가↑""-iM",https://www.hankyung.com/article/2026092167996,한국경제 | 뉴스 | 증권,hankyung.com,전력망 찜해놓고 방치 … 유령사업자 80% 퇴출,https://www.mk.co.kr/news/economy/12157614,매일경제 : 경제,mk.co.kr,미작성,미발행,,,,
c07935122994a08f,2026-09-21,경제 · 한국 정책 이슈,일반,[이번주 한국은행 및 금융 위·금감원 일정],네이버뉴스 등 3개 기사,[이번주 한국은행 및 금융 위·금감원 일정],https://news.einfomax.co.kr/news/articleView.html?idxno=4435810,네이버뉴스,news.einfomax.co.kr,금주 한국은행 및 금융 당국( 금융 위·금감원) 주요일정,http://www.joseilbo.com/news/news_read.php?uid=576062&class=18&grp=,네이버뉴스,joseilbo.com,"한국투자증권, 전역 장교 해마다 채용…금융과 군 리더십 시너지",https://www.hankyung.com/article/2026092057491,한국경제 | 뉴스 | 증권,hankyung.com,미작성,미발행,,,,
76eae6e520eae192,2026-09-21,경제 · 한국 정책 이슈,일반,'14G 13승' 파죽지세! '크로넨워스 5타점 폭발' 샌디에이고 가을야구 눈앞...송성문 대수비 출장-내야땅볼 [SD 리뷰],Chosunbiz 등 3개 기사,'14G 13승' 파죽지세! '크로넨워스 5타점 폭발' 샌디에이고 가을야구 눈앞...송성문 대수비 출장-내야땅볼 [SD 리뷰],https://biz.chosun.com/sports/baseball/2026/09/21/MQYTMOBSG4ZWMYJZGJTGEOBRGI/,Chosunbiz,biz.chosun.com,[단독] 기초연금 1인 84만원 내야…13년새 부담액 4배 '급증',https://www.hankyung.com/article/2026092063311,한국경제 | 뉴스 | 경제,hankyung.com,원/달러 환율 1380원대…상단 1400원 경계,https://www.sidae.com/article/2026091815052956048,네이버뉴스,sidae.com,미작성,미발행,,,,
dadbbd80099caa4e,2026-09-21,경제 · 재테크,일반,은행권 예금 금리 경쟁 치열…이달 정기예금 5조원 늘어,Chosunbiz 등 3개 기사,은행권 예금 금리 경쟁 치열…이달 정기예금 5조원 늘어,https://biz.chosun.com/stock/stock_general/2026/09/21/MI2DENJQMNSWCMTGGVTGKZDFGU/,Chosunbiz,biz.chosun.com,12개월 최고 연 3.86%…광주은행 '굿스타트예금' [이주의 은행 예금 금리 ...,https://www.fntimes.com/html/view.php?ud=2026091811473159701b5a221379_18,네이버뉴스,fntimes.com,발행어음 8개사 시대…삼성증권 가세에 금리 경쟁 불붙나,https://www.imaeil.com/page/view/2026091610220050891,네이버뉴스,imaeil.com,미작성,미발행,,,,
f03a7421b859de84,2026-09-21,경제 · 재테크,일반,비트코인 8만1000달러 돌파 후 ‘숨 고르기’… ETF엔 자금 유입,Chosunbiz 등 3개 기사,비트코인 8만1000달러 돌파 후 ‘숨 고르기’… ETF엔 자금 유입,https://biz.chosun.com/stock/finance/2026/09/21/PINOTVBELZHMVD6ZKB6F656SFI/,Chosunbiz,biz.chosun.com,"KB자산운용 '밸류업 커버드콜 ETF', 순자산 3000억 돌파",http://www.newslock.co.kr/news/articleView.html?idxno=136554,네이버뉴스,newslock.co.kr,"비트코인 ETF , 장기적으로 금 ETF 넘어설 가능성 거론",https://www.tokenpost.kr/news/cryptocurrency/409983,네이버뉴스,tokenpost.kr,미작성,미발행,,,,
48a0dce516916c68,2026-09-21,경제 · 재테크,일반,李 기자회견 직후 지지율 반등…10주 만에 하락세 멈췄다 [리얼미터],Chosunbiz 등 3개 기사,李 기자회견 직후 지지율 반등…10주 만에 하락세 멈췄다 [리얼미터],https://biz.chosun.com/policy/politics/assembly/2026/09/21/GIATW4SBYBECVKXIQOZBLL2R44/,Chosunbiz,biz.chosun.com,재테크 투자서 100권 독파하고 8년 만에 22억 자산 일군 직장인,https://weekly.donga.com/3/all/11/6392032/1,네이버뉴스,weekly.donga.com,코픽스 상승세 멈췄지만···반등 전망 속 변동형 차주 '발동동' (종합...,https://www.seoulfn.com/news/articleView.html?idxno=638036,네이버뉴스,seoulfn.com,미작성,미발행,,,,
6116c3f2edd34a1e,2026-09-21,경제 · 재테크,일반,[하나은행] '공적 연금 라운지' 출시 / 대전 '하나더넥스트 라운지' / 나...,네이버뉴스 등 3개 기사,[하나은행] '공적 연금 라운지' 출시 / 대전 '하나더넥스트 라운지' / 나...,https://www.webeconomy.co.kr/news/articleView.html?idxno=2313099,네이버뉴스,webeconomy.co.kr,"하나은행, 연금 전문가와 맞춤형 세미나 개최",http://www.newsbrite.net/news/articleView.html?idxno=200426,네이버뉴스,newsbrite.net,"하나은행, 연금 부터 스포츠까지... '사람에 투자 ' ESG 보폭 넓힌다",https://www.stnsports.co.kr/news/articleView.html?idxno=322776,네이버뉴스,stnsports.co.kr,미작성,미발행,,,,
b365188c6addf49d,2026-09-21,경제 · 재테크,일반,"""은퇴 후 10억 모으지 마라""…월 300만원 평생 버는 '3층 연금 ' 비결",네이버뉴스 등 3개 기사,"""은퇴 후 10억 모으지 마라""…월 300만원 평생 버는 '3층 연금 ' 비결",https://www.fnnews.com/news/202609200926015374,네이버뉴스,fnnews.com,"하나은행, 퇴직 연금 고객 은퇴설계 지원…전문가 상담 강화",https://www.newscammp.co.kr/news/articleView.html?idxno=6930,네이버뉴스,newscammp.co.kr,"""남들이 보면 지루한 삶""...30대 부부 '자산 16억' 비결",https://www.mt.co.kr/finance/2026/09/16/2026091514483354814,네이버뉴스,mt.co.kr,미작성,미발행,,,,
4a7dd5685e2e978d,2026-09-21,경제 · 부동산,일반,"전세난에 ""차라리 집 산다""…서울 외곽으로 몰리는 '생존 매수'",네이버뉴스 등 3개 기사,"전세난에 ""차라리 집 산다""…서울 외곽으로 몰리는 '생존 매수'",https://www.asiatime.co.kr/article/20260920500020,네이버뉴스,asiatime.co.kr,""" 전세 부터 시작하라? 그건 옛날 얘기""…서울서 사라지는 '주거 사다리'",http://weekly.chosun.com/news/articleView.html?idxno=55378,네이버뉴스,weekly.chosun.com,[집중진단] 강남 식으면 뭐하나? 외곽은 ‘불장’인데…서울 집값 최장...,https://biz.sbs.co.kr/article_hub/20000335248?division=NAVER,네이버뉴스,biz.sbs.co.kr,미작성,미발행,,,,
99c65e4c0eda01dd,2026-09-21,경제 · 부동산,일반,"이 대통령 "" 부동산 시장 점차 안정될 것""...토허제 유예로 거래 숨통도...",네이버뉴스 등 3개 기사,"이 대통령 "" 부동산 시장 점차 안정될 것""...토허제 유예로 거래 숨통도...",https://www.ytn.co.kr/_ln/0102_202609210729476437,네이버뉴스,ytn.co.kr,실거주 유예 1년 연장…토허제 거래 숨통 트일까,http://www.opinionnews.co.kr/news/articleView.html?idxno=144659,네이버뉴스,opinionnews.co.kr,토허제 실거주 유예 연장…거래 문턱 낮췄지만 당장 거래량은 '글쎄',https://www.shinailbo.co.kr/news/articleView.html?idxno=5063664,네이버뉴스,shinailbo.co.kr,미작성,미발행,,,,
b22a5eace0c462e5,2026-09-21,경제 · 부동산,일반,"① 집값 평탄화 ②공급 부진 남탓 ③전세난=정상화 … 진단부터 잘못, 이...",네이버뉴스 등 3개 기사,"① 집값 평탄화 ②공급 부진 남탓 ③전세난=정상화 … 진단부터 잘못, 이...",https://biz.newdaily.co.kr/site/data/html/2026/09/18/2026091800312.html,네이버뉴스,biz.newdaily.co.kr,"“ 집값 안정, 이 정부는 할것… 강남 내리고 외곽 오르는 평탄화 중”",https://www.donga.com/news/Politics/article/all/20260919/134699715/2,네이버뉴스,donga.com,"李대통령 "" 집값 평탄화""…전문가들 ""규제 따른 수요 이동, 안정과는 달...",https://www.newspim.com/news/view/20260918001052,네이버뉴스,newspim.com,미작성,미발행,,,,
885f94d0bca7e314,2026-09-21,경제 · 부동산,일반,“집값만 보다간 집값 못 잡는다…도시 공간 늘려 주거 안정부터” [월...,네이버뉴스 등 3개 기사,“집값만 보다간 집값 못 잡는다…도시 공간 늘려 주거 안정부터” [월...,https://www.seoul.co.kr/news/plan/monday-interview/2026/09/21/20260921016002?wlog_tag3=naver,네이버뉴스,seoul.co.kr,"이재명 대통령 ""최대한 신속히 공급 늘려 집값 안정 반드시 달성""",http://www.babytimes.co.kr/news/articleView.html?idxno=74180,네이버뉴스,babytimes.co.kr,수도권 집값 잡는다…신규 택지·국공유지·재개발 총동원,https://www.cbci.co.kr/news/articleView.html?idxno=608356,네이버뉴스,cbci.co.kr,미작성,미발행,,,,
00a53d523972e245,2026-09-21,경제 · 부동산,일반,"""이 정부는 합니다""…강조 거듭하는 주택 공급 레토릭",네이버뉴스 등 3개 기사,"""이 정부는 합니다""…강조 거듭하는 주택 공급 레토릭",https://news.einfomax.co.kr/news/articleView.html?idxno=4435798,네이버뉴스,news.einfomax.co.kr,"부동산 공급 신속 확대···""이 정부는 합니다""",https://www.ktv.go.kr/content/view?content_id=761289,네이버뉴스,ktv.go.kr,"李대통령, 부동산 '공급' 의지 강조 ""공급 확대 총력, 매주 진척 확인""",http://www.whitepaper.co.kr/news/articleView.html?idxno=267036,네이버뉴스,whitepaper.co.kr,미작성,미발행,,,,
428cf2397ed62bd7,2026-09-21,경제 · 미국 주식,일반,"미국증시 , 연준 금리인상 뒤 미중회담·중동 전황 시험대",네이버뉴스 등 3개 기사,"미국증시 , 연준 금리인상 뒤 미중회담·중동 전황 시험대",https://www.topstarnews.net/news/articleView.html?idxno=16203248,네이버뉴스,topstarnews.net,칠천피 다시 시험대…반도체 훈풍 vs 美 금리 5%,https://www.ebn.co.kr/news/articleView.html?idxno=1725000,네이버뉴스,ebn.co.kr,연준 3년 만에 금리 0.25%p 인상…공급 충격엔 한계 분석,https://www.tokenpost.kr/news/economy/411164,네이버뉴스,tokenpost.kr,미작성,미발행,,,,
d68dab46a754ba05,2026-09-21,경제 · 미국 주식,일반,“후발 진입이 오히려 득”…금리 인상기 발행어음 인가 받은 삼성·메리츠證 반격 준비,Chosunbiz 등 3개 기사,“후발 진입이 오히려 득”…금리 인상기 발행어음 인가 받은 삼성·메리츠證 반격 준비,https://biz.chosun.com/stock/stock_general/2026/09/21/XBSHU3JUJZAKVB6TLOIBOGBK4I/,Chosunbiz,biz.chosun.com,"금리 올라도 기업 이익은 버틴다…러셀, 추가 인상 뒤 동결에 무게",https://www.g-enews.com/view.php?ud=202609201605351596fbbec65dfb_1,네이버뉴스,g-enews.com,美 금리 인상에도 코스피 오른다?...“관건은 10년물 금리”,https://www.mk.co.kr/article/12156255,네이버뉴스,mk.co.kr,미작성,미발행,,,,
7a9556a9ce78686e,2026-09-21,경제 · 미국 주식,일반,[오늘의 신문] 반도체 호황에 성장률 상향 기대…고금리·전세 불안은 부...,네이버뉴스 등 3개 기사,[오늘의 신문] 반도체 호황에 성장률 상향 기대…고금리·전세 불안은 부...,http://kor.theasian.asia/archives/415146,네이버뉴스,kor.theasian.asia,"한국투자證 “코스맥스, 美 쇼핑 시즌에 수출 증가 기대…목표가 34만원 상향”",https://biz.chosun.com/stock/stock_general/2026/09/21/NWSTNHLV3BEAPMPLXSJM5IQWJ4/,Chosunbiz,biz.chosun.com,"“누군 943만원, 누구는 419만원”…반도체 호황에 월급도 ‘초격차’",https://www.mk.co.kr/news/business/12157389,매일경제 : 기업/경영,mk.co.kr,미작성,미발행,,,,
4a3702607a82bbd3,2026-09-21,경제 · 미국 주식,일반,[서학개미 브리핑] 美 주식 매도하던 국내 투자 자들 다시 매수우위,네이버뉴스 등 3개 기사,[서학개미 브리핑] 美 주식 매도하던 국내 투자 자들 다시 매수우위,https://biz.sbs.co.kr/article_hub/20000335777?division=NAVER,네이버뉴스,biz.sbs.co.kr,서학개미들의 '애착 주식 ' 스트래티지 주가 왜 폭등?,https://www.ilemonde.com/news/articleView.html?idxno=30651,네이버뉴스,ilemonde.com,"3년2개월만에 금리 올린 美 ""내 주식 어쩌나""…이익 가를 변수는 'AI 투자...",https://view.asiae.co.kr/article/2026091714180009312,네이버뉴스,view.asiae.co.kr,미작성,미발행,,,,
5aac90fa11d3b8e2,2026-09-21,경제 · 미국 주식,일반,[국제금융 브리핑] 트럼프 대이란 대응 결정 단계...호르무즈· 금리 인상...,네이버뉴스 등 3개 기사,[국제금융 브리핑] 트럼프 대이란 대응 결정 단계...호르무즈· 금리 인상...,https://www.tokenpost.kr/news/economy/411243,네이버뉴스,tokenpost.kr,日 금리 인상에 유출 자금 귀환 '신호탄'…美 국채·글로벌 증시 ‘긴장...,https://www.youthdaily.co.kr/news/article.html?no=227316,네이버뉴스,youthdaily.co.kr,트럼프 “對이란 중대 결정 임박”… UN 총회 앞두고 중동 정세 ‘분수령’,https://biz.chosun.com/international/international_general/2026/09/21/6GZA4IGVEFB3LELIOFUMMXBBII/,Chosunbiz,biz.chosun.com,미작성,미발행,,,,
04f02318751b05ea,2026-09-21,건강 · 최신 이슈,일반,"[오늘의 주요일정·21일] 행안부, 추석 대비 산불 임시조립주택 현장점...",네이버뉴스 등 3개 기사,"[오늘의 주요일정·21일] 행안부, 추석 대비 산불 임시조립주택 현장점...",https://www.safetimes.co.kr/news/articleView.html?idxno=245870,네이버뉴스,safetimes.co.kr,[오늘의 주요일정]국회(9월21일 월요일),https://www.newsis.com/view/NISX20260920_0003797366,네이버뉴스,newsis.com,[오늘의 국회일정](21일·월),https://www.yna.co.kr/view/AKR20260920040500001?input=1195m,네이버뉴스,yna.co.kr,미작성,미발행,,,,
5eceaa27174afaae,2026-09-21,건강 · 최신 이슈,연예인 건강,"태진아, 7년째 치매 투병 아내에 “더 진행되지 않아 감사”",네이버뉴스 등 3개 기사,"태진아, 7년째 치매 투병 아내에 “더 진행되지 않아 감사”",https://www.segye.com/newsView/20260921502232?OutUrl=naver,네이버뉴스,segye.com,"태진아 ""♥아내 휠체어 태워 다녀...치매 진행 1년째 멈춘 상태"" ('밴라...",https://www.sportschosun.com/entertainment/2026-09-20/202609200100133250008659,네이버뉴스,sportschosun.com,"태진아, ♥옥경이 7년째 간호 중 반가운 소식 ""치매 진행 1년째 멈춰""",https://www.mydaily.co.kr/page/view/2026092021261783721,네이버뉴스,mydaily.co.kr,미작성,미발행,,,,
74dc9090c5ee57df,2026-09-21,건강 · 최신 이슈,연예인 건강,"청하, 응급실 이송 후 컨디션 회복…페스티벌서 파워풀 댄스에 여유 미...",네이버뉴스 등 3개 기사,"청하, 응급실 이송 후 컨디션 회복…페스티벌서 파워풀 댄스에 여유 미...",http://www.osen.co.kr/article/G1112879178,네이버뉴스,osen.co.kr,"청하, '관람 태도' 논란 후 응급실 이송…다행히 건강 회복 '팬들 안도'...",https://www.xportsnews.com/article/2197959,네이버뉴스,xportsnews.com,"청하의 프로페셔널리즘, 응급실 하루 만에 창백한 얼굴로 라이브",https://www.mediafine.co.kr/news/articleView.html?idxno=90290,네이버뉴스,mediafine.co.kr,미작성,미발행,,,,
388a16ffbd4ecd5a,2026-09-21,건강 · 최신 이슈,연예인 건강,"""육은영쌤 시집갔습니다""...'오사카 어깨빵 참교육' 유튜버, 깜짝 결혼",네이버뉴스 등 3개 기사,"""육은영쌤 시집갔습니다""...'오사카 어깨빵 참교육' 유튜버, 깜짝 결혼",https://www.insight.co.kr/news/574418,네이버뉴스,insight.co.kr,"“육은영쌤 시집 갔습니다”… ‘오사카 어깨빵 참교육’ 유튜버, 깜짝...",https://sports.khan.co.kr/article/202609201739003?pt=nv,네이버뉴스,sports.khan.co.kr,"“육은영쌤 시집갔습니다”... '끔찍이 솔루션' 강승구, 절세 미녀 여성...",https://www.wikitree.co.kr/articles/1160865,네이버뉴스,wikitree.co.kr,미작성,미발행,,,,
86df19b39aa7e9ad,2026-09-21,건강 · 생활 건강 정보,일반,오늘의 운세-띠별(9월21일),네이버뉴스 등 3개 기사,오늘의 운세-띠별(9월21일),http://www.kjdaily.com/article.php?aid=1789916401687236227,네이버뉴스,kjdaily.com,* 9월 20일 오늘의 운세 *,https://www.pointdaily.co.kr/news/articleView.html?idxno=318291,네이버뉴스,pointdaily.co.kr,[오늘의 운세] 2026년 9월 18일 별자리 운세,https://www.hankyung.com/article/2026090772207,네이버뉴스,hankyung.com,미작성,미발행,,,,
d6c8c0cbd5e8a297,2026-09-21,건강 · 생활 건강 정보,일반,"두 아이 엄마 맞아? 나비, 출산 후에도 탄탄 몸매 유지 비결은?",코메디닷컴 등 3개 기사,"두 아이 엄마 맞아? 나비, 출산 후에도 탄탄 몸매 유지 비결은?",https://kormedi.com/2868855/,코메디닷컴,kormedi.com,"‘43세’ 강예빈, 군살 없는 몸매 유지하는 의외의 방법… “과식 막는...",https://health.chosun.com/site/data/html_dir/2026/09/18/2026091802987.html,네이버뉴스,health.chosun.com,"정은지, 먹고 싶은 만큼 먹는다고?…“먹기 위해 운동 ” 몸매 관리 비결...",https://biz.heraldcorp.com/article/10878089?ref=naver,네이버뉴스,biz.heraldcorp.com,미작성,미발행,,,,
09f583296f6e41f9,2026-09-21,건강 · 생활 건강 정보,일반,“아침마다 눈 뻑뻑하고 따갑다면?”⋯ 안구 건조 줄이는 관리법 3가지,코메디닷컴 등 3개 기사,“아침마다 눈 뻑뻑하고 따갑다면?”⋯ 안구 건조 줄이는 관리법 3가지,https://kormedi.com/2869653/,코메디닷컴,kormedi.com,[추석연휴 건강 관리 이렇게] 과식·과음 줄이고 식사후 30분 산책…규칙...,http://www.kwangju.co.kr/article.php?aid=1789896000803542025,네이버뉴스,kwangju.co.kr,""" 콜레스테롤 , 혈당, 혈압 관리 까지"" … '귀리'의 놀라운 효능 4가지",https://news.hidoc.co.kr/news/articleView.html?idxno=67513,네이버뉴스,news.hidoc.co.kr,미작성,미발행,,,,
76606d850983f5fb,2026-09-21,건강 · 생활 건강 정보,일반,“과자 대신 먹어볼까?”⋯출출할 때 혈관 건강 돕는 식품 4가지,코메디닷컴 등 3개 기사,“과자 대신 먹어볼까?”⋯출출할 때 혈관 건강 돕는 식품 4가지,https://kormedi.com/2869570/,코메디닷컴,kormedi.com,"추석 연휴, 허리·혈관·혈당까지…꼭 챙겨야 할 건강 수칙",http://www.kmedinfo.co.kr/news/articleView.html?idxno=97812,네이버뉴스,kmedinfo.co.kr,“포만감에 혈압 관리 는 덤” 과자 대신 먹으면 좋은 간식,https://health.chosun.com/site/data/html_dir/2026/09/17/2026091701526.html,네이버뉴스,health.chosun.com,미작성,미발행,,,,
2e429cee60a3a173,2026-09-21,건강 · 생활 건강 정보,일반,"97세 위암 환자, 로봇 수술로 건강 되찾아",네이버뉴스 등 3개 기사,"97세 위암 환자, 로봇 수술로 건강 되찾아",https://www.chosun.com/national/welfare-medical/2026/09/19/WZVEUVNPFVG4HEFTYTYXPNCK5E/?utm_source=naver&utm_medium=referral&utm_campaign=naver-news,네이버뉴스,chosun.com,"97세 위암 환자, 로봇수술로 위 전체 절제",https://www.sentv.co.kr/article/view/sentv202609180160,네이버뉴스,sentv.co.kr,"서울성모병원, 97세 초고령 위암 환자 로봇수술로 치료",https://www.kpanews.co.kr/news/articleView.html?idxno=544273,네이버뉴스,kpanews.co.kr,미작성,미발행,,,,
a61eb54f33d02437,2026-09-20,패션뷰티,일반,탈모 걱정하는 세계인들 잡았다…머리 끝까지 번진 K뷰티 열풍 [김연하...,네이버뉴스 등 3개 기사,탈모 걱정하는 세계인들 잡았다…머리 끝까지 번진 K뷰티 열풍 [김연하...,https://www.sedaily.com/article/20092840?ref=naver,네이버뉴스,sedaily.com,잘 팔려도 걱정…200개국 뚫은 K뷰티에 날아든 ‘규제 청구서’,https://economist.co.kr/article/view/ecn202609160040,네이버뉴스,economist.co.kr,"정은경 복지부 장관 "" 화장품 산업육성법으로 K-뷰티 세계 1위 도약""",https://www.newspim.com/news/view/20260918000932,네이버뉴스,newspim.com,미작성,미발행,,,,
8e594d3bcc1dfbc1,2026-09-20,패션뷰티,일반,"신유정 에이블씨엔씨 대표 ""미샤, 100년 K뷰티 브랜드로 만들 것""",네이버뉴스 등 3개 기사,"신유정 에이블씨엔씨 대표 ""미샤, 100년 K뷰티 브랜드로 만들 것""",https://www.newspim.com/news/view/20260918000890,네이버뉴스,newspim.com,에이블씨엔씨 신유정 대표 “미샤를 100년 브랜드로”,https://biz.heraldcorp.com/article/10878346?ref=naver,네이버뉴스,biz.heraldcorp.com,"신유정 에이블씨엔씨 대표 ""K-뷰티 혁신에 유럽 헤리티지 더해 100년 브...",https://www.joongangenews.com/news/articleView.html?idxno=549115,네이버뉴스,joongangenews.com,미작성,미발행,,,,
8b75cd48aaef836a,2026-09-20,패션뷰티,일반,"샤르드, '파머시 뷰티' 확산 속 무신사온누리약국 입점",네이버뉴스 등 3개 기사,"샤르드, '파머시 뷰티' 확산 속 무신사온누리약국 입점",http://www.hansbiz.co.kr/news/articleView.html?idxno=866538,네이버뉴스,hansbiz.co.kr,"뉴셀렉트 '샤르드', 약국 유통 확대…'파머시 뷰티' 시장 공략",http://www.dailysmart.co.kr/news/articleView.html?idxno=129985,네이버뉴스,dailysmart.co.kr,"샤르드, 무신사온누리약국 입점… 화장품 약국 유통 접점 확대",http://www.ktnews.com/news/articleView.html?idxno=148700,네이버뉴스,ktnews.com,미작성,미발행,,,,
d482ea32399ac4db,2026-09-20,패션뷰티,일반,"김병훈 에이피알 대표, 롱제비티 대중화 선언…미용 의료기기 도전",네이버뉴스 등 3개 기사,"김병훈 에이피알 대표, 롱제비티 대중화 선언…미용 의료기기 도전",https://www.insightkorea.co.kr/news/articleView.html?idxno=254990,네이버뉴스,insightkorea.co.kr,"신유정 에이블씨엔씨 대표, 밀라노서 'K-뷰티 혁신·헤리티지 조화' 강조",http://www.mkhealth.co.kr/news/articleView.html?idxno=80159,네이버뉴스,mkhealth.co.kr,"에이블씨엔씨 신유정 대표, ""미샤, 100년 브랜드 만든다""",https://www.meconomynews.com/news/articleView.html?idxno=201789,네이버뉴스,meconomynews.com,미작성,미발행,,,,
5029dd5112285a61,2026-09-20,패션뷰티,일반,"[뷰티 트렌드] 아모레퍼시픽, '밋유어뷰티 아카데미' 2기 성료 外",네이버뉴스 등 3개 기사,"[뷰티 트렌드] 아모레퍼시픽, '밋유어뷰티 아카데미' 2기 성료 外",https://www.ibabynews.com/news/articleView.html?idxno=154653,네이버뉴스,ibabynews.com,"대한미용사회 경기도지회, 2026 경기도지사배 뷰티예술 경연대회 성료",https://www.joongboo.com/news/articleView.html?idxno=363736802,네이버뉴스,joongboo.com,[진격의 K- 뷰티 ②] 한류 열풍에 트렌디한 마케팅까지…‘인기몰이’ 이...,https://www.ekn.kr/web/view.php?key=20260915026444914,네이버뉴스,ekn.kr,미작성,미발행,,,,
b492898d93eca62e,2026-09-20,스포츠,일반,‘차범근 축구 상→서울 유스→프로 데뷔’ 고필관 “후회하면 안 되는데...,네이버뉴스 등 3개 기사,‘차범근 축구 상→서울 유스→프로 데뷔’ 고필관 “후회하면 안 되는데...,https://www.mk.co.kr/article/12157246,네이버뉴스,mk.co.kr,"[ 프로축구 ] 서울이랜드, 대구에 2-1…수원FC, 전남 완파 2위 도약",https://www.newspim.com/news/view/20260919000167,네이버뉴스,newspim.com,"태국 정부 스포츠 인재 육성 프로젝트 ‘TDP’, 축구 로 한국과 만났다",http://www.osen.co.kr/article/G1112878269,네이버뉴스,osen.co.kr,미작성,미발행,,,,
a789325e3090f85f,2026-09-20,스포츠,일반,"[GOAL 안양] '1년 2개월 만의 대표팀 복귀' 울산 조현택 ""좋게 봐 주신 모...",네이버뉴스 등 3개 기사,"[GOAL 안양] '1년 2개월 만의 대표팀 복귀' 울산 조현택 ""좋게 봐 주신 모...",https://www.goal.com/kr/뉴스/a/bltdb6122bec17fc5b4,네이버뉴스,goal.com,"'마테우스 최다골+엘쿠라노 복귀포+김정훈 PK 선방' 안양, 울산 꺾고 4경...",http://www.footballist.co.kr/news/articleView.html?idxno=214967,네이버뉴스,footballist.co.kr,"모레노 관전 김천 상무, 부천에 2대0 완승...안양, 울산에 2대1 승리",https://www.ytn.co.kr/_ln/0107_202609192316064814,네이버뉴스,ytn.co.kr,미작성,미발행,,,,
963cf9a66de384af,2026-09-20,스포츠,일반,'하나 된 아시아'…오늘부터 본격 금메달 사냥,스포츠 - SBS 뉴스 섹션 등 3개 기사,'하나 된 아시아'…오늘부터 본격 금메달 사냥,https://news.sbs.co.kr/news/endPage.do?news_id=N1008761794&plink=RSSLINK&cooper=RSSREADER,스포츠 - SBS 뉴스 섹션,news.sbs.co.kr,16일간 '하나의 아시아'…한국 '1호 금메달' 주인공은?,https://www.yonhapnewstv.co.kr/news/MYH20260919172930Y3j,연합뉴스TV :: 대한민국 뉴스의 시작. 채널 23 » 스포츠,yonhapnewstv.co.kr,태극전사 '1호 금메달' 주인공은…20일 골든선데이 도전[오늘의AG],https://www.newsis.com/view/NISX20260919_0003796732,스포츠,newsis.com,미작성,미발행,,,,
812db3c79aeaf21e,2026-09-20,스포츠,일반,"'이재성 선발' 마인츠, '옌스 부상' 묀헨글라트바흐에 4-3 역전승",스포츠 등 3개 기사,"'이재성 선발' 마인츠, '옌스 부상' 묀헨글라트바흐에 4-3 역전승",https://www.newsis.com/view/NISX20260920_0003796879,스포츠,newsis.com,"'이재성 선발' 마인츠, 묀헨글라트바흐에 4-3 역전승",https://www.yna.co.kr/view/AKR20260920005600007?input=1195m,네이버뉴스,yna.co.kr,"'난타전을 뒤집었다' 마인츠, 묀헨글라트바흐에 4-3 승…이재성 선발 시...",https://www.maniareport.com/view.php?ud=2026092008030469936cf2d78c68_19,네이버뉴스,maniareport.com,미작성,미발행,,,,
2e3ff287ff66fd86,2026-09-20,스포츠,일반,"""일본전 선발 제외 전원 대기한다"" AG 5연패, 첫 경기 대만전에 모든 게...",네이버뉴스 등 3개 기사,"""일본전 선발 제외 전원 대기한다"" AG 5연패, 첫 경기 대만전에 모든 게...",https://www.sportschosun.com/baseball/2026-09-20/202609200100133070008650,네이버뉴스,sportschosun.com,"한국전 선봉에 왕옌청 나서나…대만 매체 ""첫 경기 선발 유력""[나고야AG]",https://www.newsis.com/view/NISX20260919_0003796809,스포츠,newsis.com,"[AG이슈] 한화 왕옌청, 한국과 1차전 선발 유력… 대만 매체 “주의해야...",https://www.sportsworldi.com/newsView/20260920501243,네이버뉴스,sportsworldi.com,미작성,미발행,,,,
97a34f77477403ab,2026-09-20,방송연예,일반,"최예나, 이준에 '캐치 캐치' 뺏길 뻔?...""위기감 들어""",네이버뉴스 등 3개 기사,"최예나, 이준에 '캐치 캐치' 뺏길 뻔?...""위기감 들어""",https://www.mt.co.kr/entertainment/2026/09/20/2026092007482053792,네이버뉴스,mt.co.kr,"최예나, 이준 견제 “‘캐치 캐치’ 뺏겼다고, 위기의식에 더 연습”(전...",https://www.newsen.com/news_view.php?uid=202609191922426110,네이버뉴스,newsen.com,"최예나 ""'캐치캐치' 듣자마자 대박 느낌..이준 커버에 위기의식"" [전참시...",https://www.starnewskorea.com/broadcast-show/2026/09/19/2026091922542419270,네이버뉴스,starnewskorea.com,미작성,미발행,,,,
eb1a3c499ed43316,2026-09-20,방송연예,일반,"김수현, 시상자로 국내 무대 복귀…임영웅에 트로피 건네",연예 등 3개 기사,"김수현, 시상자로 국내 무대 복귀…임영웅에 트로피 건네",https://www.newsis.com/view/NISX20260919_0003796810,연예,newsis.com,"배우 김수현, 1년 만에 국내 공식 석상 등장 …'TMA' 시상자로 무대 올라",https://www.yonhapnewstv.co.kr/news/AKR20260919225001hMN,연합뉴스TV :: 대한민국 뉴스의 시작. 채널 23 » 문화·연예,yonhapnewstv.co.kr,"김수찬, 원삼·광주송정 무대 달궜다…민의날 공연으로 팬 사랑 전해",https://www.topstarnews.net/news/articleView.html?idxno=16200381,네이버뉴스,topstarnews.net,미작성,미발행,,,,
2bf7cfa6cd14d503,2026-09-20,방송연예,일반,"[안방 OTT , 주말n명화] 손예진의 위험한 내기…게리 올드만·러셀 크로우...",네이버뉴스 등 3개 기사,"[안방 OTT , 주말n명화] 손예진의 위험한 내기…게리 올드만·러셀 크로우...",https://www.wolyo.co.kr/news/articleView.html?idxno=318037,네이버뉴스,wolyo.co.kr,[주말의 OTT]금기된 욕망을 탐하라,https://www.newsis.com/view/NISX20260918_0003796212,연예,newsis.com,추석 전 OTT 신작 대전...손예진·현빈 부부 맞대결,https://www.ytn.co.kr/_ln/0106_202609190431183734,네이버뉴스,ytn.co.kr,미작성,미발행,,,,
1ee6df38fee6c9b8,2026-09-20,고생물,일반,中 남서부 동굴서 데니소바인 화석 발견,네이버뉴스 등 3개 기사,中 남서부 동굴서 데니소바인 화석 발견,https://www.dongascience.com/news/view/79846,네이버뉴스,dongascience.com,‘고대 인류’ 데니소바인 새 화석 발굴 … 몸 형태 가늠할 팔뼈도 포함,https://www.hani.co.kr/arti/science/science_general/1277085.html,네이버뉴스,hani.co.kr,"우리나라에서 발견 된 공룡 화석 , 천연기념물 됐어요",https://kids.donga.com/news/articleView.html?idxno=169786,네이버뉴스,kids.donga.com,미작성,미발행,,,,
66229cffd2b3971e,2026-09-20,고생물,일반,2천년대 보성서 찾은 공룡 뼈... '국내 유일' 가치 인정받기까지,네이버뉴스 등 3개 기사,2천년대 보성서 찾은 공룡 뼈... '국내 유일' 가치 인정받기까지,https://www.polinews.co.kr/news/articleView.html?idxno=742413,네이버뉴스,polinews.co.kr,"보성서 찾은 한반도 최초 조각류 공룡 골격, 천연기념물 됐다",https://www.newsis.com/view/NISX20260907_0003779031,네이버뉴스,newsis.com,"“수천만 년 잠든 보성의 공룡 , 국가유산으로 깨어났다”",https://www.sportsseoul.com/news/read/1633344?ref=naver,네이버뉴스,sportsseoul.com,미작성,미발행,,,,
7fb1ca0b43e3379f,2026-09-20,고생물,일반,"2억4천만년 전 화석 이 바꾼 공룡 의 역사…“최초 공룡 시기, 1000만년 늦...",네이버뉴스 등 3개 기사,"2억4천만년 전 화석 이 바꾼 공룡 의 역사…“최초 공룡 시기, 1000만년 늦...",https://www.mk.co.kr/article/12156152,네이버뉴스,mk.co.kr,"[사이테크+] "" 공룡 똥 화석 속 6천600만년 전 새 깃털…조류 생존 비결 단...",https://www.yna.co.kr/view/AKR20260910143000017?input=1195m,네이버뉴스,yna.co.kr,공룡 멸종했는데 새는 생존...똥 화석 에 숨겨진 단서 발견,http://www.wowtv.co.kr/NewsCenter/News/Read?articleId=A202609110312&t=NN,네이버뉴스,wowtv.co.kr,미작성,미발행,,,,
a8f4158ea6b42b73,2026-09-20,경제 · 한국 주식,일반,AI 속도조절은 '기우'…배당 매력 높아진 반도체 '투톱' [한입에 쏙 ETF],네이버뉴스 등 3개 기사,AI 속도조절은 '기우'…배당 매력 높아진 반도체 '투톱' [한입에 쏙 ETF],https://www.wowtv.co.kr/NewsCenter/News/Read?articleId=A202609180582&t=NNv,네이버뉴스,wowtv.co.kr,"""AI·반도체 주도주 2개면 충분""…압축형 상품 '봇물' [이수의 ETF줌인]",https://www.hankyung.com/article/2026091842676,한국경제 | 뉴스 | 증권,hankyung.com,'반등도 AI부터…' AI·반도체 ETF 출시 이어진다,https://www.mt.co.kr/stock/2026/09/19/2026091817115720031,네이버뉴스,mt.co.kr,미작성,미발행,,,,
04f4b0d09764819a,2026-09-20,경제 · 한국 주식,일반,'서학 개미 돌아온 줄 알았는데'…폭풍 순매수 전환,네이버뉴스 등 3개 기사,'서학 개미 돌아온 줄 알았는데'…폭풍 순매수 전환,https://biz.sbs.co.kr/article_hub/20000335688?division=NAVER,네이버뉴스,biz.sbs.co.kr,"서학 개미, 나흘간 집중 매수…이달 '순매도→순매수' 태세 전환",https://news.sbs.co.kr/news/endPage.do?news_id=N1008761286&plink=ORI&cooper=NAVER,네이버뉴스,news.sbs.co.kr,"돌아온 외국인, 올해 첫 '사자'...8월 국내 주식 3440억원 순매수",https://www.thepublic.kr/news/articleView.html?idxno=319266,네이버뉴스,thepublic.kr,미작성,미발행,,,,
6c92bc8ae43b3946,2026-09-20,경제 · 한국 정책 이슈,일반,"주택공급 위해 PF 정책 '가속도', 자금공급 확대와 건전성 관리 '두 토끼...",네이버뉴스 등 3개 기사,"주택공급 위해 PF 정책 '가속도', 자금공급 확대와 건전성 관리 '두 토끼...",https://www.businesspost.co.kr/BP?command=article_view&num=447603,네이버뉴스,businesspost.co.kr,"한성숙 총리, ‘태릉지구 주택공급 정책 실행력 가늠자 될 것’ 2029년 착...",https://www.viva100.com/article/20260919500006,네이버뉴스,viva100.com,"李, 집값 해법은 '공급 확대·대출 관리'…수도권 집중도 겨냥",https://daily.hankooki.com/news/articleView.html?idxno=1407950,네이버뉴스,daily.hankooki.com,미작성,미발행,,,,
a45bab4b2ac0a509,2026-09-20,경제 · 한국 정책 이슈,일반,"국힘, 국감 앞두고 레버리지ETF·농지전수조사 부각…특검 추진도",네이버뉴스 등 3개 기사,"국힘, 국감 앞두고 레버리지ETF·농지전수조사 부각…특검 추진도",https://www.newsis.com/view/NISX20260918_0003796271,네이버뉴스,newsis.com,'청년자본 투자 촉진' 회의 소집하자 '레버리지 ETF' 답변왔다,https://www.nocutnews.co.kr/news/6580724?utm_source=naver&utm_medium=article&utm_campaign=20260919093455,네이버뉴스,nocutnews.co.kr,"[단독] 한국거래소, 단일종목 레버리지 ETF 제안 안 했다",https://www.kmib.co.kr/article/view.asp?arcid=9000013495&cp=nv,네이버뉴스,kmib.co.kr,미작성,미발행,,,,
246adc9b417c46d6,2026-09-20,경제 · 한국 정책 이슈,일반,갈피 못 찾는 부동산 정책… 잦은 궤도 수정에 '신뢰성' 시험대,네이버뉴스 등 3개 기사,갈피 못 찾는 부동산 정책… 잦은 궤도 수정에 '신뢰성' 시험대,https://www.newscj.com/news/articleView.html?idxno=3434133,네이버뉴스,newscj.com,부동산 정책 몇달만에 잇단 조정…시장은 '예측가능성' 우려,https://www.yna.co.kr/view/AKR20260918167600003?input=1195m,네이버뉴스,yna.co.kr,[사설]“과정 세심하지 못해”… 부동산 정책 은 ‘디테일’이 관건,https://www.donga.com/news/Opinion/article/all/20260918/134699629/2,네이버뉴스,donga.com,미작성,미발행,,,,
1ae414beec14f43b,2026-09-20,경제 · 한국 정책 이슈,일반,"“AI, 경제 성장시키고 사람 몫 줄일 것” … 앤트로픽의 섬뜩한 경고",매일경제 : 경제 등 3개 기사,"“AI, 경제 성장시키고 사람 몫 줄일 것” … 앤트로픽의 섬뜩한 경고",https://www.mk.co.kr/news/economy/12156627,매일경제 : 경제,mk.co.kr,"다음 주, ADB 성장률·한은 금융 안정·인구·사망 통계 '경제 전방위 점...",https://www.dailysportshankook.co.kr/news/articleView.html?idxno=433694,네이버뉴스,dailysportshankook.co.kr,[다음주 경제] 올해 韓 성장전망 더 높아질까… 금융 안정 상황도 주목,https://www.yna.co.kr/view/AKR20260919016400002?input=1195m,네이버뉴스,yna.co.kr,미작성,미발행,,,,
ef93b3a92b57b3f8,2026-09-20,경제 · 한국 정책 이슈,일반,'전주 관광의 미래를 그리다' 2026 전주미래도시포럼 성료,네이버뉴스 등 3개 기사,'전주 관광의 미래를 그리다' 2026 전주미래도시포럼 성료,http://www.jeollailbo.com/news/articleView.html?idxno=811624,네이버뉴스,jeollailbo.com,"전주시, 전주미래도시포럼 성료…국내외 도시와 '글로벌 관광도시' 미래...",https://news.tf.co.kr/read/national/2367777.htm,네이버뉴스,news.tf.co.kr,전주미래도시포럼 성료… 글로벌 관광도시 청사진 제시,https://www.thepowernews.co.kr/view.php?ud=2026091817125657633dfcd109a8_7,네이버뉴스,thepowernews.co.kr,미작성,미발행,,,,
547065d8b898fac9,2026-09-20,경제 · 재테크,일반,"삼성증권, ‘ 연금 저축 점프-업!’ 이벤트…신규·타사이전 고객 혜택 강...",네이버뉴스 등 3개 기사,"삼성증권, ‘ 연금 저축 점프-업!’ 이벤트…신규·타사이전 고객 혜택 강...",https://www.megaeconomy.co.kr/news/newsview.php?ncode=1065598888834436,네이버뉴스,megaeconomy.co.kr,"하나은행, 퇴직 연금 고객 은퇴설계 지원…전문가 상담 강화",https://www.newscammp.co.kr/news/articleView.html?idxno=6930,네이버뉴스,newscammp.co.kr,"하나은행, 퇴직 연금 고객 대상 맞춤형 자산관리 세미나 개최",https://www.factin.co.kr/news/articleView.html?idxno=7056,네이버뉴스,factin.co.kr,미작성,미발행,,,,
b91e83dbc091a0e3,2026-09-20,경제 · 재테크,일반,“ 연금 도 투자 하는 시대”…ETF로 짜는 노후 포트폴리오 [화제의 리포트...,네이버뉴스 등 3개 기사,“ 연금 도 투자 하는 시대”…ETF로 짜는 노후 포트폴리오 [화제의 리포트...,https://magazine.hankyung.com/business/article/202609168906b,네이버뉴스,magazine.hankyung.com,""" ETF 로 마음 편하게""…변동장 속 분산 투자 법은?",https://www.dailian.co.kr/news/view/1691739/?sc=Naver,네이버뉴스,dailian.co.kr,"대신증권, 17일 ETF 자산배분 세미나 진행…분산 투자 해법 공유",http://www.popcornnews.net/news/articleView.html?idxno=133366,네이버뉴스,popcornnews.net,미작성,미발행,,,,
07a3fe830afae71f,2026-09-20,경제 · 재테크,일반,"[증권 이모저모] 대신증권, 변동성 장세 대응 ' ETF 자산배분 전략' 세미...",네이버뉴스 등 3개 기사,"[증권 이모저모] 대신증권, 변동성 장세 대응 ' ETF 자산배분 전략' 세미...",https://www.goodkyung.com/news/articleView.html?idxno=291546,네이버뉴스,goodkyung.com,"대신증권, 변동성 장세 대응 ' ETF 자산배분 전략' 세미나",https://www.fnnews.com/news/202609171551118512,네이버뉴스,fnnews.com,"대신증권, '변동성 장세 ETF 배분 전략' 세미나",https://www.edaily.co.kr/News/Read?newsId=04828166645581104&mediaCodeNo=257&utm_source=naver&utm_medium=referral&utm_campaign=news_syndication&utm_content=original_article,네이버뉴스,edaily.co.kr,미작성,미발행,,,,
b3f87fb63536334a,2026-09-20,경제 · 재테크,일반,"KB자산운용 '밸류업 커버드콜 ETF', 순자산 3000억 돌파",네이버뉴스 등 3개 기사,"KB자산운용 '밸류업 커버드콜 ETF', 순자산 3000억 돌파",http://www.newslock.co.kr/news/articleView.html?idxno=136554,네이버뉴스,newslock.co.kr,"""월급 절반 이상 저축""…30대 초반에 2억 자산 만든 재테크 유튜버의 포...",https://www.newsis.com/view/NISX20260917_0003794208,네이버뉴스,newsis.com,"대신증권, 변동성 장세 대응 ‘ ETF 자산배분’ 세미나 마련",http://www.metroseoul.co.kr/article/20260917500603,네이버뉴스,metroseoul.co.kr,미작성,미발행,,,,
44d2ef787202c0e2,2026-09-20,경제 · 부동산,일반,토허제 실거주 1년 더 유예…매매· 전세 '동반 한파' 못 뚫는다,네이버뉴스 등 3개 기사,토허제 실거주 1년 더 유예…매매· 전세 '동반 한파' 못 뚫는다,https://www.ziksir.com/news/articleView.html?idxno=146885,네이버뉴스,ziksir.com,토허구역 실거주 유예 1년 연장… 전세 시장 숨통 틔웠지만 혼란은 '여전...,https://www.newspim.com/news/view/20260917001174,네이버뉴스,newspim.com,실거주 유예 1년 연장…토허제 거래 숨통 트일까,http://www.opinionnews.co.kr/news/articleView.html?idxno=144659,네이버뉴스,opinionnews.co.kr,미작성,미발행,,,,
f1d50d90d799d24d,2026-09-20,경제 · 부동산,일반,집값 상승세 안 꺾이면...종부세 비강남권 확산 [김경민의 부동산 NOW],네이버뉴스 등 3개 기사,집값 상승세 안 꺾이면...종부세 비강남권 확산 [김경민의 부동산 NOW],https://www.mk.co.kr/article/12156613,네이버뉴스,mk.co.kr,[긴급진단] 李 “ 집값 상승은 尹정부·오세훈 탓”?…하지만 부동산 시...,https://biz.sbs.co.kr/article_hub/20000335562?division=NAVER,네이버뉴스,biz.sbs.co.kr,반도체 돈 몰린 동탄…하반기 집값 상승률 경기 1위,https://www.newsis.com/view/NISX20260917_0003793816,네이버뉴스,newsis.com,미작성,미발행,,,,
fb614d634b07087d,2026-09-20,경제 · 부동산,일반,"여야, 李대통령 민생· 부동산 정책 공방...“체감 회복” vs “현실 외면...",네이버뉴스 등 3개 기사,"여야, 李대통령 민생· 부동산 정책 공방...“체감 회복” vs “현실 외면...",https://www.m-economynews.com/news/article.html?no=70881,네이버뉴스,m-economynews.com,"李대통령, 부동산 '공급' 의지 강조 ""공급 확대 총력, 매주 진척 확인""",http://www.whitepaper.co.kr/news/articleView.html?idxno=267036,네이버뉴스,whitepaper.co.kr,"李 대통령 ""주택 공급 신속히 늘려… 부동산 공화국 탈출 성과 낼 것""",https://www.industrynews.co.kr/news/articleView.html?idxno=86268,네이버뉴스,industrynews.co.kr,미작성,미발행,,,,
b6224f2ccf3aac62,2026-09-20,경제 · 부동산,일반,수도권 집값 잡는다…신규 택지·국공유지·재개발 총동원,네이버뉴스 등 3개 기사,수도권 집값 잡는다…신규 택지·국공유지·재개발 총동원,https://www.cbci.co.kr/news/articleView.html?idxno=608356,네이버뉴스,cbci.co.kr,"이 대통령 "" 집값 오르는 이유, 수도권 집중 탓""",https://news.bizwatch.co.kr/article/real_estate/2026/09/18/0021,네이버뉴스,news.bizwatch.co.kr,“이사 말고 더 살자”…재계약 늘면 신규 전세 매물 줄어들 수도 [토허...,https://www.etoday.co.kr/news/view/2626736,네이버뉴스,etoday.co.kr,미작성,미발행,,,,
769d6ecd1d159748,2026-09-20,경제 · 부동산,일반,서울 접근성 높은 수도권 역세권 아파트 강세…광주·검단서 3억원대 격...,네이버뉴스 등 3개 기사,서울 접근성 높은 수도권 역세권 아파트 강세…광주·검단서 3억원대 격...,https://www.etoday.co.kr/news/view/2627156,네이버뉴스,etoday.co.kr,노도강 아파트마저 월세 300만 원… 서울 외곽도 집세 부담 ‘껑충’,https://www.mediawatch.kr/news/article.html?no=261096,네이버뉴스,mediawatch.kr,"""수서까지 12분""…수서광주선 본궤도, 경기 광주 아파트 신고가 잇따라",https://www.gpkorea.com/news/articleView.html?idxno=146785,네이버뉴스,gpkorea.com,미작성,미발행,,,,
d099a596a1fb1894,2026-09-20,경제 · 미국 주식,일반,"해외 개미 '속내'까지 훑는다…우리 투자 ·메리츠, 투자 정보전 확장",네이버뉴스 등 3개 기사,"해외 개미 '속내'까지 훑는다…우리 투자 ·메리츠, 투자 정보전 확장",https://www.shinailbo.co.kr/news/articleView.html?idxno=5063974,네이버뉴스,shinailbo.co.kr,"美 증시엔 공격 베팅, 국내선 대기…엇갈리는 개미 투자 전략",https://www.dailysportshankook.co.kr/news/articleView.html?idxno=433710,네이버뉴스,dailysportshankook.co.kr,"""안 오른 게 없네"" 개미들 꽂혔다…1.2조 '뭉칫돈' 몰린 곳 [투자톡]",https://www.hankyung.com/article/2026091842066,한국경제 | 뉴스 | 증권,hankyung.com,미작성,미발행,,,,
b7eee21352e7e22c,2026-09-20,경제 · 미국 주식,일반,애플도 이제 코인처럼?…290조 몰린 서학개미들 '술렁' [김주완의 글로...,네이버뉴스 등 3개 기사,애플도 이제 코인처럼?…290조 몰린 서학개미들 '술렁' [김주완의 글로...,https://www.hankyung.com/article/202609195213i,네이버뉴스,hankyung.com,"코인베이스, 애플· 테슬라 무기한선물 CFTC에 신청… 주식 50~60종목 확대...",https://www.wikitree.co.kr/articles/1160699,네이버뉴스,wikitree.co.kr,"코인베이스, 애플· 테슬라 · 엔비디아 무기한 선물 신청",https://www.tokenpost.kr/news/breaking/410566,네이버뉴스,tokenpost.kr,미작성,미발행,,,,
bb002a52a31dc729,2026-09-20,경제 · 미국 주식,일반,"서학개미, 14~17일 나흘간 미 증시 13억1,400만 달러(약 1조8,200억원) 순...",네이버뉴스 등 3개 기사,"서학개미, 14~17일 나흘간 미 증시 13억1,400만 달러(약 1조8,200억원) 순...",https://www.cbci.co.kr/news/articleView.html?idxno=608277,네이버뉴스,cbci.co.kr,[NZSI INDEX] 2026년 9월 11일…국내 증시 1%대 하락…슈퍼너스·인디비어...,https://www.the-today.com/news/articleView.html?idxno=90427,네이버뉴스,the-today.com,“2000만원 아래면 되지?” “4000만원 넘게 들걸?”…결혼 예산 놓고 엇갈린 남녀,https://www.mk.co.kr/news/business/12157057,매일경제 : 기업/경영,mk.co.kr,미작성,미발행,,,,
699495dd359a3fae,2026-09-20,경제 · 미국 주식,일반,미 기준금리 인상에 한은 추가 인상 불가피…코스피 어디로 [증시레이더...,네이버뉴스 등 3개 기사,미 기준금리 인상에 한은 추가 인상 불가피…코스피 어디로 [증시레이더...,https://www.ddaily.co.kr/page/view/2026091908065116508,네이버뉴스,ddaily.co.kr,[마켓인사이트] 미중회담 빅이벤트·추석연휴…韓 증시 어디로,https://www.yna.co.kr/view/AKR20260918189100008?input=1195m,네이버뉴스,yna.co.kr,"""차라리 매 빨리 맞는 게 낫다"" 연준 금리 추가 인상 시 주식 시장 시나...",https://www.newsis.com/view/NISX20260918_0003795194,네이버뉴스,newsis.com,미작성,미발행,,,,
fa6a6fd31e2fc19b,2026-09-20,경제 · 미국 주식,일반,"뉴욕 증시 혼조 마감(다우 0.18%↓, S&P500 0.17%↑, 나스닥 0.39%↑)… 필...",네이버뉴스 등 3개 기사,"뉴욕 증시 혼조 마감(다우 0.18%↓, S&P500 0.17%↑, 나스닥 0.39%↑)… 필...",https://www.cbci.co.kr/news/articleView.html?idxno=608272,네이버뉴스,cbci.co.kr,"뉴욕 증시 혼조…S&P500·나스닥 상승, 다우 0.18% 하락",https://www.thefairnews.co.kr/news/articleView.html?idxno=88570,네이버뉴스,thefairnews.co.kr,"뉴욕 증시 , 국채 금리 상승 속 혼조 마감…나스닥 0.39%↑",http://www.wowtv.co.kr/NewsCenter/News/Read?articleId=A202609190339&t=NN,네이버뉴스,wowtv.co.kr,미작성,미발행,,,,
e11b1089e94ff5a8,2026-09-20,건강 · 최신 이슈,일반,서울시 어린이·임신부·어르신 '무료 독감 예방접종'… 발표 된 일정은?,네이버뉴스 등 3개 기사,서울시 어린이·임신부·어르신 '무료 독감 예방접종'… 발표 된 일정은?,https://www.wikitree.co.kr/articles/1159521,네이버뉴스,wikitree.co.kr,"65세 이상 어르신, 독감·코로나19 예방접종 동시 가능해진다",https://www.gukjenews.com/news/articleView.html?idxno=3700616,네이버뉴스,gukjenews.com,임신중지의약품 정부 발표 나왔지만 국회 입씨름 여전,https://www.kpanews.co.kr/news/articleView.html?idxno=544298,네이버뉴스,kpanews.co.kr,미작성,미발행,,,,
5535accccd1ee493,2026-09-20,건강 · 최신 이슈,일반,“대장암 걱정된다면 가공육부터?”…위험 낮추려면 줄일 음식 3가지,코메디닷컴 등 3개 기사,“대장암 걱정된다면 가공육부터?”…위험 낮추려면 줄일 음식 3가지,https://kormedi.com/2869247/,코메디닷컴,kormedi.com,암 걱정에 폐경호르몬치료 기피?…위험편익 가르는 '시점'이 중요,http://www.docdocdoc.co.kr/news/articleView.html?idxno=3042935,청년의사 - 전체기사,docdocdoc.co.kr,"""짜장면보다 열량이 높다니""… 뜻밖의 고칼로리 음식 4가지",https://news.hidoc.co.kr/news/articleView.html?idxno=67525,네이버뉴스,news.hidoc.co.kr,미작성,미발행,,,,
b7985fcb75ec1cc1,2026-09-20,건강 · 최신 이슈,연예인 건강,"청하, 응급실 이송 하루만‥핏기 없는 얼굴로 댄스→라이브 무대 “진짜...",네이버뉴스 등 3개 기사,"청하, 응급실 이송 하루만‥핏기 없는 얼굴로 댄스→라이브 무대 “진짜...",https://www.newsen.com/news_view.php?uid=202609200801445710,네이버뉴스,newsen.com,"청하, 응급실 이송 하루 만.. 건강 회복 후 무대 오른다",https://www.tvreport.co.kr/star/article/1076867/,네이버뉴스,tvreport.co.kr,"청하, 응급실 이송 하루 만에 건강 회복…""오늘 무대 선다""",https://www.edaily.co.kr/News/Read?newsId=02505926645581760&mediaCodeNo=257&utm_source=naver&utm_medium=referral&utm_campaign=news_syndication&utm_content=original_article,네이버뉴스,edaily.co.kr,미작성,미발행,,,,
bc3f89fea517574f,2026-09-20,건강 · 최신 이슈,연예인 건강,"양희은 ""사실 4월에 암 수술했다""…뒤늦게 전한 투병 근황",네이버뉴스 등 3개 기사,"양희은 ""사실 4월에 암 수술했다""…뒤늦게 전한 투병 근황",https://www.hankyung.com/article/2026091954317,네이버뉴스,hankyung.com,"양희은, 지팡이 짚은 이유 있었다…뒤늦게 '이 병' 투병 소식 알려",https://www.wikitree.co.kr/articles/1160615,네이버뉴스,wikitree.co.kr,양희은 “4월에 암 수술 …눈 수술 은 6월”,https://www.mk.co.kr/article/12157022,네이버뉴스,mk.co.kr,미작성,미발행,,,,
484449ab4b3df761,2026-09-20,건강 · 생활 건강 정보,일반,"네이버 D2SF, AI 헬스케어 스타트업 2곳 투자",네이버뉴스 등 3개 기사,"네이버 D2SF, AI 헬스케어 스타트업 2곳 투자",https://www.m-i.kr/news/articleView.html?idxno=1415938,네이버뉴스,m-i.kr,"""글로벌 진출 지원""…네이버 D2SF, 헬스케어 스타트업 투자 확대",https://www.ddaily.co.kr/page/view/2026091812355537777,네이버뉴스,ddaily.co.kr,"네이버 D2SF, 글로벌 헬스케어 스타트업 2곳 투자…정밀의료· 수면 공략",https://www.edaily.co.kr/News/Read?newsId=03112726645581432&mediaCodeNo=257&utm_source=naver&utm_medium=referral&utm_campaign=news_syndication&utm_content=original_article,네이버뉴스,edaily.co.kr,미작성,미발행,,,,
71ac92bdb8c26866,2026-09-20,건강 · 생활 건강 정보,일반,"[닥터M] ""스트레스인 줄 알았는데"".. 자율신경실조증 증상과 치료",네이버뉴스 등 3개 기사,"[닥터M] ""스트레스인 줄 알았는데"".. 자율신경실조증 증상과 치료",http://www.jmbc.co.kr/news/view/68038,네이버뉴스,jmbc.co.kr,[ 건강 365] 수면 제 의존 불면증 증상…자율신경실조증으로까지 이어지기...,https://www.kyosu.net/news/articleView.html?idxno=210573,네이버뉴스,kyosu.net,"어지럼증·두근거림… 공황장애와 미주신경성실신 증상, 자율신경계 검...",https://www.ibabynews.com/news/articleView.html?idxno=154631,네이버뉴스,ibabynews.com,미작성,미발행,,,,
2e429cee60a3a173,2026-09-20,건강 · 생활 건강 정보,일반,"97세 위암 환자, 로봇 수술로 건강 되찾아",네이버뉴스 등 3개 기사,"97세 위암 환자, 로봇 수술로 건강 되찾아",https://www.chosun.com/national/welfare-medical/2026/09/19/WZVEUVNPFVG4HEFTYTYXPNCK5E/?utm_source=naver&utm_medium=referral&utm_campaign=naver-news,네이버뉴스,chosun.com,"97세 위암 환자, 로봇수술로 위 전체 절제",https://www.sentv.co.kr/article/view/sentv202609180160,네이버뉴스,sentv.co.kr,"서울성모병원, 97세 초고령 위암 환자 로봇수술로 치료",https://www.kpanews.co.kr/news/articleView.html?idxno=544273,네이버뉴스,kpanews.co.kr,미작성,미발행,,,,
2e02f8f39abbc10e,2026-09-20,건강 · 생활 건강 정보,일반,* 9월 20일 오늘의 운세 *,네이버뉴스 등 3개 기사,* 9월 20일 오늘의 운세 *,https://www.pointdaily.co.kr/news/articleView.html?idxno=318291,네이버뉴스,pointdaily.co.kr,오늘의 운세-띠별(9월20일),http://www.kjdaily.com/article.php?aid=1789830001687098227,네이버뉴스,kjdaily.com,[오늘의 운세] 2026년 9월 18일 별자리 운세,https://www.hankyung.com/article/2026090772207,네이버뉴스,hankyung.com,미작성,미발행,,,,
70ec50c65bd43ab7,2026-09-20,건강 · 생활 건강 정보,일반,"""중년의 피로는 몸이 보내는 관리 신호""... 약사가 말하는 4050 남성 건강 ...",네이버뉴스 등 3개 기사,"""중년의 피로는 몸이 보내는 관리 신호""... 약사가 말하는 4050 남성 건강 ...",https://news.hidoc.co.kr/news/articleView.html?idxno=67628,네이버뉴스,news.hidoc.co.kr,"치매, 예방 위해선 40대부터 뇌 건강 관리해야",https://www.edaily.co.kr/News/Read?newsId=01771206645581760&mediaCodeNo=257&utm_source=naver&utm_medium=referral&utm_campaign=news_syndication&utm_content=original_article,네이버뉴스,edaily.co.kr,"지방간 관리, 간이 보내는 생활습관의 경고",http://www.withinnews.co.kr/news/view.html?section=1&category=97&item=&no=40431,네이버뉴스,withinnews.co.kr,미작성,미발행,,,,
acdb7aa47ec4418b,2026-09-19,패션뷰티,일반,"정은경 복지부 장관 "" 화장품 산업육성법으로 K-뷰티 세계 1위 도약""",네이버뉴스 등 3개 기사,"정은경 복지부 장관 "" 화장품 산업육성법으로 K-뷰티 세계 1위 도약""",https://www.newspim.com/news/view/20260918000932,네이버뉴스,newspim.com,"정은경 ""K-뷰티 세계 1위 도약""…청년기업 지원·R&D 강화 약속",https://www.news1.kr/bio/general/6294824,네이버뉴스,news1.kr,"[2026 전남광주뷰티산업전] 뷰티슬림, NMN 저속노화 기초 화장품 라인 제...",https://www.etnews.com/20260918000231,네이버뉴스,etnews.com,미작성,미발행,,,,
5f2fb84f8fcf30a2,2026-09-19,패션뷰티,일반,잘 팔려도 문제…200개국 뚫은 K뷰티 ‘규제 청구서’,네이버뉴스 등 3개 기사,잘 팔려도 문제…200개국 뚫은 K뷰티 ‘규제 청구서’,https://economist.co.kr/article/view/ecn202609160040,네이버뉴스,economist.co.kr,"[2026 전남광주뷰티산업전] 아름다운상상, 자체 화장품 맞춤형 K-뷰티 브...",https://www.etnews.com/20260918000233,네이버뉴스,etnews.com,"대한미용사회 경기도지회, 2026 경기도지사배 뷰티예술 경연대회 성료",https://www.joongboo.com/news/articleView.html?idxno=363736802,네이버뉴스,joongboo.com,미작성,미발행,,,,
7e6a43da6a911d17,2026-09-19,패션뷰티,일반,"에이블씨엔씨 신유정 대표, ""미샤, 100년 브랜드 만든다""",네이버뉴스 등 3개 기사,"에이블씨엔씨 신유정 대표, ""미샤, 100년 브랜드 만든다""",https://www.meconomynews.com/news/articleView.html?idxno=201789,네이버뉴스,meconomynews.com,"신유정 에이블씨엔씨 대표 ""미샤, 100년 K뷰티 브랜드로 만들 것""",https://www.newspim.com/news/view/20260918000890,네이버뉴스,newspim.com,에이블씨엔씨 신유정 대표 “미샤를 100년 브랜드로”,https://biz.heraldcorp.com/article/10878346?ref=naver,네이버뉴스,biz.heraldcorp.com,미작성,미발행,,,,
8b75cd48aaef836a,2026-09-19,패션뷰티,일반,"샤르드, '파머시 뷰티' 확산 속 무신사온누리약국 입점",네이버뉴스 등 3개 기사,"샤르드, '파머시 뷰티' 확산 속 무신사온누리약국 입점",http://www.hansbiz.co.kr/news/articleView.html?idxno=866538,네이버뉴스,hansbiz.co.kr,"뉴셀렉트 '샤르드', 약국 유통 확대…'파머시 뷰티' 시장 공략",http://www.dailysmart.co.kr/news/articleView.html?idxno=129985,네이버뉴스,dailysmart.co.kr,"샤르드, 무신사온누리약국 입점… 화장품 약국 유통 접점 확대",http://www.ktnews.com/news/articleView.html?idxno=148700,네이버뉴스,ktnews.com,미작성,미발행,,,,
6675f9d348130c9f,2026-09-19,패션뷰티,일반,"[추석특집] 스킨케어 부터 헤어 케어 까지···뷰티업계, 추석 '맞춤 선물...",네이버뉴스 등 3개 기사,"[추석특집] 스킨케어 부터 헤어 케어 까지···뷰티업계, 추석 '맞춤 선물...",https://www.smartbizn.com/news/articleView.html?idxno=154323,네이버뉴스,smartbizn.com,"[2026 전남광주뷰티산업전] 더마유어셀, 스킨케어 ·헤어 케어 제품 홍보",https://www.etnews.com/20260918000200,네이버뉴스,etnews.com,"[유통소식] 신세계百, 추석 맞이 프리미엄 와인 선물세트 선봬",http://www.4th.kr/news/articleView.html?idxno=2118038,네이버뉴스,4th.kr,미작성,미발행,,,,
5da366d1c50f5bba,2026-09-19,카테크 · 자동차,일반,"현대차, 中차보다 먼저 낸 '美 입장료'…무뇨스가 진입조건 꺼낸 이유",네이버뉴스 등 3개 기사,"현대차, 中차보다 먼저 낸 '美 입장료'…무뇨스가 진입조건 꺼낸 이유",http://sateconomy.co.kr/news/view/1065621303706971,네이버뉴스,sateconomy.co.kr,"무뇨스 ""中車, 美서도 유럽처럼 확산… 시장 진입장벽 필요""",https://it.chosun.com/news/articleView.html?idxno=2023092170518,네이버뉴스,it.chosun.com,"무뇨스 현대차 사장 ""미국, 시장보호 유지 안하면 중국차 밀려들 것""",https://biz.sbs.co.kr/article_hub/20000335626?division=NAVER,네이버뉴스,biz.sbs.co.kr,미작성,미발행,,,,
90c46f79751f68b6,2026-09-19,카테크 · 자동차,일반,현대차 CEO “美 시장 보호장치 없으면 유럽처럼 중국 전기차 밀려들 것...,네이버뉴스 등 3개 기사,현대차 CEO “美 시장 보호장치 없으면 유럽처럼 중국 전기차 밀려들 것...,https://www.etnews.com/20260918000298,네이버뉴스,etnews.com,"현대차 CEO ""美, 시장 보호장치 없으면 중국차 밀려들 것""",http://www.yonhapnewstv.co.kr/news/AKR20260918155726XNS,네이버뉴스,yonhapnewstv.co.kr,현대차 사장 “보호장치 없으면 미국도 유럽처럼···중국차 대거 유입...,https://www.khan.co.kr/article/202609181633001,네이버뉴스,khan.co.kr,미작성,미발행,,,,
255508a6b9b178a8,2026-09-19,카테크 · 자동차,일반,"스텔란티스, 2026 파리모터쇼 최대규모 참가… 9종 콘셉트카 총공세",네이버뉴스 등 3개 기사,"스텔란티스, 2026 파리모터쇼 최대규모 참가… 9종 콘셉트카 총공세",https://www.donga.com/news/Economy/article/all/20260918/134699546/2,네이버뉴스,donga.com,"[자동차오늘] 스텔란티스, 파리 모터쇼서 콘셉트카 9종 공개 外 제네시...",https://www.newscj.com/news/articleView.html?idxno=3433890,네이버뉴스,newscj.com,"스텔란티스, 파리 모터쇼서 콘셉트카 대거 공개한다",http://autotimes.co.kr/detail.php?number=689221&thread=27,네이버뉴스,autotimes.co.kr,미작성,미발행,,,,
35de945d6ca394c5,2026-09-19,카테크 · 자동차,일반,"""관세 8%로는 中 전기차 못막아 … 韓생산차 지원 확대해야""",네이버뉴스 등 3개 기사,"""관세 8%로는 中 전기차 못막아 … 韓생산차 지원 확대해야""",https://www.mk.co.kr/article/12156746,네이버뉴스,mk.co.kr,"[비즈&] 중국 저가 공세에…"" 전기차 생산세액공제 필요"" 外",http://www.yonhapnewstv.co.kr/news/MYH20260918172521CTr,네이버뉴스,yonhapnewstv.co.kr,벤틀리 첫 전기 SUV ‘토르칼’ 23일 공개…英 크루서 생산,https://www.edaily.co.kr/News/Read?newsId=04342726645581432&mediaCodeNo=257&utm_source=naver&utm_medium=referral&utm_campaign=news_syndication&utm_content=original_article,네이버뉴스,edaily.co.kr,미작성,미발행,,,,
6a814cd90a274a78,2026-09-19,카테크 · IT,일반,아이폰18발 통신3사 '가을 삼국지'...SKT·KT·LGU+ 전략 차별화,네이버뉴스 등 3개 기사,아이폰18발 통신3사 '가을 삼국지'...SKT·KT·LGU+ 전략 차별화,https://hbnpress.com/news/view/1065595371499897,네이버뉴스,hbnpress.com,일반형 빠진 아이폰18…'메모리 쇼크' 속 프로부터 승부,http://www.inews24.com/view/2007260,네이버뉴스,inews24.com,아이폰18 프로 '1호' 구매자 “3년 만에 성공…13시간 기다렸어요”,https://www.etnews.com/20260918000218,오늘의뉴스 - 이티뉴스,etnews.com,미작성,미발행,,,,
68d12874a1fefcfe,2026-09-19,카테크 · IT,일반,벌금 80만원 내라고? ‘치마 입은’ F1 레전드 딸에…팬들은 “10점 만점에 10점”,오늘의뉴스 - 이티뉴스 등 3개 기사,벌금 80만원 내라고? ‘치마 입은’ F1 레전드 딸에…팬들은 “10점 만점에 10점”,https://www.etnews.com/20260918000092,오늘의뉴스 - 이티뉴스,etnews.com,'아이폰 듀오' 보더니 폴드8 샀다…100만원 가격차·무게에 판매 10% 증가,https://www.mhns.co.kr/news/articleView.html?idxno=761015,네이버뉴스,mhns.co.kr,329만원 아이폰 듀오 보자마자…갤럭시 Z 폴드8 판매 10% 뛰었다,https://www.segye.com/newsView/20260918512923?OutUrl=naver,네이버뉴스,segye.com,미작성,미발행,,,,
238f4c95b89f526a,2026-09-19,카테크 · IT,일반,[현장] ‘아이폰 듀오’에 가려졌나 했더니…역시 ‘프로는 프로’,네이버뉴스 등 3개 기사,[현장] ‘아이폰 듀오’에 가려졌나 했더니…역시 ‘프로는 프로’,https://www.news2day.co.kr/article/20260918500169,네이버뉴스,news2day.co.kr,'아이폰 듀오'는 '18프로'보다 한 달 늦게…애플이 10월 택한 이유,http://www.inews24.com/view/2007322,네이버뉴스,inews24.com,"'아이폰 듀오'로 본 폴더블 경쟁…삼성전자, 주도권 굳힌다",http://www.iminju.net/news/articleView.html?idxno=169757,네이버뉴스,iminju.net,미작성,미발행,,,,
5b49e16837bcd7c8,2026-09-19,카테크 · IT,일반,"KT, 아이폰18 프로 국내 출시 … 사전예약 전작보다 늘어",네이버뉴스 등 3개 기사,"KT, 아이폰18 프로 국내 출시 … 사전예약 전작보다 늘어",http://www.worktoday.co.kr/news/articleView.html?idxno=89482,네이버뉴스,worktoday.co.kr,"케이스티파이, 아이폰 18 프로용 '메탈릭 플로우 케이스' 출시",https://www.autodaily.co.kr/news/articleView.html?idxno=600569,네이버뉴스,autodaily.co.kr,"SKT, 아이폰18 프로·프로맥스 개통 시작…중고폰 최대 127만원 보상",https://www.joongangenews.com/news/articleView.html?idxno=549212,네이버뉴스,joongangenews.com,미작성,미발행,,,,
6129a27f1801df8c,2026-09-19,스포츠,일반,"[게임리뷰] 넷마블 '나 혼자만 레벨업: 카르마', TGS 2026서 바람몰이(9월...",네이버뉴스 등 3개 기사,"[게임리뷰] 넷마블 '나 혼자만 레벨업: 카르마', TGS 2026서 바람몰이(9월...",https://www.theguru.co.kr/news/article.html?no=107310,네이버뉴스,theguru.co.kr,"[위클리오늘] 온라인 게임_스마일게이트, 넷마블(9.18)",http://www.weeklytoday.com/news/articleView.html?idxno=795217,네이버뉴스,weeklytoday.com,"서울에서 즐기는 게임, e 스포츠 축제 'GES 2026' 개막",https://gamefocus.co.kr/detail.php?number=179253,네이버뉴스,gamefocus.co.kr,미작성,미발행,,,,
3c483611ff58011b,2026-09-19,스포츠,일반,"K리그 심판들, 자진신고·내부 제보 체계 구축키로...박은정 이사 총괄...",네이버뉴스 등 3개 기사,"K리그 심판들, 자진신고·내부 제보 체계 구축키로...박은정 이사 총괄...",http://www.thesportstimes.co.kr/news/articleView.html?idxno=375780,네이버뉴스,thesportstimes.co.kr,'K리그 심판 비위' 자진신고·내부제보 체계 구축,https://www.yonhapnewstv.co.kr/news/MYH2026091823245520d,연합뉴스TV :: 대한민국 뉴스의 시작. 채널 23 » 스포츠,yonhapnewstv.co.kr,"“공정성과 투명성 강화”… K리그 심판, 자진신고·내부제보 체계 구축",https://www.sportsworldi.com/newsView/20260918515876,네이버뉴스,sportsworldi.com,미작성,미발행,,,,
8e1daaac4235fdb8,2026-09-19,스포츠,일반,"'울산대→UNIV PRO U20→챌린지' 무려 3팀 참가! 한국대학 축구 연맹, 한·...",네이버뉴스 등 3개 기사,"'울산대→UNIV PRO U20→챌린지' 무려 3팀 참가! 한국대학 축구 연맹, 한·...",https://www.mydaily.co.kr/page/view/2026091905540926133,네이버뉴스,mydaily.co.kr,"한국대학 축구 연맹, 제1회 한·일 대학 축구 교류전 개최…국제교류 대폭...",https://www.interfootball.co.kr/news/articleView.html?idxno=694793,네이버뉴스,interfootball.co.kr,"한국 여자 축구 , 방글라데시 대파하며 8강 진출 확정… 결승행 청신호",https://www.gokorea.kr/news/articleView.html?idxno=878936,네이버뉴스,gokorea.kr,미작성,미발행,,,,
940884a1dd31c123,2026-09-19,스포츠,일반,"'뮌헨' 케인, 분데스리가 98경기만에 최소경기 100호골 신기록",네이버뉴스 등 3개 기사,"'뮌헨' 케인, 분데스리가 98경기만에 최소경기 100호골 신기록",https://www.slist.kr/news/articleView.html?idxno=767362,네이버뉴스,slist.kr,"뮌헨의 케인, 분데스리가 98경기 만에 최소경기 100호 골 신기록",https://www.yna.co.kr/view/AKR20260919016500007?input=1195m,네이버뉴스,yna.co.kr,"K리그1 강원, ACL2 첫 경기서 10명 뛴 홍콩 킷치와 0-0 무승부",https://www.newsis.com/view/NISX20260918_0003794789,스포츠,newsis.com,미작성,미발행,,,,
3d8721e51afdd011,2026-09-19,스포츠,일반,"'경험' 아닌 '증명'의 시간이다… 야구 대표팀, 아시안게임 5연패 도전 [...",네이버뉴스 등 3개 기사,"'경험' 아닌 '증명'의 시간이다… 야구 대표팀, 아시안게임 5연패 도전 [...",http://www.stoo.com/article.php?aid=108938384455,네이버뉴스,stoo.com,"'5연패 정조준' 야구대표팀, 결전의 땅에서 최종 담금질[나고야AG]",https://www.newsis.com/view/NISX20260918_0003796345,스포츠,newsis.com,"멍때리다 황당 실점에 극대노…5연패에 옅어진 가을 야구 , '캡틴' 박민우...",http://www.osen.co.kr/article/G1112878128,네이버뉴스,osen.co.kr,미작성,미발행,,,,
b591dfd2b83ca506,2026-09-19,방송연예,일반,추석 전 OTT 신작 대전...손예진·현빈 부부 맞대결,네이버뉴스 등 3개 기사,추석 전 OTT 신작 대전...손예진·현빈 부부 맞대결,https://www.ytn.co.kr/_ln/0106_202609190431183734,네이버뉴스,ytn.co.kr,"명절인데...손예진VS현빈, 부부끼리 ' OTT 진검승부' 승자는? [IZE 진단]",https://www.ize.co.kr/news/articleView.html?idxno=80879,네이버뉴스,ize.co.kr,"손예진, ♥현빈 얼굴 스티커로 가린 이유…""나 가려줘""",https://www.newsis.com/view/NISX20260918_0003795066,연예,newsis.com,미작성,미발행,,,,
21fe43b23da1aa74,2026-09-19,방송연예,일반,"이서진, 손예진 실물에 눈 못 떼-지창욱 또 찬밥",네이버뉴스 등 3개 기사,"이서진, 손예진 실물에 눈 못 떼-지창욱 또 찬밥",https://www.mediafine.co.kr/news/articleView.html?idxno=90189,네이버뉴스,mediafine.co.kr,"‘현빈♥’ 손예진, 실물 어떻길래?..이서진, 뚫어져라 “진짜 예쁘다”...",http://www.osen.co.kr/article/G1112878132,네이버뉴스,osen.co.kr,"'비서진' 이서진, 나나 팬들까지 밥 사준 미담…손예진 향해 ""제일 예쁘...",http://www.stoo.com/article.php?aid=108958570940,네이버뉴스,stoo.com,미작성,미발행,,,,
261c5fcf30214d57,2026-09-19,방송연예,일반,유재석 ‘해피투게더’ 2.0% 굴욕…공효진 ‘유부녀 킬러’는 10.7%,네이버뉴스 등 3개 기사,유재석 ‘해피투게더’ 2.0% 굴욕…공효진 ‘유부녀 킬러’는 10.7%,https://www.bntnews.co.kr/article/view/bnt202609190058,네이버뉴스,bntnews.co.kr,"무진성 ""'유부녀 킬러' 미남 캐릭터 부담…탈색까지 하고 싶었지만"" [엑...",https://www.xportsnews.com/article/2196767,네이버뉴스,xportsnews.com,"정준원, '유부녀 킬러' 종방연 뒤풀이서 포착",https://www.newsis.com/view/NISX20260918_0003796328,연예,newsis.com,미작성,미발행,,,,
674ebfa0c53c6f5c,2026-09-19,방송연예,일반,소지섭 '김부장' 벽 너무 높았다…'재벌X형사2' 자체 최고 시청률에도 ...,네이버뉴스 등 3개 기사,소지섭 '김부장' 벽 너무 높았다…'재벌X형사2' 자체 최고 시청률에도 ...,http://www.osen.co.kr/article/G1112878174,네이버뉴스,osen.co.kr,"'재벌X형사2' 안보현, 불길 속 의식 잃고 절체절명 위기...최고 시청률 ...",https://www.ize.co.kr/news/articleView.html?idxno=80907,네이버뉴스,ize.co.kr,"싸패 유승호에 당한 '재벌X형사2', 종영 앞두고 제대로 터졌다..자체 최...",https://www.starnewskorea.com/broadcast-drama/2026/09/19/2026091907394412491,네이버뉴스,starnewskorea.com,미작성,미발행,,,,
b3341adb096cacca,2026-09-19,방송연예,일반,25년 전 작품인데...공개 단 하루 만에 '넷플릭스 1위' 찍은 한국 영화 ...,네이버뉴스 등 3개 기사,25년 전 작품인데...공개 단 하루 만에 '넷플릭스 1위' 찍은 한국 영화 ...,https://www.wikitree.co.kr/articles/1159966,네이버뉴스,wikitree.co.kr,천만 한국영화 25편 중 19편에 모태펀드…영화 투자생태계 키운다,https://www.m-i.kr/news/articleView.html?idxno=1415850,네이버뉴스,m-i.kr,"24년 만의 사극 복귀 손예진부터 지창욱·나나의 변신…넷플릭스 '스캔들', 오늘(18일) 공개",https://news.sbs.co.kr/news/endPage.do?news_id=N1008760665&plink=RSSLINK&cooper=RSSREADER,방송/연예 - SBS 뉴스 섹션,news.sbs.co.kr,미작성,미발행,,,,
1ee6df38fee6c9b8,2026-09-19,고생물,일반,中 남서부 동굴서 데니소바인 화석 발견,네이버뉴스 등 3개 기사,中 남서부 동굴서 데니소바인 화석 발견,https://www.dongascience.com/news/view/79846,네이버뉴스,dongascience.com,‘고대 인류’ 데니소바인 새 화석 발굴 … 몸 형태 가늠할 팔뼈도 포함,https://www.hani.co.kr/arti/science/science_general/1277085.html,네이버뉴스,hani.co.kr,"우리나라에서 발견 된 공룡 화석 , 천연기념물 됐어요",https://kids.donga.com/news/articleView.html?idxno=169786,네이버뉴스,kids.donga.com,미작성,미발행,,,,
66229cffd2b3971e,2026-09-19,고생물,일반,2천년대 보성서 찾은 공룡 뼈... '국내 유일' 가치 인정받기까지,네이버뉴스 등 3개 기사,2천년대 보성서 찾은 공룡 뼈... '국내 유일' 가치 인정받기까지,https://www.polinews.co.kr/news/articleView.html?idxno=742413,네이버뉴스,polinews.co.kr,"보성서 찾은 한반도 최초 조각류 공룡 골격, 천연기념물 됐다",https://www.newsis.com/view/NISX20260907_0003779031,네이버뉴스,newsis.com,"“수천만 년 잠든 보성의 공룡 , 국가유산으로 깨어났다”",https://www.sportsseoul.com/news/read/1633344?ref=naver,네이버뉴스,sportsseoul.com,미작성,미발행,,,,
7fb1ca0b43e3379f,2026-09-19,고생물,일반,"2억4천만년 전 화석 이 바꾼 공룡 의 역사…“최초 공룡 시기, 1000만년 늦...",네이버뉴스 등 3개 기사,"2억4천만년 전 화석 이 바꾼 공룡 의 역사…“최초 공룡 시기, 1000만년 늦...",https://www.mk.co.kr/article/12156152,네이버뉴스,mk.co.kr,"[사이테크+] "" 공룡 똥 화석 속 6천600만년 전 새 깃털…조류 생존 비결 단...",https://www.yna.co.kr/view/AKR20260910143000017?input=1195m,네이버뉴스,yna.co.kr,공룡 멸종했는데 새는 생존...똥 화석 에 숨겨진 단서 발견,http://www.wowtv.co.kr/NewsCenter/News/Read?articleId=A202609110312&t=NN,네이버뉴스,wowtv.co.kr,미작성,미발행,,,,
673ba697c46e7ce8,2026-09-19,경제 · 한국 주식,일반,엇갈리는 삼성전자 주가 전망 …외국인 순매도 끝은 어디[종목현미경],네이버뉴스 등 3개 기사,엇갈리는 삼성전자 주가 전망 …외국인 순매도 끝은 어디[종목현미경],https://www.news1.kr/finance/market-exr/6295755,네이버뉴스,news1.kr,"8월 외국인 결제 기준 순매수, 거래일론 순매도···결제시차에 엇갈려",https://www.newsfreezone.co.kr/news/articleView.html?idxno=710162,네이버뉴스,newsfreezone.co.kr,"외국인, 8월 주식 순매수…채권은 4개월 만에 순회수",https://www.junggi.co.kr/news/articleView.html?idxno=37841,네이버뉴스,junggi.co.kr,미작성,미발행,,,,
65d23dcdb26a89f1,2026-09-19,경제 · 한국 주식,일반,"방탄소년단, 2026 MTV VMA ‘베스트 그룹’ 추가 노미네이트…총 3개 부문 후보",Chosunbiz 등 3개 기사,"방탄소년단, 2026 MTV VMA ‘베스트 그룹’ 추가 노미네이트…총 3개 부문 후보",https://biz.chosun.com/entertainment/enter_general/2026/09/19/HBQWMMJZGFRDCODEMM4WEYRWHE/,Chosunbiz,biz.chosun.com,“AI 감시하려면 AI 더 필요” … ‘20% 추가 연산’ 주목하는 반도체 업계,https://www.mk.co.kr/news/business/12155508,매일경제 : 기업/경영,mk.co.kr,[2026 머니쇼] 황금맥 전문가 “기업이익·주주환원 확대… 증시 추가상...,https://news.dealsitetv.com/articles/176141,네이버뉴스,news.dealsitetv.com,미작성,미발행,,,,
d2c301054f62eb6d,2026-09-19,경제 · 한국 주식,일반,"뉴욕증시, 美 국채금리 상승에도 기술주 강세…혼조 마감",Chosunbiz 등 3개 기사,"뉴욕증시, 美 국채금리 상승에도 기술주 강세…혼조 마감",https://biz.chosun.com/stock/stock_general/2026/09/19/ZL22K6FFCJHIXGG5GQAWDAN2A4/,Chosunbiz,biz.chosun.com,반도체 강세에 코스피 2.66% 급등...코스닥도 상승 마감,https://www.digitaltoday.co.kr/news/articleView.html?idxno=701738,네이버뉴스,digitaltoday.co.kr,국채금리 5%에도 기술주 선방…샌디스크 11%·램리서치 7%↑,http://www.joseilbo.com/news/news_read.php?uid=576025&class=53&grp=,네이버뉴스,joseilbo.com,미작성,미발행,,,,
67bd84fe1369b05f,2026-09-19,경제 · 한국 주식,일반,나스닥은 웃고 다우는 울었다…유가 하락에도 美 금리 상승 부담,네이버뉴스 등 3개 기사,나스닥은 웃고 다우는 울었다…유가 하락에도 美 금리 상승 부담,https://www.pinpointnews.co.kr/news/articleView.html?idxno=488625,네이버뉴스,pinpointnews.co.kr,美 금리 올렸는데 코스피 6900 육박…장기금리·유가 떨어지자 반도체 ...,https://www.dailysportshankook.co.kr/news/articleView.html?idxno=433683,네이버뉴스,dailysportshankook.co.kr,美·日 금리 인상 악재 “이미 반영했다”…외인 복귀에 코스피 2.6% 상승...,https://economist.co.kr/article/view/ecn202609180035,네이버뉴스,economist.co.kr,미작성,미발행,,,,
607020a269acb3fe,2026-09-19,경제 · 한국 주식,일반,“삼전닉스요? 2031년까지 거뜬합니다”…공급난 전망 바뀌는 이유,매일경제 : 기업/경영 등 3개 기사,“삼전닉스요? 2031년까지 거뜬합니다”…공급난 전망 바뀌는 이유,https://www.mk.co.kr/news/business/12156849,매일경제 : 기업/경영,mk.co.kr,"한섬, 2028년까지 매년 100억원 자사주 매입·소각… 배당도 확대",https://www.newscj.com/news/articleView.html?idxno=3433894,네이버뉴스,newscj.com,"'삼전닉스' 없으면 안된다…""진짜 기회는 지금부터"" 파격 전망 [분석+]",https://www.hankyung.com/article/2026091827456,한국경제 | 뉴스 | 증권,hankyung.com,미작성,미발행,,,,
790bedd54c1de0e3,2026-09-19,경제 · 한국 정책 이슈,일반,"김기대 부동산소비자보호기획단장 ""이상징후 조기 포착해 피해 막겠다""",네이버뉴스 등 3개 기사,"김기대 부동산소비자보호기획단장 ""이상징후 조기 포착해 피해 막겠다""",https://www.news1.kr/realestate/general/6295605,네이버뉴스,news1.kr,부동산 온라인 위법 의심 광고 1만여건 적발…절반 이상이 허위·과장 표...,https://www.etoday.co.kr/news/view/2627168,네이버뉴스,etoday.co.kr,부동산 허위·과장 광고 1만건 넘게 적발…절반 이상 '매물정보 거짓 기...,https://www.ajunews.com/view/20260918085148817,네이버뉴스,ajunews.com,미작성,미발행,,,,
c8cac459c1c65e12,2026-09-19,경제 · 한국 정책 이슈,일반,"李, 최근 서울 외곽 집값 급등에 “살짝 오르는 평탄화 작업”",네이버뉴스 등 3개 기사,"李, 최근 서울 외곽 집값 급등에 “살짝 오르는 평탄화 작업”",https://www.joongang.co.kr/article/25463224,네이버뉴스,joongang.co.kr,"""강남은 내리고 외곽은 오른다""…李가 그린 집값 '평탄화' 시나리오",https://www.newsworks.co.kr/news/articleView.html?idxno=854226,네이버뉴스,newsworks.co.kr,[집중진단] 강남 식으면 뭐하나? 외곽은 ‘불장’인데…서울 집값 최장...,https://biz.sbs.co.kr/article_hub/20000335248?division=NAVER,네이버뉴스,biz.sbs.co.kr,미작성,미발행,,,,
fb5f08220e1ed556,2026-09-19,경제 · 한국 정책 이슈,일반,"“고속도로만 기름값 할인, 사형선고 아니냐”…동네 주유소들 ‘반발’",매일경제 : 경제 등 3개 기사,"“고속도로만 기름값 할인, 사형선고 아니냐”…동네 주유소들 ‘반발’",https://www.mk.co.kr/news/economy/12156807,매일경제 : 경제,mk.co.kr,추석 고속도로 주유소 L당 100원 할인,https://www.hankyung.com/article/2026091845971,한국경제 | 뉴스 | 경제,hankyung.com,유류세 인하 11월 말까지 연장…추석 고속도로 주유소 리터당 100원↓,https://www.korea.kr/news/policyNewsView.do?newsId=148972202&call_from=naver_news,네이버뉴스,korea.kr,미작성,미발행,,,,
2cf907e8f790a3dc,2026-09-19,경제 · 한국 정책 이슈,일반,[딜로이트 글로벌 경제 리뷰] 3년 만에 금리 인상한 연준과 채권 시장의...,네이버뉴스 등 3개 기사,[딜로이트 글로벌 경제 리뷰] 3년 만에 금리 인상한 연준과 채권 시장의...,https://www.financialpost.co.kr/news/articleView.html?idxno=276411,네이버뉴스,financialpost.co.kr,"[경제 이슈] 미 연준, 물가 제동 걸기 위해 0.25%p 기준금리 인상…""연내...",http://www.sisacast.kr/news/articleView.html?idxno=100189,네이버뉴스,sisacast.kr,"일본은행, 3개월 만에 또 금리인상…31년 만에 1.25%",https://www.econovill.com/news/articleView.html?idxno=751320,네이버뉴스,econovill.com,미작성,미발행,,,,
1b8320581142117b,2026-09-19,경제 · 한국 정책 이슈,일반,'청년자본 투자 촉진' 회의 소집하자 '레버리지 ETF' 답변왔다,네이버뉴스 등 3개 기사,'청년자본 투자 촉진' 회의 소집하자 '레버리지 ETF' 답변왔다,https://www.nocutnews.co.kr/news/6580724?utm_source=naver&utm_medium=article&utm_campaign=20260919050053,네이버뉴스,nocutnews.co.kr,"[단독] 한국거래소, 단일종목 레버리지 ETF 제안 안 했다",https://www.kmib.co.kr/article/view.asp?arcid=9000013495&cp=nv,네이버뉴스,kmib.co.kr,"李, 레버리지 ETF '사전 보완 부족' 인정…7주 만에 시총 2.7배",https://daily.hankooki.com/news/articleView.html?idxno=1407978,네이버뉴스,daily.hankooki.com,미작성,미발행,,,,
5c77830a718af23c,2026-09-19,경제 · 재테크,일반,"스테이블코인 힘주는 하나금융, 한화운용·아부다비와 금융 인프라 협력",한국경제 | 뉴스 | 경제 등 3개 기사,"스테이블코인 힘주는 하나금융, 한화운용·아부다비와 금융 인프라 협력",https://www.hankyung.com/article/202609183714i,한국경제 | 뉴스 | 경제,hankyung.com,[금융 브리핑] 하나증권·KB증권·대신증권·교보증권,http://www.niceeconomy.co.kr/news/articleView.html?idxno=91021,네이버뉴스,niceeconomy.co.kr,[금융계 동향] 미래에셋자산운용·대신증권·하나카드,http://www.iminju.net/news/articleView.html?idxno=169667,네이버뉴스,iminju.net,미작성,미발행,,,,
4721cd4bdc7c4e0f,2026-09-19,경제 · 재테크,일반,"삼성증권, ‘ 연금 저축 점프-업!’ 이벤트…신규·타사이전 고객 혜택 강...",네이버뉴스 등 3개 기사,"삼성증권, ‘ 연금 저축 점프-업!’ 이벤트…신규·타사이전 고객 혜택 강...",https://www.megaeconomy.co.kr/news/newsview.php?ncode=1065598888834436,네이버뉴스,megaeconomy.co.kr,"하나은행, 퇴직 연금 고객 은퇴설계 지원…전문가 상담 강화",https://www.newscammp.co.kr/news/articleView.html?idxno=6930,네이버뉴스,newscammp.co.kr,"하나은행, 퇴직 연금 고객 대상 자산관리 세미나…1대1 맞춤상담 운영",https://www.safetynews.co.kr/news/articleView.html?idxno=250613,네이버뉴스,safetynews.co.kr,미작성,미발행,,,,
a20bc3f53471602b,2026-09-19,경제 · 재테크,일반,"“오늘이 마지막이라는 각오”라더니 진짜 미쳤다…구자욱 3안타 5타점 대폭발, 삼성 선두 탈환 보인다",Chosunbiz 등 3개 기사,"“오늘이 마지막이라는 각오”라더니 진짜 미쳤다…구자욱 3안타 5타점 대폭발, 삼성 선두 탈환 보인다",https://biz.chosun.com/sports/baseball/2026/09/19/GBRGIY3DGVRTIYTGMYZWMMRVHE/,Chosunbiz,biz.chosun.com,"""선제적 매수 기회""…FDC 선두주자 삼성중공업, 재평가 기대↑",https://www.hankyung.com/article/202609171429i,한국경제 | 뉴스 | 증권,hankyung.com,[오늘의 증권] 하나증권·대신증권·KB증권·교보증권·삼성증권,http://www.financialreview.co.kr/news/articleView.html?idxno=44932,네이버뉴스,financialreview.co.kr,미작성,미발행,,,,
b3f87fb63536334a,2026-09-19,경제 · 재테크,일반,"KB자산운용 '밸류업 커버드콜 ETF', 순자산 3000억 돌파",네이버뉴스 등 3개 기사,"KB자산운용 '밸류업 커버드콜 ETF', 순자산 3000억 돌파",http://www.newslock.co.kr/news/articleView.html?idxno=136554,네이버뉴스,newslock.co.kr,"""월급 절반 이상 저축""…30대 초반에 2억 자산 만든 재테크 유튜버의 포...",https://www.newsis.com/view/NISX20260917_0003794208,네이버뉴스,newsis.com,"대신증권, 변동성 장세 대응 ‘ ETF 자산배분’ 세미나 마련",http://www.metroseoul.co.kr/article/20260917500603,네이버뉴스,metroseoul.co.kr,미작성,미발행,,,,
de27e2303778ff9c,2026-09-19,경제 · 재테크,일반,"AI 아냐…배드민턴 국대 출신 日 미녀 스트리머, 월 수입 1억6000만원 그러나 “성희롱 일상다반사” 슬픈 고백",Chosunbiz 등 3개 기사,"AI 아냐…배드민턴 국대 출신 日 미녀 스트리머, 월 수입 1억6000만원 그러나 “성희롱 일상다반사” 슬픈 고백",https://biz.chosun.com/sports/sports_general/2026/09/19/ME3TQZTCMU4DMM3GGAZWKNZQMY/,Chosunbiz,biz.chosun.com,'연봉 6000만원? 삼성 갈게요'…인재 외면에 비상 걸린 곳,https://www.hankyung.com/article/2026091844751,한국경제 | 뉴스 | 경제,hankyung.com,IRP에 600만원 넣으면 79만원 세액공제…연봉별 절세 효과는 [1인가구 재...,http://www.dailypop.kr/news/articleView.html?idxno=99953,네이버뉴스,dailypop.kr,미작성,미발행,,,,
7812cd9cb53a39fe,2026-09-19,경제 · 부동산,일반,"한껏 몸 낮췄는데…추락하는 이재명 대통령 지지율, 반등할 수 있을까",네이버뉴스 등 3개 기사,"한껏 몸 낮췄는데…추락하는 이재명 대통령 지지율, 반등할 수 있을까",https://ilyo.co.kr/?ac=article_view&entry_id=512810,네이버뉴스,ilyo.co.kr,[이로운체크] 이재명 지지율 4주 연속 최저…' 부동산 ·인사·신뢰'에 직...,https://www.eroun.net/news/articleView.html?idxno=90457,네이버뉴스,eroun.net,“전세 사라질 것이라 했을 뿐” 이재명 대통령 해명에 전문가들이 보인...,https://www.wikitree.co.kr/articles/1160528,네이버뉴스,wikitree.co.kr,미작성,미발행,,,,
93db86b7210ce949,2026-09-19,경제 · 부동산,일반,"이재명 대통령 ""최대한 신속히 공급 늘려 집값 안정 반드시 달성""",네이버뉴스 등 3개 기사,"이재명 대통령 ""최대한 신속히 공급 늘려 집값 안정 반드시 달성""",http://www.babytimes.co.kr/news/articleView.html?idxno=74180,네이버뉴스,babytimes.co.kr,"李 대통령 ""주택 공급 신속히 늘려… 부동산 공화국 탈출 성과 낼 것""",https://www.industrynews.co.kr/news/articleView.html?idxno=86268,네이버뉴스,industrynews.co.kr,"李대통령 "" 부동산 공급, 최대한 신속히""…사업별 진행상황 직접 점검",https://www.pointdaily.co.kr/news/articleView.html?idxno=319848,네이버뉴스,pointdaily.co.kr,미작성,미발행,,,,
78afbc8092fe47dc,2026-09-19,경제 · 부동산,일반,"부정평가 56% 이 대통령 "" 집값 은 전 정부 탓""…오세훈 ""오른 건 취임 이...",네이버뉴스 등 3개 기사,"부정평가 56% 이 대통령 "" 집값 은 전 정부 탓""…오세훈 ""오른 건 취임 이...",https://www.greened.kr/news/articleView.html?idxno=350482,네이버뉴스,greened.kr,"집값 문제는 오세훈 탓이라는 대통령 변명에…오 시장 , 뜻밖의 반응",https://realty.chosun.com/site/data/html_dir/2026/09/18/2026091802148.html,네이버뉴스,realty.chosun.com,"이 대통령 "" 집값 오르는 이유, 수도권 집중 탓""",https://news.bizwatch.co.kr/article/real_estate/2026/09/18/0021,네이버뉴스,news.bizwatch.co.kr,미작성,미발행,,,,
8d85950a501f0d03,2026-09-19,경제 · 부동산,일반,""" 부동산 공급 신속하게""···""대미투자 치열하게 협의""",네이버뉴스 등 3개 기사,""" 부동산 공급 신속하게""···""대미투자 치열하게 협의""",https://www.ktv.go.kr/content/view?content_id=761286,네이버뉴스,ktv.go.kr,"李대통령, 부동산 '공급' 의지 강조 ""공급 확대 총력, 매주 진척 확인""",http://www.whitepaper.co.kr/news/articleView.html?idxno=267036,네이버뉴스,whitepaper.co.kr,"李대통령 “주택 공급 신속히 확대”…공급 금융 늘리고, 수요 억제 유...",https://www.kukinews.com/article/view/kuk202609180095,네이버뉴스,kukinews.com,미작성,미발행,,,,
f06e742265a82a9f,2026-09-19,경제 · 미국 주식,일반,"서학개미, 나흘간 폭풍 매수…'3배' 속슬에 1.1조 몰렸다",네이버뉴스 등 3개 기사,"서학개미, 나흘간 폭풍 매수…'3배' 속슬에 1.1조 몰렸다",http://www.wowtv.co.kr/NewsCenter/News/Read?articleId=A202609190353&t=NN,네이버뉴스,wowtv.co.kr,"서학개미, 나흘 만에 美 주식 1.8조원 순매수…SOXL에 1.1조원 몰렸다",https://www.etoday.co.kr/news/view/2627461,네이버뉴스,etoday.co.kr,"서학 개미, 나흘간 집중 매수…이달 '순매도→순매수' 전환",https://www.yna.co.kr/view/AKR20260918138000008?input=1195m,네이버뉴스,yna.co.kr,미작성,미발행,,,,
cdf585a833803547,2026-09-19,경제 · 미국 주식,일반,"미국증시 , 10년물 5% 재접근에도 반도체 강세…나스닥 0.4% 상승",네이버뉴스 등 3개 기사,"미국증시 , 10년물 5% 재접근에도 반도체 강세…나스닥 0.4% 상승",https://www.topstarnews.net/news/articleView.html?idxno=16199308,네이버뉴스,topstarnews.net,"뉴욕 증시 , 10년물 장중 5% 재돌파에도 반도체 강세…혼조 마감[뉴욕마감...",https://news.mtn.co.kr/news-detail/2026091907241875537,네이버뉴스,news.mtn.co.kr,"뉴욕 증시 , 국채금리 5% 부담 속 AI 반도체 강세… 나스닥 이틀째 상승",http://www.newsian.co.kr/news/articleView.html?idxno=95674,네이버뉴스,newsian.co.kr,미작성,미발행,,,,
9592681571f0d375,2026-09-19,경제 · 미국 주식,일반,[지난밤 뉴욕에선] 나스닥 0.39%↑…인플레·중동 리스크에 '혼조',네이버뉴스 등 3개 기사,[지난밤 뉴욕에선] 나스닥 0.39%↑…인플레·중동 리스크에 '혼조',https://www.straightnews.co.kr/news/articleView.html?idxno=311597,네이버뉴스,straightnews.co.kr,"뉴욕 증시 , 국채 금리 상승 속 혼조 마감…나스닥 0.39%↑",http://www.wowtv.co.kr/NewsCenter/News/Read?articleId=A202609190339&t=NN,네이버뉴스,wowtv.co.kr,"뉴욕 증시 , 반도체 강세 등에 혼조마감…나스닥 0.4%↑",https://www.womennews.co.kr/news/articleView.html?idxno=282385,네이버뉴스,womennews.co.kr,미작성,미발행,,,,
a8354cd9f05a126f,2026-09-19,경제 · 미국 주식,일반,[데일리 머니마켓] 필라델피아 반도체 지수 2.78% 상승,네이버뉴스 등 3개 기사,[데일리 머니마켓] 필라델피아 반도체 지수 2.78% 상승,https://www.bigtanews.co.kr/article/view/big202609190002,네이버뉴스,bigtanews.co.kr,"뉴욕 증시 , 美 국채 금리 상승에도 반도체주 강세…혼조 마감(종합)",https://www.yna.co.kr/view/AKR20260919007451072?input=1195m,네이버뉴스,yna.co.kr,"마이크론 3.9%, SK하이닉스 ADR 2.46%↑...반도체주, 상승세 이어가",http://www.beyondpost.co.kr/view.php?ud=2026091905312919082aaae0046f_30,네이버뉴스,beyondpost.co.kr,미작성,미발행,,,,
ea1f575a5ea3e1af,2026-09-19,경제 · 미국 주식,일반,"[뉴욕증시] 연준 '깜빡이' 무시한 반도체 질주, 배경은?···SOXL 8% 급등",네이버뉴스 등 3개 기사,"[뉴욕증시] 연준 '깜빡이' 무시한 반도체 질주, 배경은?···SOXL 8% 급등",https://www.seoulfn.com/news/articleView.html?idxno=638361,네이버뉴스,seoulfn.com,[뉴욕증시] 혼조세 마감…반도체 강세 속 '속슬' 8% 급등,https://www.fnnews.com/news/202609190523172107,네이버뉴스,fnnews.com,뉴욕 증시 혼조 마감...美 국채 금리 상승에도 반도체주 강세,https://www.slist.kr/news/articleView.html?idxno=767339,네이버뉴스,slist.kr,미작성,미발행,,,,
1ed9037d3ef1f4b2,2026-09-19,건강 · 최신 이슈,일반,허은철 GC녹십자 코로나19 mRNA 백신 개발 박차 : '국산 백신 자급화' 'm...,네이버뉴스 등 3개 기사,허은철 GC녹십자 코로나19 mRNA 백신 개발 박차 : '국산 백신 자급화' 'm...,https://www.huffingtonpost.kr/article/260635,네이버뉴스,huffingtonpost.kr,"""독감처럼 매년 무료접종""...코로나19 백신, 필수예방접종으로 전환",https://www.hinews.co.kr/view.php?ud=2026091811121964369284fa285d_48,네이버뉴스,hinews.co.kr,"GC녹십자, 보건복지부장관 우등상…국내 Tdap 백신 개발 성과",https://www.newsworks.co.kr/news/articleView.html?idxno=854174,네이버뉴스,newsworks.co.kr,미작성,미발행,,,,
432e0e7ba4ef39f2,2026-09-19,건강 · 최신 이슈,일반,"질병관리청 , '국가 노쇠 표준 정의 수립' 전문가 공청회 개최",네이버뉴스 등 3개 기사,"질병관리청 , '국가 노쇠 표준 정의 수립' 전문가 공청회 개최",https://www.medipana.com/news/articleView.html?idxno=417916,네이버뉴스,medipana.com,"질병 청, 국가 노쇠 표준 정의 만든다…건강노화 기준 마련",https://www.news1.kr/bio/welfare-medical/6295385,네이버뉴스,news1.kr,"질병관리청 , 초고령사회 대비 '노쇠 표준 정의'로 건강한 노화 선도",https://www.gokorea.kr/news/articleView.html?idxno=879076,네이버뉴스,gokorea.kr,미작성,미발행,,,,
e965e1a6e374743a,2026-09-19,건강 · 최신 이슈,일반,미프진 허용 본격화...'약물 도입' 넘어 임신중지 법제화 과제로,네이버뉴스 등 3개 기사,미프진 허용 본격화...'약물 도입' 넘어 임신중지 법제화 과제로,https://www.bosa.co.kr/news/articleView.html?idxno=3012463,네이버뉴스,bosa.co.kr,"정부, 임신중지 약물 도입 첫발…'입법·안전·접근성' 과제 산적",http://www.bizwnews.com/news/articleView.html?idxno=146767,네이버뉴스,bizwnews.com,미프진 '9주' 도입 공식화…생명윤리와 안전 프로토콜의 과제,https://www.pharmnews.com/news/articleView.html?idxno=306382,네이버뉴스,pharmnews.com,미작성,미발행,,,,
fa71ea3f294d4a19,2026-09-19,건강 · 최신 이슈,일반,독감 유행 본격 조짐… 성남시민은 무료 접종으로 예방,네이버뉴스 등 3개 기사,독감 유행 본격 조짐… 성남시민은 무료 접종으로 예방,https://www.pressian.com/pages/articles/2026091811472701737?utm_source=naver&utm_medium=search,네이버뉴스,pressian.com,"코로나19 예방접종, 필수 예방접종으로 전환…내달 12일부터 순차 접종",https://www.mdtoday.co.kr/news/articleView.html?idxno=613688,네이버뉴스,mdtoday.co.kr,독감·코로나19 동시 유행...커지는 '트윈데믹' 우려 [뉴스타트],https://www.ytn.co.kr/_ln/0103_202609180735556941,네이버뉴스,ytn.co.kr,미작성,미발행,,,,
c73d73ce61ffb08e,2026-09-19,건강 · 최신 이슈,일반,"'미프진' 내년 도입…산부인과 ""일차 의료기관 현실과 안 맞아""",청년의사 - 전체기사 등 3개 기사,"'미프진' 내년 도입…산부인과 ""일차 의료기관 현실과 안 맞아""",http://www.docdocdoc.co.kr/news/articleView.html?idxno=3042896,청년의사 - 전체기사,docdocdoc.co.kr,"현대약품 '미프지미소' 허가 부담 줄었다…정부 ""내년 1분기 도입 목표...",https://www.ngetnews.com/news/articleView.html?idxno=553485,네이버뉴스,ngetnews.com,[시선집중] 미프진 도입 두고 격론...“국회가 법부터 만들라” vs “과...,https://n.news.naver.com/mnews/article/214/0001524723?sid=100,네이버뉴스,n.news.naver.com,미작성,미발행,,,,
6a08b7670248def7,2026-09-19,건강 · 최신 이슈,연예인 건강,"양희은, 다시 암 투병 고백 ..""암 수술 후 각막이식 수술 "" [ 스타 이슈]",네이버뉴스 등 3개 기사,"양희은, 다시 암 투병 고백 ..""암 수술 후 각막이식 수술 "" [ 스타 이슈]",https://www.starnewskorea.com/star/2026/09/19/2026091823021139979,네이버뉴스,starnewskorea.com,"‘서울대 출신 여 배우 ’ 얼굴 너무 늙어 등교 제지당하더니, 투병 고백...",https://biz.heraldcorp.com/article/10878557?ref=naver,네이버뉴스,biz.heraldcorp.com,"'타짜4' 미요시 아야카, 뒤늦은 투병 고백…""놀랐지만 회복 중""",https://www.hankyung.com/article/2026091843457,네이버뉴스,hankyung.com,미작성,미발행,,,,
2fbabb7a6fd421ba,2026-09-19,건강 · 최신 이슈,연예인 건강,"""새벽 응급실 이송"" 청하 치료 중… 건강 이상 , 언제 응급실 가야 하나 [...",네이버뉴스 등 3개 기사,"""새벽 응급실 이송"" 청하 치료 중… 건강 이상 , 언제 응급실 가야 하나 [...",https://www.fnnews.com/news/202609181927280145,네이버뉴스,fnnews.com,"청하, 건강 이상 으로 새벽 응급실 이송…오늘(18일) 대학 축제 불참 [전...",https://www.mk.co.kr/article/12156562,네이버뉴스,mk.co.kr,"청하, 건강 이상 에 응급실 이송...""대학축제 무대 불참""",https://www.gukjenews.com/news/articleView.html?idxno=3700196,네이버뉴스,gukjenews.com,미작성,미발행,,,,
484449ab4b3df761,2026-09-19,건강 · 생활 건강 정보,일반,"네이버 D2SF, AI 헬스케어 스타트업 2곳 투자",네이버뉴스 등 3개 기사,"네이버 D2SF, AI 헬스케어 스타트업 2곳 투자",https://www.m-i.kr/news/articleView.html?idxno=1415938,네이버뉴스,m-i.kr,"""글로벌 진출 지원""…네이버 D2SF, 헬스케어 스타트업 투자 확대",https://www.ddaily.co.kr/page/view/2026091812355537777,네이버뉴스,ddaily.co.kr,"네이버 D2SF, 글로벌 헬스케어 스타트업 2곳 투자…정밀의료· 수면 공략",https://www.edaily.co.kr/News/Read?newsId=03112726645581432&mediaCodeNo=257&utm_source=naver&utm_medium=referral&utm_campaign=news_syndication&utm_content=original_article,네이버뉴스,edaily.co.kr,미작성,미발행,,,,
ac4e21716fe7f8f9,2026-09-19,건강 · 생활 건강 정보,일반,“탄수화물이라 살찔까 피했는데”⋯식혀 먹으면 체중 관리에 유리한 ‘이 채소’는? / “암 걸리기 싫으면 오늘 버리세요”… 전문가가 경고한 주방용품 5가지 /“이러다 큰일 나” 3주 만에 4kg 뺀 이경실… 식단 보니?,코메디닷컴 등 3개 기사,“탄수화물이라 살찔까 피했는데”⋯식혀 먹으면 체중 관리에 유리한 ‘이 채소’는? / “암 걸리기 싫으면 오늘 버리세요”… 전문가가 경고한 주방용품 5가지 /“이러다 큰일 나” 3주 만에 4kg 뺀 이경실… 식단 보니?,https://kormedi.com/2870020/,코메디닷컴,kormedi.com,방치하면 합병증…혈당 관리 · 식단 필수 [헬스],https://www.mk.co.kr/article/12150551,네이버뉴스,mk.co.kr,"""콜라겐보다 중요"" 피부과 전문의가 매일 먹는 반전 식단",https://health.chosun.com/site/data/html_dir/2026/09/17/2026091702839.html,네이버뉴스,health.chosun.com,미작성,미발행,,,,
2c76c178b8caa6a5,2026-09-19,건강 · 생활 건강 정보,일반,“체중 감량 돕는 밥도 있다?”⋯ 콜레스테롤에도 좋은 통곡물 4가지,코메디닷컴 등 3개 기사,“체중 감량 돕는 밥도 있다?”⋯ 콜레스테롤에도 좋은 통곡물 4가지,https://kormedi.com/2868683/,코메디닷컴,kormedi.com,“49년간 거의 같은 체중”… 71세 심수봉이 평소 피하는 음식 '2가지',https://www.wikitree.co.kr/articles/1159975,네이버뉴스,wikitree.co.kr,""" 콜레스테롤 , 혈당, 혈압 관리 까지"" … '귀리'의 놀라운 효능 4가지",https://news.hidoc.co.kr/news/articleView.html?idxno=67513,네이버뉴스,news.hidoc.co.kr,미작성,미발행,,,,
71ac92bdb8c26866,2026-09-19,건강 · 생활 건강 정보,일반,"[닥터M] ""스트레스인 줄 알았는데"".. 자율신경실조증 증상과 치료",네이버뉴스 등 3개 기사,"[닥터M] ""스트레스인 줄 알았는데"".. 자율신경실조증 증상과 치료",http://www.jmbc.co.kr/news/view/68038,네이버뉴스,jmbc.co.kr,[ 건강 365] 수면 제 의존 불면증 증상…자율신경실조증으로까지 이어지기...,https://www.kyosu.net/news/articleView.html?idxno=210573,네이버뉴스,kyosu.net,"어지럼증·두근거림… 공황장애와 미주신경성실신 증상, 자율신경계 검...",https://www.ibabynews.com/news/articleView.html?idxno=154631,네이버뉴스,ibabynews.com,미작성,미발행,,,,
2e429cee60a3a173,2026-09-19,건강 · 생활 건강 정보,일반,"97세 위암 환자, 로봇 수술로 건강 되찾아",네이버뉴스 등 3개 기사,"97세 위암 환자, 로봇 수술로 건강 되찾아",https://www.chosun.com/national/welfare-medical/2026/09/19/WZVEUVNPFVG4HEFTYTYXPNCK5E/?utm_source=naver&utm_medium=referral&utm_campaign=naver-news,네이버뉴스,chosun.com,"97세 위암 환자, 로봇수술로 위 전체 절제",https://www.sentv.co.kr/article/view/sentv202609180160,네이버뉴스,sentv.co.kr,"서울성모병원, 97세 초고령 위암 환자 로봇수술로 치료",https://www.kpanews.co.kr/news/articleView.html?idxno=544273,네이버뉴스,kpanews.co.kr,미작성,미발행,,,,
98e757c2c19609ff,2026-09-18,패션뷰티,일반,한·중 뷰티인 장춘서 만났다…K-뷰티 기술 넘어 ‘인재 교류’로,네이버뉴스 등 3개 기사,한·중 뷰티인 장춘서 만났다…K-뷰티 기술 넘어 ‘인재 교류’로,https://tk.newdaily.co.kr/site/data/html/2026/09/18/2026091800031.html,네이버뉴스,tk.newdaily.co.kr,"에누리 가격비교 , 뷰티 디바이스 기술·성분 정보 한곳에 구성",http://www.lawissue.co.kr/view.php?ud=202609172007404525204ead0791_12,네이버뉴스,lawissue.co.kr,"에누리 가격비교 , ' 뷰티 디바이스 전문관' 오픈…""제품·기술·화장품 정...",https://daily.hankooki.com/news/articleView.html?idxno=1407334,네이버뉴스,daily.hankooki.com,미작성,미발행,,,,
0357532b7dfa9b71,2026-09-18,패션뷰티,일반,"톤28, ‘더 퍼스트 블루 펩타이드’ 출시…고기능성 스킨케어 확대",네이버뉴스 등 3개 기사,"톤28, ‘더 퍼스트 블루 펩타이드’ 출시…고기능성 스킨케어 확대",https://www.vegannews.co.kr/news/article.html?no=386344,네이버뉴스,vegannews.co.kr,"톤28, 브랜드 10주년 맞아 ‘더 퍼스트 블루 펩타이드’ 출시",https://www.seoul.co.kr/news/economy/2026/09/17/20260917500220?wlog_tag3=naver,네이버뉴스,seoul.co.kr,"[현장] 톤28, 10년의 ‘비효율’ 끝에 꺼낸 블루펩타이드, 경쟁자는 홈케...",https://www.fashionbiz.co.kr/article/229446,네이버뉴스,fashionbiz.co.kr,미작성,미발행,,,,
d4046f8acdcb0c8e,2026-09-18,패션뷰티,일반,[진격의 K-뷰티⑤] 외국인 心 잡은 한국 화장품 …관광객들 ‘장바구니’...,네이버뉴스 등 3개 기사,[진격의 K-뷰티⑤] 외국인 心 잡은 한국 화장품 …관광객들 ‘장바구니’...,https://www.ekn.kr/web/view.php?key=20260918023505813,네이버뉴스,ekn.kr,"""기기와 화장품 함께""…뷰티 디바이스가 스킨케어 소비 바꾼다",https://www.mt.co.kr/living/2026/09/18/2026091615480236007,네이버뉴스,mt.co.kr,"에누리 가격비교 , ' 뷰티 디바이스 전문관' 오픈…피부 디바이스·화장품...",https://www.epnc.co.kr/news/articleView.html?idxno=407053,네이버뉴스,epnc.co.kr,미작성,미발행,,,,
df2722eeb06670fa,2026-09-18,패션뷰티,일반,[K-뷰티 수출 3강 시장 분석① 미국] 양보다 질…샴푸·마스크팩 단가 상...,네이버뉴스 등 3개 기사,[K-뷰티 수출 3강 시장 분석① 미국] 양보다 질…샴푸·마스크팩 단가 상...,https://www.thebk.co.kr/news/articleView.html?idxno=311737,네이버뉴스,thebk.co.kr,"K-뷰티, 꾸미려고 사는 게 아니다? 미국 소비자 진짜 속내",https://ditoday.com/k-%eb%b7%b0%ed%8b%b0-%ea%be%b8%eb%af%b8%eb%a0%a4%ea%b3%a0-%ec%82%ac%eb%8a%94-%ea%b2%8c-%ec%95%84%eb%8b%88%eb%8b%a4-%eb%af%b8%ea%b5%ad-%ec%86%8c%eb%b9%84%ec%9e%90-%ec%a7%84%ec%a7%9c-%ec%86%8d/,네이버뉴스,ditoday.com,"제이투케이바이오, K-뷰티 수출 타고 영업익 3배 전망",https://new.dailypharm.com/user/news/342591?REFERER=NP,네이버뉴스,new.dailypharm.com,미작성,미발행,,,,
e269c34202793920,2026-09-18,패션뷰티,일반,"""뷰티기기와 쓸 제품 찾아요"" 스킨케어 선택 기준 변했다",네이버뉴스 등 3개 기사,"""뷰티기기와 쓸 제품 찾아요"" 스킨케어 선택 기준 변했다",https://www.mt.co.kr/industry/2026/09/18/2026091719332679816,네이버뉴스,mt.co.kr,"스킨 1004, 1회용 '비타민 C 96 파우더'… 스킨케어 제품과 혼합",http://www.dailysmart.co.kr/news/articleView.html?idxno=129876,네이버뉴스,dailysmart.co.kr,"에누리 가격비교 , ‘ 뷰티 디바이스 전문관’ 오픈 “데이터 기반 제품 ...",https://www.fntimes.com/html/view.php?ud=202609170856323784b5b890e35c_18,네이버뉴스,fntimes.com,미작성,미발행,,,,
6dc27fdf6735a620,2026-09-18,카테크 · 자동차,일반,"추석 귀성길 장거리 운전, 출발 전 챙겨야 할 자동차 관리 포인트",모터그래프코리아 - 전체기사 등 3개 기사,"추석 귀성길 장거리 운전, 출발 전 챙겨야 할 자동차 관리 포인트",https://www.motorgraph.com/news/articleView.html?idxno=44544,모터그래프코리아 - 전체기사,motorgraph.com,"차통령, 자동차보험 만기 관리 기능 업데이트",https://www.vegannews.co.kr/news/article.html?no=386345,네이버뉴스,vegannews.co.kr,스텔스 차량 범칙금 2만원… 추석 야간 귀성길 '보이지 않는 차' 비상,https://www.imaeil.com/page/view/2026091417435644233,네이버뉴스,imaeil.com,미작성,미발행,,,,
5960a8af5c4b0e00,2026-09-18,카테크 · 자동차,일반,디지털 보험 사 잇단 통합…운영 방식 '융합'으로,네이버뉴스 등 3개 기사,디지털 보험 사 잇단 통합…운영 방식 '융합'으로,https://www.lcnews.co.kr/news/articleView.html?idxno=208474,네이버뉴스,lcnews.co.kr,"교보라플도 母회사 품으로…디지털 보험 , 비용 통제가 '독자생존' 가른다",https://www.pinpointnews.co.kr/news/articleView.html?idxno=488024,네이버뉴스,pinpointnews.co.kr,"장영근 카카오손보 대표, 생활밀착형으로 디지털 보험 잔혹사 끊나",https://www.insightkorea.co.kr/news/articleView.html?idxno=254877,네이버뉴스,insightkorea.co.kr,미작성,미발행,,,,
860c9db78f51e83a,2026-09-18,카테크 · 자동차,일반,[시승기] 볼보 ES90이 주는 네 가지 즐거움,네이버뉴스 등 3개 기사,[시승기] 볼보 ES90이 주는 네 가지 즐거움,https://daily.hankooki.com/news/articleView.html?idxno=1407567,네이버뉴스,daily.hankooki.com,"세단에 SUV 한 스푼…볼보 ES90, 조용히 꽉 채웠다 [시승로그]",https://www.ddaily.co.kr/page/view/2026091717280586274,네이버뉴스,ddaily.co.kr,"[시승기] '456마력' 볼보 ES90, 퍼포먼스보다 빛난 고요함과 승차감",https://www.wolyo.co.kr/news/articleView.html?idxno=317965,네이버뉴스,wolyo.co.kr,미작성,미발행,,,,
5aaabd3d94edd33a,2026-09-18,카테크 · 자동차,일반,"[르포] 아우토반 위, 눈에 띄는 투싼·i30…현대차·기아, '車본고장' 독...",네이버뉴스 등 3개 기사,"[르포] 아우토반 위, 눈에 띄는 투싼·i30…현대차·기아, '車본고장' 독...",https://www.newsis.com/view/NISX20260917_0003793824,네이버뉴스,newsis.com,"기준금리 3년2개월만에 올랐다…현대차·기아, 美 판매·수익성 촉각",https://www.asiatoday.co.kr/kn/view.php?key=20260917010006844,네이버뉴스,asiatoday.co.kr,"“고장 많은 ‘짝퉁 싸구려’ 한국車”…욕먹던 현대차·기아, 통쾌한 반...",https://www.mk.co.kr/article/12154635,네이버뉴스,mk.co.kr,미작성,미발행,,,,
d17381ec3058bd55,2026-09-18,카테크 · 자동차,일반,"30년 제조 DNA 품고…르노 부산공장, 미래차 핵심기지로 ‘우뚝’",네이버뉴스 등 3개 기사,"30년 제조 DNA 품고…르노 부산공장, 미래차 핵심기지로 ‘우뚝’",https://www.sedaily.com/article/20092428?ref=naver,네이버뉴스,sedaily.com,"한-중앙아 5개국, 핵심광물·제조AI '첫 다자 협력틀' 구축",http://www.smedaily.co.kr/news/articleView.html?idxno=363387,네이버뉴스,smedaily.co.kr,"한-중앙아 5개국, '핵심 광물·제조 AI' 밸류체인 구축",https://www.shinailbo.co.kr/news/articleView.html?idxno=5063212,네이버뉴스,shinailbo.co.kr,미작성,미발행,,,,
77679e73b915e268,2026-09-18,카테크 · IT,일반,접는 아이폰 나오자 삼성 Z폴드8 판매 급증,네이버뉴스 등 3개 기사,접는 아이폰 나오자 삼성 Z폴드8 판매 급증,https://www.chosun.com/economy/tech_it/2026/09/18/7WHJN6UQ7NHCJO24B27QLTU7OA/?utm_source=naver&utm_medium=referral&utm_campaign=naver-news,네이버뉴스,chosun.com,329만원짜리 접는 아이폰 나오자마자 갤럭시 폴드8이 불티나게 팔린 아...,https://www.cbci.co.kr/news/articleView.html?idxno=607719,네이버뉴스,cbci.co.kr,‘7년 노하우’의 힘… 아이폰 듀오 공개 뒤 삼성 Z폴드8 판매 오히려 늘...,https://www.kmib.co.kr/article/view.asp?arcid=9000013078&cp=nv,네이버뉴스,kmib.co.kr,미작성,미발행,,,,
6dd28b96b2d8ad71,2026-09-18,카테크 · IT,일반,아이폰 듀오 등장에 삼성 웃었다,네이버뉴스 등 3개 기사,아이폰 듀오 등장에 삼성 웃었다,https://www.seoul.co.kr/news/economy/industry/2026/09/18/20260918030001?wlog_tag3=naver,네이버뉴스,seoul.co.kr,아이폰 듀오 등장에 삼성 웃었다…갤Z폴드8 판매 10%↑,https://www.edaily.co.kr/News/Read?newsId=04460806645581104&mediaCodeNo=257&utm_source=naver&utm_medium=referral&utm_campaign=news_syndication&utm_content=original_article,네이버뉴스,edaily.co.kr,"삼성전자, '아이폰 듀오' 출시 후 갤럭시 폴드8 판매량 10% 껑충…국내 ...",https://www.cwn.kr/news/articleView.html?idxno=56630,네이버뉴스,cwn.kr,미작성,미발행,,,,
bbbc98a89429cec3,2026-09-18,카테크 · IT,일반,"삼성전자, 최신 운영체제 '원 UI 9' 국내 시작으로 글로벌 순차 배포",네이버뉴스 등 3개 기사,"삼성전자, 최신 운영체제 '원 UI 9' 국내 시작으로 글로벌 순차 배포",https://www.cbci.co.kr/news/articleView.html?idxno=607721,네이버뉴스,cbci.co.kr,"삼성전자, ‘One UI 9’ 공식 버전 업데이트 시작",http://www.breaknews.com/1237375,네이버뉴스,breaknews.com,"""더 새로워진 갤럭시 UX""…삼성전자, 'One UI 9' 본격 배포",https://www.thefairnews.co.kr/news/articleView.html?idxno=88304,네이버뉴스,thefairnews.co.kr,미작성,미발행,,,,
3949626d8b2793f2,2026-09-18,카테크 · IT,일반,'아이폰18 프로' 오늘 출시... 일반형 아이폰18은 판매되지 않는 이유,네이버뉴스 등 3개 기사,'아이폰18 프로' 오늘 출시... 일반형 아이폰18은 판매되지 않는 이유,https://www.wikitree.co.kr/articles/1160384,네이버뉴스,wikitree.co.kr,애플 ‘아이폰 18 프로’ 18일 한국 공식 출시…기본형 없이 199만 원 출...,https://www.segye.com/newsView/20260918502573?OutUrl=naver,네이버뉴스,segye.com,"애플, 아이폰18 프로 국내 출시…첫 폴더블은 내달",https://www.ebn.co.kr/news/articleView.html?idxno=1724752,네이버뉴스,ebn.co.kr,미작성,미발행,,,,
163616283de0e644,2026-09-18,스포츠,일반,"여자핸드볼 대표팀, 내일 홍콩과 첫 경기",스포츠 - SBS 뉴스 섹션 등 3개 기사,"여자핸드볼 대표팀, 내일 홍콩과 첫 경기",https://news.sbs.co.kr/news/endPage.do?news_id=N1008759466&plink=RSSLINK&cooper=RSSREADER,스포츠 - SBS 뉴스 섹션,news.sbs.co.kr,"K리그1 강원, ACL2 첫 경기서 10명 뛴 홍콩 킷치와 0-0 무승부",https://www.newsis.com/view/NISX20260918_0003794789,스포츠,newsis.com,"2경기 11골 무실점 ‘8강 확정’…여자 축구 신상우호, ‘운명’ 건 조...",https://www.sportsseoul.com/news/read/1636094?ref=naver,네이버뉴스,sportsseoul.com,미작성,미발행,,,,
69019f0d3e01a93c,2026-09-18,스포츠,일반,"여자 축구 , 방글라데시 6-0 완파…2연승으로 아시안게임 8강 확정",네이버뉴스 등 3개 기사,"여자 축구 , 방글라데시 6-0 완파…2연승으로 아시안게임 8강 확정",https://www.mediafine.co.kr/news/articleView.html?idxno=90098,네이버뉴스,mediafine.co.kr,"한국 여자 축구 , 방글라데시 6-0 완파⋯8강 진출 ‘조기 확정’ [아시안...",https://www.etoday.co.kr/news/view/2627015,네이버뉴스,etoday.co.kr,"[아이치·나고야 아시안게임]여자 축구 , 방글라데시 6-0 완파…2연승으로...",http://www.kjdaily.com/article.php?aid=1789659067687186227,네이버뉴스,kjdaily.com,미작성,미발행,,,,
fe907a48a5d37433,2026-09-18,스포츠,일반,"송성문, 8회 3루수 대수비로 출장…콜로라도 꺾은 샌디에이고, 와일드카...",네이버뉴스 등 3개 기사,"송성문, 8회 3루수 대수비로 출장…콜로라도 꺾은 샌디에이고, 와일드카...",https://sports.khan.co.kr/article/202609180838003?pt=nv,네이버뉴스,sports.khan.co.kr,"송성문, 3루수 대수비…2연승 샌디에이고, 와일드카드 굳히기",https://www.yna.co.kr/view/AKR20260918020500007?input=1195m,네이버뉴스,yna.co.kr,"송성문, 대수비로 출전해 1타수 무안타…샌디에이고, 콜로라도 완파",https://www.newsis.com/view/NISX20260917_0003793704,스포츠,newsis.com,미작성,미발행,,,,
5f1bb3f69a9cd809,2026-09-18,스포츠,일반,"EPL 맨시티, 리그컵 16강행…17세 샛별 삼바, 데뷔전서 멀티골",스포츠 등 3개 기사,"EPL 맨시티, 리그컵 16강행…17세 샛별 삼바, 데뷔전서 멀티골",https://www.newsis.com/view/NISX20260918_0003794828,스포츠,newsis.com,"17세 삼바 멀티골 댄스…맨시티, 리그컵서 노리치 5-0 완파",https://www.yna.co.kr/view/AKR20260918014100007?input=1195m,네이버뉴스,yna.co.kr,"""17세 멀티골 폭발""…맨시티, 노리치 5-0 제압",https://www.topstarnews.net/news/articleView.html?idxno=16197597,네이버뉴스,topstarnews.net,미작성,미발행,,,,
ef120fece7653c83,2026-09-18,방송연예,일반,"한가인, '도플갱어' 김동준과 닮은 이유 밝혀졌다…""외할아버지가 이국...",네이버뉴스 등 3개 기사,"한가인, '도플갱어' 김동준과 닮은 이유 밝혀졌다…""외할아버지가 이국...",https://www.tenasia.co.kr/article/2026091825484,네이버뉴스,tenasia.co.kr,‘도플갱어’ 한가인·김동준 “부모님 외모는 다른데 어떤 원리지?” ...,https://www.newsen.com/news_view.php?uid=202609180659112410,네이버뉴스,newsen.com,‘신병4’ 한가인 특별출연에 촬영장 발칵…도플갱어 김동준 “감독님...,https://www.wikitree.co.kr/articles/1160334,네이버뉴스,wikitree.co.kr,미작성,미발행,,,,
a092bd0962d901dc,2026-09-18,방송연예,일반,"‘신병4’ 민진기·윤기영, 차기작 ‘써닝야구단’ 오정세·전혜진과 다...",네이버뉴스 등 3개 기사,"‘신병4’ 민진기·윤기영, 차기작 ‘써닝야구단’ 오정세·전혜진과 다...",https://www.wikitree.co.kr/articles/1160373,네이버뉴스,wikitree.co.kr,"'신병' 민진기 감독·윤기영 작가, 차기작 '써닝야구단'도 함께...오정세...",http://www.starnewsk.com/news/articleView.html?idxno=59148,네이버뉴스,starnewsk.com,"'신병4' 제작진, '써닝야구단'으로 뭉친다⋯오정세x전혜진 캐스팅",http://www.joynews24.com/view/2006834,네이버뉴스,joynews24.com,미작성,미발행,,,,
61261bf37180d28b,2026-09-18,방송연예,일반,"‘너 말고 다른 연애’ 서강준♥안은진, 웨이브 유입 1위",네이버뉴스 등 3개 기사,"‘너 말고 다른 연애’ 서강준♥안은진, 웨이브 유입 1위",https://www.bntnews.co.kr/article/view/bnt202609180095,네이버뉴스,bntnews.co.kr,서강준♥안은진 ‘너 말고 다른 연애’ 터졌다…웨이브 유료가입 견인 ...,https://www.sportsworldi.com/newsView/20260918503036,네이버뉴스,sportsworldi.com,‘너 말고 다른 연애’ 화제성 순위 심상찮다…전주보다 3·4위로 껑충 ...,https://www.wikitree.co.kr/articles/1160166,네이버뉴스,wikitree.co.kr,미작성,미발행,,,,
f2fa8bae3d8f5e16,2026-09-18,방송연예,일반,"'우발라2' 안정현PD ""문근영 결혼 소식에 축하…좋은 기운 가져다줘"" [인...",네이버뉴스 등 3개 기사,"'우발라2' 안정현PD ""문근영 결혼 소식에 축하…좋은 기운 가져다줘"" [인...",http://www.stoo.com/article.php?aid=108936084937,네이버뉴스,stoo.com,‘우발라2’ PD “문근영 결혼 진짜 몰랐다…프로그램 대박 날 징조 같...,https://www.newsen.com/news_view.php?uid=202609171455475710,네이버뉴스,newsen.com,[인터뷰②] ‘우발라2’ 제작진 “주우재는 ‘모델계 임진모’·문근영...,https://www.mk.co.kr/article/12155759,네이버뉴스,mk.co.kr,미작성,미발행,,,,
97bc57677ce65b66,2026-09-18,방송연예,일반,"""1편 뛰어넘겠단 건 오만""…'타짜4' 변요한, 나만의 색 찾아 [인터뷰]",네이버뉴스 등 3개 기사,"""1편 뛰어넘겠단 건 오만""…'타짜4' 변요한, 나만의 색 찾아 [인터뷰]",http://www.stoo.com/article.php?aid=108927833505,네이버뉴스,stoo.com,"[인터뷰]변요한 ""내게 당당하고 싶어서 '타짜' 선택했다""",https://www.newsis.com/view/NISX20260917_0003794046,연예,newsis.com,"변요한, '타짜: 벨제붑의 노래' 포스터 앞에서 근황…9월 23일 개봉 인사",https://www.topstarnews.net/news/articleView.html?idxno=16197208,네이버뉴스,topstarnews.net,미작성,미발행,,,,
f4ed11bdd003e70b,2026-09-18,고생물,일반,"보성군, '코리아노사우루스' 골격 화석 천연기념물 지정",네이버뉴스 등 3개 기사,"보성군, '코리아노사우루스' 골격 화석 천연기념물 지정",https://www.newsfreezone.co.kr/news/articleView.html?idxno=708042,네이버뉴스,newsfreezone.co.kr,"'코리아' 학명 인정된 공룡 화석 ... 보성 골격 화석 , 마침내 천연기념물...",https://www.insight.co.kr/news/571980,네이버뉴스,insight.co.kr,"보성서 찾은 한반도 최초 조각류 공룡 골격, 천연기념물 됐다",https://www.newsis.com/view/NISX20260907_0003779031,네이버뉴스,newsis.com,미작성,미발행,,,,
905b991ba7bd2c25,2026-09-18,고생물,일반,공룡 멸종했는데 새는 생존...똥 화석 에 숨겨진 단서 발견,네이버뉴스 등 3개 기사,공룡 멸종했는데 새는 생존...똥 화석 에 숨겨진 단서 발견,http://www.wowtv.co.kr/NewsCenter/News/Read?articleId=A202609110312&t=NN,네이버뉴스,wowtv.co.kr,"[사이테크+] "" 공룡 똥 화석 속 6천600만년 전 새 깃털…조류 생존 비결 단...",https://www.yna.co.kr/view/AKR20260910143000017?input=1195m,네이버뉴스,yna.co.kr,"우리나라에서 발견 된 공룡 화석 , 천연기념물 됐어요",https://kids.donga.com/news/articleView.html?idxno=169786,네이버뉴스,kids.donga.com,미작성,미발행,,,,
6a7dc5dd65e2f0b7,2026-09-18,경제 · 한국 주식,일반,美 반도체주 급반등 ‘훈풍’… 코스피 상승세 이어갈까 [투자360],네이버뉴스 등 3개 기사,美 반도체주 급반등 ‘훈풍’… 코스피 상승세 이어갈까 [투자360],https://biz.heraldcorp.com/article/10877835?ref=naver,네이버뉴스,biz.heraldcorp.com,"[AI MY 증시 전망] 美 반도체 훈풍…""코스피 상승 출발 전망""",https://www.newspim.com/news/view/20260918000041,네이버뉴스,newspim.com,"[ 오늘 의 투자전략] ""외인 2.2조 팔아도 펀더멘털 이상 無…반도체 담아...",https://www.etoday.co.kr/news/view/2627052,네이버뉴스,etoday.co.kr,미작성,미발행,,,,
6bd7190281a2ed71,2026-09-18,경제 · 한국 주식,일반,[어제장 오늘 장] 미국발 악재에도 코스피 버텼다…외국인 이탈이 관건,네이버뉴스 등 3개 기사,[어제장 오늘 장] 미국발 악재에도 코스피 버텼다…외국인 이탈이 관건,https://biz.sbs.co.kr/article_hub/20000335447?division=NAVER,네이버뉴스,biz.sbs.co.kr,한·미 금리차 확대 외국인 이탈 가속화⋯코스피 변동성 다시 커지나,http://www.inews24.com/view/2006727,네이버뉴스,inews24.com,"외국인, 코스피 1.9조 사고 코스닥 1.5조 팔았다",https://www.g-enews.com/view.php?ud=20260918074808152923c501012_1,네이버뉴스,g-enews.com,미작성,미발행,,,,
59f54570d024109f,2026-09-18,경제 · 한국 주식,일반,"[속보] 李대통령 기자회견, 오전 10시→10시30분 연기",Chosunbiz 등 3개 기사,"[속보] 李대통령 기자회견, 오전 10시→10시30분 연기",https://biz.chosun.com/policy/politics/president_office/2026/09/18/OF3EVEYFVJBIFIXDE3ZEH55FQM/,Chosunbiz,biz.chosun.com,"‘지지율 30%대’ 이 대통령, 벼랑 기자회견 승부수",https://www.ilyosisa.co.kr/news/article.html?no=257970,네이버뉴스,ilyosisa.co.kr,"민주, 김승원 청문보고서 단독 채택...대통령 내일 기자회견 [시사정각...",https://www.ytn.co.kr/_ln/0101_202609171303553256,네이버뉴스,ytn.co.kr,미작성,미발행,,,,
7d76083475771ec4,2026-09-18,경제 · 한국 주식,일반,"DS證 “두산, 상반기 10배 증가한 CCL 매출, 하반기엔 3배 더 늘 것 …목표가 275만원""",Chosunbiz 등 3개 기사,"DS證 “두산, 상반기 10배 증가한 CCL 매출, 하반기엔 3배 더 늘 것 …목표가 275만원""",https://biz.chosun.com/stock/stock_general/2026/09/18/YOVK3DQ4HVFP5KMZLXINXVPQGQ/,Chosunbiz,biz.chosun.com,"두산 ""AI칩 올라타자""…1조 들여 韓中 CCL설비 증설",https://www.mk.co.kr/news/business/12155718,매일경제 : 기업/경영,mk.co.kr,"""100만원이나 더 주고 굳이?""…뚜껑 열리자 벌어진 '반전'",https://www.hankyung.com/article/2026091720561,한국경제 | 뉴스 | 경제,hankyung.com,미작성,미발행,,,,
055072ccfed13bf1,2026-09-18,경제 · 한국 주식,일반,8월 외국인 국내 주식 3440억 순매수…올해 처음 “사자”,네이버뉴스 등 3개 기사,8월 외국인 국내 주식 3440억 순매수…올해 처음 “사자”,https://www.khan.co.kr/article/202609180833001,네이버뉴스,khan.co.kr,"""외국인이 돌아왔다"" 8개월 만에 국내 주식 '사자'…3440억원 순매수",https://www.kizmom.com/news/articleView.html?idxno=112802,네이버뉴스,kizmom.com,"[이슈체크] 돌아온 외국인, 올해 첫 '사자'...8월 국내 주식 3440억 순매수",https://www.tfmedia.co.kr/news/article.html?no=207309,네이버뉴스,tfmedia.co.kr,미작성,미발행,,,,
367d3cc43a3c0c8c,2026-09-18,경제 · 한국 정책 이슈,일반,"李대통령, 오늘 기자회견…인사·개헌·호르무즈 입장 주목",네이버뉴스 등 3개 기사,"李대통령, 오늘 기자회견…인사·개헌·호르무즈 입장 주목",https://www.ajunews.com/view/20260918081127714,네이버뉴스,ajunews.com,"李대통령, 오늘 기자회견…개각·연임 개헌·공소 취소 입장 주목",https://www.segye.com/newsView/20260918502478?OutUrl=naver,네이버뉴스,segye.com,"李대통령, 오늘 기자회견… 공소취소·연임개헌 입장 주목",https://www.newscj.com/news/articleView.html?idxno=3433709,네이버뉴스,newscj.com,미작성,미발행,,,,
1c818e6e24dacbfc,2026-09-18,경제 · 한국 정책 이슈,일반,"사감위, 군 장병 도박문제 예방·치유 지원체계 구축…5개 기관 업무협...",네이버뉴스 등 3개 기사,"사감위, 군 장병 도박문제 예방·치유 지원체계 구축…5개 기관 업무협...",https://www.cbci.co.kr/news/articleView.html?idxno=607937,네이버뉴스,cbci.co.kr,"""청년 장병 도박과의 승부""…5개 기관, 예방·치유 안전망 구축 [더게이...",http://www.spochoo.com/news/articleView.html?idxno=130198,네이버뉴스,spochoo.com,"사감위, 군 장병 도박문제 예방 업무협약…""기관 협력 강화""",https://www.gukjenews.com/news/articleView.html?idxno=3698911,네이버뉴스,gukjenews.com,미작성,미발행,,,,
986532d13991aaf3,2026-09-18,경제 · 한국 정책 이슈,일반,미국 기준금리 인상에도 7만6000달러대 회복,Chosunbiz 등 3개 기사,미국 기준금리 인상에도 7만6000달러대 회복,https://biz.chosun.com/stock/finance/2026/09/18/QMGDCUBPFFBQXAOV52SQZDTOBE/,Chosunbiz,biz.chosun.com,미국 이어 일본도 기준금리 인상 전망 : 한국 가계 부채 부담 벌써부터...,https://www.huffingtonpost.kr/article/260608,네이버뉴스,huffingtonpost.kr,"美, 3년 만에 기준금리 인상…글로벌 긴축 시계 다시 돈다",https://www.seoul.co.kr/news/economy/finance/2026/09/18/20260918001006?wlog_tag3=naver,네이버뉴스,seoul.co.kr,미작성,미발행,,,,
4fd237890719fcf4,2026-09-18,경제 · 한국 정책 이슈,일반,"美 금리 인상·중동 불확실성에 4대 수장 긴급 집결… ""시장은 안정적""",네이버뉴스 등 3개 기사,"美 금리 인상·중동 불확실성에 4대 수장 긴급 집결… ""시장은 안정적""",http://www.newsroad.co.kr/news/articleView.html?idxno=64550,네이버뉴스,newsroad.co.kr,정부 '미 금리 인상 시장 선반영…시장 영향 제한적 전망',https://www.korea.kr/news/policyNewsView.do?newsId=148972090&call_from=naver_news,네이버뉴스,korea.kr,현물 ETF 이후 첫 금리 인상…비트코인은 왜 버텼나,https://www.dailian.co.kr/news/view/1691685/?sc=Naver,네이버뉴스,dailian.co.kr,미작성,미발행,,,,
afd7c8389448b381,2026-09-18,경제 · 한국 정책 이슈,일반,"KB證 “삼성전기, 전고점서 41% 빠졌지만 실적은 역대 최대 전망…목표가 300만원 유지”",Chosunbiz 등 3개 기사,"KB證 “삼성전기, 전고점서 41% 빠졌지만 실적은 역대 최대 전망…목표가 300만원 유지”",https://biz.chosun.com/stock/stock_general/2026/09/18/26CLB3HEABDENJBLZM6UGK4F5I/,Chosunbiz,biz.chosun.com,30%→55% '역사적 추월'…삼전닉스 '최대 수혜' 전망 나왔다 [분석+],https://www.hankyung.com/article/2026091700256,한국경제 | 뉴스 | 증권,hankyung.com,부동산 대책 '헛바퀴'...노도강 월세 300만원 시대,http://www.00news.co.kr/news/articleView.html?idxno=106669,네이버뉴스,00news.co.kr,미작성,미발행,,,,
72bc0a8d81de2c42,2026-09-18,경제 · 재테크,일반,"대신증권, 변동성 장세 대응 ‘ ETF 자산배분’ 세미나 마련",네이버뉴스 등 3개 기사,"대신증권, 변동성 장세 대응 ‘ ETF 자산배분’ 세미나 마련",http://www.metroseoul.co.kr/article/20260917500603,네이버뉴스,metroseoul.co.kr,"[증권 이모저모] 대신증권, 변동성 장세 대응 ' ETF 자산배분 전략' 세미...",https://www.goodkyung.com/news/articleView.html?idxno=291546,네이버뉴스,goodkyung.com,"대신증권, 변동성 장세 대응 ' ETF 자산배분 전략' 세미나",https://www.fnnews.com/news/202609171551118512,네이버뉴스,fnnews.com,미작성,미발행,,,,
3504f95c0ed12e14,2026-09-18,경제 · 재테크,일반,"구광모 회장 ""AI 주도권 확보 위해 투자 전략 고도화해야""",한국경제 | 뉴스 | 경제 등 3개 기사,"구광모 회장 ""AI 주도권 확보 위해 투자 전략 고도화해야""",https://www.hankyung.com/article/2026091720611,한국경제 | 뉴스 | 경제,hankyung.com,"대신증권, 대신TV서 변동성 대응 '자산배분 ETF 투자 전략' 공개",https://www.updownnews.co.kr/news/articleView.html?idxno=318827,네이버뉴스,updownnews.co.kr,"대신증권, ‘자산배분 ETF 투자 전략’ 세미나 개최",https://biz.heraldcorp.com/article/10877265?ref=naver,네이버뉴스,biz.heraldcorp.com,미작성,미발행,,,,
cfc01f7cf35d7d84,2026-09-18,경제 · 재테크,일반,"""월급 절반 이상 저축""…30대 초반에 2억 자산 만든 재테크 유튜버의 포...",네이버뉴스 등 3개 기사,"""월급 절반 이상 저축""…30대 초반에 2억 자산 만든 재테크 유튜버의 포...",https://www.newsis.com/view/NISX20260917_0003794208,네이버뉴스,newsis.com,"대신증권, 유튜브서 'ETF 자산배분 전략' 라이브 세미나 진행",https://www.hankyung.com/article/2026091707906,한국경제 | 뉴스 | 증권,hankyung.com,"""안정적인 ETF 자산배분 어떻게""...대신증권 유튜브서 세미나",http://www.nongaek.com/news/articleView.html?idxno=96824,네이버뉴스,nongaek.com,미작성,미발행,,,,
729da3db6e25a393,2026-09-18,경제 · 재테크,일반,""" ETF 로 마음 편하게""…변동장 속 분산 투자 법은?",네이버뉴스 등 3개 기사,""" ETF 로 마음 편하게""…변동장 속 분산 투자 법은?",https://www.dailian.co.kr/news/view/1691739/?sc=Naver,네이버뉴스,dailian.co.kr,"대신증권, 17일 ETF 자산배분 세미나 진행…분산 투자 해법 공유",http://www.popcornnews.net/news/articleView.html?idxno=133366,네이버뉴스,popcornnews.net,"대신증권, 변동성 장세ㆍ마음의 안정을 찾아주는 ETF 자산배분 전략은?",http://www.ftoday.co.kr/news/articleView.html?idxno=365656,네이버뉴스,ftoday.co.kr,미작성,미발행,,,,
6433f9967bcbc0aa,2026-09-18,경제 · 부동산,일반,토지거래허가구역 내 실거주 의무 유예 신청 내년말까지 연장 [스타트 ...,네이버뉴스 등 3개 기사,토지거래허가구역 내 실거주 의무 유예 신청 내년말까지 연장 [스타트 ...,https://www.ytn.co.kr/_ln/0102_202609180721164173,네이버뉴스,ytn.co.kr,토지거래허가구역 실거주 1년 유예 연장…매매·전월세 시장은,https://www.junggi.co.kr/news/articleView.html?idxno=37813,네이버뉴스,junggi.co.kr,"우리은행 ""토지거래허가구역 실거주 유예 1년 연장, 매매· 임대차 충돌...",https://www.newsfreezone.co.kr/news/articleView.html?idxno=709849,네이버뉴스,newsfreezone.co.kr,미작성,미발행,,,,
5b96bf435c8d284a,2026-09-18,경제 · 부동산,일반,"집값·전셋값 다 오르자 ""실거주 유예 1년 더""...세 낀 집 거래, 일단 '숨...",네이버뉴스 등 3개 기사,"집값·전셋값 다 오르자 ""실거주 유예 1년 더""...세 낀 집 거래, 일단 '숨...",https://www.mt.co.kr/estate/2026/09/18/2026091721201244500,네이버뉴스,mt.co.kr,토허제 실거주 유예 1년 연장…세입자 낀 매물 거래 늘까,https://www.newsis.com/view/NISX20260917_0003794448,네이버뉴스,newsis.com,"토허구역 실거주 유예 연장… ""거래 숨통"" 기대 속 ""단기 영향 제한""",https://www.ekoreanews.co.kr/news/articleView.html?idxno=88193,네이버뉴스,ekoreanews.co.kr,미작성,미발행,,,,
2a773a04a93bb50e,2026-09-18,경제 · 부동산,일반,"HUG, 전월세 안심신탁 제도화 시동…여야도 초당적 지원",네이버뉴스 등 3개 기사,"HUG, 전월세 안심신탁 제도화 시동…여야도 초당적 지원",https://www.newscj.com/news/articleView.html?idxno=3433681,네이버뉴스,newscj.com,"HUG, 전월세 안심신탁 논의…여야·주택업계 한자리에",https://www.joongdo.co.kr/web/view.php?key=20260917010005925,네이버뉴스,joongdo.co.kr,"HUG, 전월세 안정화 위한 정책 토론회 개최…안심신탁 논의",https://www.cnbnews.com/news/articleView.html?idxno=1016271,네이버뉴스,cnbnews.com,미작성,미발행,,,,
9a007cbc87878194,2026-09-18,경제 · 부동산,일반,GTX-C 수혜지 경기 과천 아니다… 집값 상승 1순위 '이 동네',네이버뉴스 등 3개 기사,GTX-C 수혜지 경기 과천 아니다… 집값 상승 1순위 '이 동네',https://realty.chosun.com/site/data/html_dir/2026/09/17/2026091702967.html,네이버뉴스,realty.chosun.com,반도체 돈 몰린 동탄…하반기 집값 상승률 경기 1위,https://www.newsis.com/view/NISX20260917_0003793816,네이버뉴스,newsis.com,서울 집값 84주 연속 상승…외곽·경기 남부로 매수세 확산,https://www.mstoday.co.kr/news/articleView.html?idxno=102635,네이버뉴스,mstoday.co.kr,미작성,미발행,,,,
ef7615fa0894c605,2026-09-18,경제 · 부동산,일반,"""86주 연속 서울 집값 상승""…과거엔 '이것' 나오자 꺾였다",네이버뉴스 등 3개 기사,"""86주 연속 서울 집값 상승""…과거엔 '이것' 나오자 꺾였다",https://www.newsis.com/view/NISX20260917_0003794038,네이버뉴스,newsis.com,강남 떨어져도 서울 아파트값 84주 상승 릴레이,https://www.ytn.co.kr/_ln/0103_202609172155279777,네이버뉴스,ytn.co.kr,강남 집값 관망·서울외곽 과열·지방 미분양 속출,https://m.skyedaily.com/news_view.html?ID=311739,네이버뉴스,m.skyedaily.com,미작성,미발행,,,,
df11b642d96b6b7c,2026-09-18,경제 · 미국 주식,일반,삼성전자·SK하이닉스 프리마켓 3%대↑…美 반도체주 강세 여파[특징주...,네이버뉴스 등 3개 기사,삼성전자·SK하이닉스 프리마켓 3%대↑…美 반도체주 강세 여파[특징주...,https://www.newsway.co.kr/news/view?ud=2026091808285675381,네이버뉴스,newsway.co.kr,[특징주] 美 반도체 상승에 'S7' 동반 강세…삼전닉스 3%대↑,https://www.newspim.com/news/view/20260918000046,네이버뉴스,newspim.com,‘반도체 백혈병 기금’ 삼성 500억으로 산재 막겠다더니… 8년째 문 못 연 안전보건센터,https://biz.chosun.com/topics/topics_social/2026/09/18/7VK3WL25DJGBVOI46MTBRKHTKQ/,Chosunbiz,biz.chosun.com,미작성,미발행,,,,
feaeac7e2d32970c,2026-09-18,경제 · 미국 주식,일반,日 오늘 금리 1.25%로 올리나…엔화 움직임에 원화·증시도 촉각,네이버뉴스 등 3개 기사,日 오늘 금리 1.25%로 올리나…엔화 움직임에 원화·증시도 촉각,https://www.chosun.com/economy/economy_general/2026/09/18/CDPAEUYSWRDKXC5GU7CKNYXZA4/?utm_source=naver&utm_medium=referral&utm_campaign=naver-news,네이버뉴스,chosun.com,[ 증시 포인트] 상승 출발 예상...장중 日 금리인상 여부 주목,http://www.opinionnews.co.kr/news/articleView.html?idxno=144617,네이버뉴스,opinionnews.co.kr,[뉴욕 증시 ] 금리 인상 불확실성 해소에 반등… 나스닥 1.69%↑,https://www.shinailbo.co.kr/news/articleView.html?idxno=5063732,네이버뉴스,shinailbo.co.kr,미작성,미발행,,,,
aa7ee4e1a9831a73,2026-09-18,경제 · 미국 주식,일반,中의 美국채 '탈출' 신호?… 외국인 자금도 채권보다 美 주식 으로,네이버뉴스 등 3개 기사,中의 美국채 '탈출' 신호?… 외국인 자금도 채권보다 美 주식 으로,https://www.pinpointnews.co.kr/news/articleView.html?idxno=488256,네이버뉴스,pinpointnews.co.kr,NH證 “안전자산 역할 약해진 美국채…채권보다 주식 매력 높아”,https://biz.chosun.com/stock/stock_general/2026/09/18/YIC6MVHDKVHPDI56XOVIQPDS6Q/,Chosunbiz,biz.chosun.com,"외국인, 8월 4.4조 순유출… 주식 0.3조 사고 채권 4.7조 뺐다",http://www.joseilbo.com/news/news_read.php?uid=575929&class=18&grp=,네이버뉴스,joseilbo.com,미작성,미발행,,,,
5f3fa71dcfdf5b53,2026-09-18,경제 · 미국 주식,일반,"[해외시황] 뉴욕증시, 금리 부담 완화·기술株 강세에 '반등'…나스닥 ...",네이버뉴스 등 3개 기사,"[해외시황] 뉴욕증시, 금리 부담 완화·기술株 강세에 '반등'…나스닥 ...",http://www.newsprime.co.kr/news/article.html?no=748294,네이버뉴스,newsprime.co.kr,"미국 뉴욕 증시 , 연준 금리 인상 충격 딛고 반등…다우존스·S&P500·나스닥...",https://www.lecturernews.com/news/articleView.html?idxno=210780,네이버뉴스,lecturernews.com,"뉴욕 증시 , 금리 인상 충격 딛고 일제히 반등…나스닥 1.69%↑",https://www.segye.com/newsView/20260918502359?OutUrl=naver,네이버뉴스,segye.com,미작성,미발행,,,,
7f9ed09d606d6af0,2026-09-18,경제 · 미국 주식,일반,[원자재 시황] 금리인상 충격 벗어난 시장…유가도 하락,네이버뉴스 등 3개 기사,[원자재 시황] 금리인상 충격 벗어난 시장…유가도 하락,https://www.ebn.co.kr/news/articleView.html?idxno=1724773,네이버뉴스,ebn.co.kr,"미국증시 , 연준 금리인상 충격 털고 반등…유가·금리 하락에 반도체 강...",https://www.topstarnews.net/news/articleView.html?idxno=16197446,네이버뉴스,topstarnews.net,[속보] 유가·금리 하락에 美 증시 반등 … 삼전닉스 프리장 3% 상승,https://biz.newdaily.co.kr/site/data/html/2026/09/18/2026091800036.html,네이버뉴스,biz.newdaily.co.kr,미작성,미발행,,,,
7966d76906250f72,2026-09-18,건강 · 최신 이슈,일반,코로나19 예방접종 ‘필수’ 전환…내달 12일부터 시작,청년의사 - 전체기사 등 3개 기사,코로나19 예방접종 ‘필수’ 전환…내달 12일부터 시작,http://www.docdocdoc.co.kr/news/articleView.html?idxno=3042872,청년의사 - 전체기사,docdocdoc.co.kr,코로나19 예방접종 '필수'로 전환…내달 12일부터 접종 시작,https://www.korea.kr/news/policyNewsView.do?newsId=148972097&call_from=naver_news,네이버뉴스,korea.kr,"질병관리청 , 코로나19 예방접종 '필수예방접종' 전환… 10월 12일부터 단...",https://www.discoverynews.kr/news/articleView.html?idxno=1101971,네이버뉴스,discoverynews.kr,미작성,미발행,,,,
539d293ec4985b10,2026-09-18,건강 · 최신 이슈,일반,"청주시, 부시장 총괄 TF 구성… 셀트리온 오송 신공장 가동까지 밀착 밀...",네이버뉴스 등 3개 기사,"청주시, 부시장 총괄 TF 구성… 셀트리온 오송 신공장 가동까지 밀착 밀...",http://www.breaknews.com/1237603,네이버뉴스,breaknews.com,"'셀트리온 2조원' 오송 투자…청주시, 착공부터 가동까지 전담 지원",https://www.bzeronews.com/news/articleView.html?idxno=822840,네이버뉴스,bzeronews.com,"청주시, 셀트리온 오송 투자 전방위 지원",https://www.ccdn.co.kr/news/articleView.html?idxno=1100726,네이버뉴스,ccdn.co.kr,미작성,미발행,,,,
e968514106901ae2,2026-09-18,건강 · 최신 이슈,일반,미프진 '9주' 도입 공식화…생명윤리와 안전 프로토콜의 과제,네이버뉴스 등 3개 기사,미프진 '9주' 도입 공식화…생명윤리와 안전 프로토콜의 과제,https://www.pharmnews.com/news/articleView.html?idxno=306382,네이버뉴스,pharmnews.com,"의협, 미프진 도입 신중론…""임부 안전 검증하고 의사 진료선택권 보장 必""",http://www.docdocdoc.co.kr/news/articleView.html?idxno=3042891,청년의사 - 전체기사,docdocdoc.co.kr,"한교총, 임신중지약 도입 반대…""허용 주수·안전관리 법체계부터""",https://view.asiae.co.kr/article/2026091719004875700,네이버뉴스,view.asiae.co.kr,미작성,미발행,,,,
4fe34ac8fa8ed540,2026-09-18,건강 · 최신 이슈,일반,독감·코로나19 동시 유행...커지는 '트윈데믹' 우려 [뉴스타트],네이버뉴스 등 3개 기사,독감·코로나19 동시 유행...커지는 '트윈데믹' 우려 [뉴스타트],https://www.ytn.co.kr/_ln/0103_202609180735556941,네이버뉴스,ytn.co.kr,"코로나19 예방접종 '필수'로 전환,,새로운 변이 발생·유행등으로 70세 ...",https://www.kdpress.co.kr/news/articleView.html?idxno=208724,네이버뉴스,kdpress.co.kr,코로나19 예방접종 10월부터 필수예방접종…의협 “동시유행 대비” 필...,https://medicalworldnews.co.kr/news/view.php?idx=1510977309,네이버뉴스,medicalworldnews.co.kr,미작성,미발행,,,,
be54939b2f3a8858,2026-09-18,건강 · 최신 이슈,일반,"'미프진' 내년 도입…산부인과 ""일차 의료기관 현실과 안 맞아""",청년의사 - 전체기사 등 3개 기사,"'미프진' 내년 도입…산부인과 ""일차 의료기관 현실과 안 맞아""",http://www.docdocdoc.co.kr/news/articleView.html?idxno=3042896,청년의사 - 전체기사,docdocdoc.co.kr,[MD포커스] 임신중지약 ‘미프지미소’ 내년 1분기 도입 추진…처방·접...,https://www.mydaily.co.kr/page/view/2026091622511541175,네이버뉴스,mydaily.co.kr,미프진 도입만으로 해결되지 않는 ‘공백’…정치는 응답할까?[점선면],https://www.khan.co.kr/article/202609180700021,네이버뉴스,khan.co.kr,미작성,미발행,,,,
9e08d19ee50f9a15,2026-09-18,건강 · 최신 이슈,연예인 건강,"'봉준호 페르소나' 故변희봉, 췌장암 재발 후 별세…오늘(18일) 3주기 '영...",네이버뉴스 등 3개 기사,"'봉준호 페르소나' 故변희봉, 췌장암 재발 후 별세…오늘(18일) 3주기 '영...",https://www.xportsnews.com/article/2196943,네이버뉴스,xportsnews.com,"'봉준호 페르소나' 故 변희봉, 췌장암 투병 끝 별세…오늘(18일) 3주기 [...",https://www.mydaily.co.kr/page/view/2026091710591851784,네이버뉴스,mydaily.co.kr,"'봉준호 페르소나' 배우 故 변희봉, 오늘(18일) 3주기…췌장암 투병 중 ...",https://www.topstarnews.net/news/articleView.html?idxno=16197560,네이버뉴스,topstarnews.net,미작성,미발행,,,,
2a52c81f68cf9178,2026-09-18,건강 · 생활 건강 정보,일반,"현대건설, 서울대병원·서울대와 AI 기반 차세데 헬스케어 주거 모델 공...",네이버뉴스 등 3개 기사,"현대건설, 서울대병원·서울대와 AI 기반 차세데 헬스케어 주거 모델 공...",http://www.worktoday.co.kr/news/articleView.html?idxno=89405,네이버뉴스,worktoday.co.kr,"현대건설, 서울대병원·서울대와 AI 건강 주거 모델 공동 개발",https://www.mt.co.kr/estate/2026/09/18/2026091714020718963,네이버뉴스,mt.co.kr,"현대건설, 서울대·서울대병원과 맞손…'AI 건강 주거 모델' 첫 개발",http://www.newsdream.kr/news/articleView.html?idxno=118412,네이버뉴스,newsdream.kr,미작성,미발행,,,,
63278292047f4b8c,2026-09-18,건강 · 생활 건강 정보,일반,"건강 검진부터 수면 습관 까지 집에서 관리... 현대건설, 'AI 건강 주거' 만...",네이버뉴스 등 3개 기사,"건강 검진부터 수면 습관 까지 집에서 관리... 현대건설, 'AI 건강 주거' 만...",https://www.insight.co.kr/news/574031,네이버뉴스,insight.co.kr,"아파트를 건강 관리 플랫폼으로…현대건설, 서울대병원과 AI 주거서비스...",https://www.thepowernews.co.kr/view.php?ud=202609171109536853de3f0aa1be_7,네이버뉴스,thepowernews.co.kr,"현대건설, 아파트를 ' 건강 관리 플랫폼'으로…서울대병원과 AI 주거 개발",https://www.e-science.co.kr/news/articleView.html?idxno=135672,네이버뉴스,e-science.co.kr,미작성,미발행,,,,
5f17e3b3e76086da,2026-09-18,건강 · 생활 건강 정보,일반,"'예방 헬스케어 혁신'…상벨, 2026 헬스케어산업발전 부문 대상 수상",네이버뉴스 등 3개 기사,"'예방 헬스케어 혁신'…상벨, 2026 헬스케어산업발전 부문 대상 수상",http://www.newsdream.kr/news/articleView.html?idxno=118425,네이버뉴스,newsdream.kr,"[이슈] 상벨, '2026 국가공헌대상' 헬스케어산업발전 부문 대상",https://www.startuptoday.co.kr/news/articleView.html?idxno=813426,네이버뉴스,startuptoday.co.kr,"상벨, AI·간호사 결합한 예방 헬스케어로 국가공헌대상 수상",https://www.econovill.com/news/articleView.html?idxno=751081,네이버뉴스,econovill.com,미작성,미발행,,,,
12f387aa4c3d88a3,2026-09-17,패션뷰티,일반,"한국비엔씨 '아이스트', 폴란드 뷰티 데이즈서 뷰티 어워드 등 2관왕 수...",네이버뉴스 등 3개 기사,"한국비엔씨 '아이스트', 폴란드 뷰티 데이즈서 뷰티 어워드 등 2관왕 수...",https://www.pharmnews.com/news/articleView.html?idxno=306341,네이버뉴스,pharmnews.com,"한국비엔씨 '아이스트', 뷰티 데이즈 폴란드 2026서 2관왕",https://www.cstimes.com/news/articleView.html?idxno=720904,네이버뉴스,cstimes.com,"한국비엔씨 '아이스트', 폴란드 뷰티 어워즈서 2개 부문 수상",http://www.press9.kr/news/articleView.html?idxno=82840,네이버뉴스,press9.kr,미작성,미발행,,,,
d498a790eb6fe118,2026-09-17,패션뷰티,일반,"키르아, 브랜드 론칭 리셉션 개최…첫 제품 ‘하이퍼 리프팅 엘릭서 앰...",네이버뉴스 등 3개 기사,"키르아, 브랜드 론칭 리셉션 개최…첫 제품 ‘하이퍼 리프팅 엘릭서 앰...",https://economist.co.kr/article/view/ecn202609160039,네이버뉴스,economist.co.kr,"키르아, 브랜드 런칭 리셉션 개최… 첫 제품 ‘하이퍼리프팅엘릭서 앰플...",https://www.dt.co.kr/article/12084298?ref=naver,네이버뉴스,dt.co.kr,티저로 열고 제품으로 답하다... 메종 드 위미에르가 밝힌 K-BEAUTY2.0 브랜...,https://www.thebigdata.co.kr/view.php?ud=2026091612290835693233fa3143_23,네이버뉴스,thebigdata.co.kr,미작성,미발행,,,,
76c38e08ac36b33d,2026-09-17,패션뷰티,일반,"메종 드 위미에르, 하반기 K-뷰티 시장 출사표",네이버뉴스 등 3개 기사,"메종 드 위미에르, 하반기 K-뷰티 시장 출사표",https://www.newspim.com/news/view/20260916000702,네이버뉴스,newspim.com,글로벌 시장에 던진 K-뷰티 2.0 시대의 답안... '메종 드 위미에르'의 독...,http://www.globalepic.co.kr/view.php?ud=20260916143538468337600e7ec7_29,네이버뉴스,globalepic.co.kr,"메종 드 위미에르, '프리미엄 K-뷰티' 승부수…캐비어PDRN 앞세워 글로벌...",https://sports.hankooki.com/news/articleView.html?idxno=6939784,네이버뉴스,sports.hankooki.com,미작성,미발행,,,,
d8747d87e73f400d,2026-09-17,패션뷰티,일반,"마스크 팩, '뉴 K-뷰티'의 중국 시장 약진을 이끄는 견인차",네이버뉴스 등 3개 기사,"마스크 팩, '뉴 K-뷰티'의 중국 시장 약진을 이끄는 견인차",http://dream.kotra.or.kr/kotranews/cms/news/actionKotraBoardDetail.do?SITE_NO=3&MENU_ID=180&CONTENTS_NO=1&bbsGbn=243&bbsSn=243&pNttSn=244101,네이버뉴스,dream.kotra.or.kr,"제네셀, 코스맥스 손잡고 글로벌 뷰티·헬스 케어 시장 공략",https://www.insightkorea.co.kr/news/articleView.html?idxno=254718,네이버뉴스,insightkorea.co.kr,중국만 보던 K- 뷰티 옛말… 화장품株 해외시장 다변화에 花色도네,https://www.pinpointnews.co.kr/news/articleView.html?idxno=486845,네이버뉴스,pinpointnews.co.kr,미작성,미발행,,,,
aca64f14afdc4b6d,2026-09-17,패션뷰티,일반,[진격의 K-뷰티③] ‘인기 브랜드’ 면면 살펴보니…기초부터 헤어 케어 ...,네이버뉴스 등 3개 기사,[진격의 K-뷰티③] ‘인기 브랜드’ 면면 살펴보니…기초부터 헤어 케어 ...,https://www.ekn.kr/web/view.php?key=20260916028175459,네이버뉴스,ekn.kr,"메종 드 위미에르, 캐비어 PDRN 기반 성분 적용한 프리미엄 뷰티 브랜드...",https://www.stardailynews.co.kr/news/articleView.html?idxno=550185,네이버뉴스,stardailynews.co.kr,"뷰티 브랜드 '메종 드 위미에르', 공식 출범···글로벌 시장 공략",http://www.koreastocknews.com/news/articleView.html?idxno=121274,네이버뉴스,koreastocknews.com,미작성,미발행,,,,
7bb0be5effaf8101,2026-09-17,카테크 · 자동차,일반,"지커 7X, 누적 생산 20만 대 돌파",모터그래프코리아 - 전체기사 등 3개 기사,"지커 7X, 누적 생산 20만 대 돌파",https://www.motorgraph.com/news/articleView.html?idxno=44530,모터그래프코리아 - 전체기사,motorgraph.com,"지커 7X 전기차 , 글로벌 누적 생산대수 20만 돌파 차별화 무엇",https://sports.khan.co.kr/article/202609161853013?pt=nv,네이버뉴스,sports.khan.co.kr,지커 7X 생산 20만대 돌파…국내 사전예약 1500대,https://www.m-i.kr/news/articleView.html?idxno=1415028,네이버뉴스,m-i.kr,미작성,미발행,,,,
079fc90f2615a754,2026-09-17,카테크 · 자동차,일반,"아시아권 최대 규모 수소 행사 'WHE 2026', 관람 사전등록 시작",네이버뉴스 등 3개 기사,"아시아권 최대 규모 수소 행사 'WHE 2026', 관람 사전등록 시작",https://www.gasnews.com/news/articleView.html?idxno=126836,네이버뉴스,gasnews.com,"아시아권 최대 규모 수소 행사 `WHE 2026`, 관람 사전등록 시작… 글로벌...",https://www.todayenergy.kr/news/articleView.html?idxno=303137,네이버뉴스,todayenergy.kr,"""글로벌 수소 미래 한눈에"" 아시아 최대 규모 ‘WHE 2026’, 사전등록 돌...",http://digitalchosun.dizzo.com/site/data/html_dir/2026/09/16/2026091680024.html,네이버뉴스,digitalchosun.dizzo.com,미작성,미발행,,,,
d707d52129658af9,2026-09-17,카테크 · 자동차,일반,디캠프 ‘배치 8기’ 출범… 딥테크 스타트업 10개사 스케일업 지원,네이버뉴스 등 3개 기사,디캠프 ‘배치 8기’ 출범… 딥테크 스타트업 10개사 스케일업 지원,https://sports.khan.co.kr/article/202609170307003?pt=nv,네이버뉴스,sports.khan.co.kr,"디캠프, ‘배치 8기’로 딥테크 스타트업 10개사 밀착 지원",https://www.mk.co.kr/article/12154021,네이버뉴스,mk.co.kr,디캠프 '배치 8기' 레오스페이스 등 딥테크 10개사 선정,https://www.mt.co.kr/future/2026/09/16/2026091610464164802,네이버뉴스,mt.co.kr,미작성,미발행,,,,
a2050be7eb247f28,2026-09-17,카테크 · 자동차,일반,"기아 EV2, 영국 RAC '올해의 차·최고 소형 전기차 ' 동시 석권…'초대 수...",네이버뉴스 등 3개 기사,"기아 EV2, 영국 RAC '올해의 차·최고 소형 전기차 ' 동시 석권…'초대 수...",https://www.theguru.co.kr/news/article.html?no=107205,네이버뉴스,theguru.co.kr,유럽 판매 10% 줄었는데 전기차 는 늘었다…현대차의 '소형 승부수',https://www.mt.co.kr/industry/2026/09/17/2026091614151816701,네이버뉴스,mt.co.kr,"TS, 전국 최고 전기차 보급률 제주서 전기차 안심 이용 환경 조성 협력",https://www.econovill.com/news/articleView.html?idxno=751037,네이버뉴스,econovill.com,미작성,미발행,,,,
4c7418dcb7d906e2,2026-09-17,카테크 · 자동차,일반,"“고장 많은 ‘짝퉁 싸구려’ 한국車”…욕먹던 현대차·기아, 통쾌한 반...",네이버뉴스 등 3개 기사,"“고장 많은 ‘짝퉁 싸구려’ 한국車”…욕먹던 현대차·기아, 통쾌한 반...",https://www.mk.co.kr/article/12154635,네이버뉴스,mk.co.kr,"美 카버즈 “현대차·기아·제네시스, 럭셔리 브랜드와 상품성 격차 줄...",https://www.seoultimes.news/news/article.html?no=2000099965,네이버뉴스,seoultimes.news,"독일 럭셔리차 긴장할 만했나⋯현대차·기아∙제네시스, 美서 고객 만족...",https://www.autodaily.co.kr/news/articleView.html?idxno=600495,네이버뉴스,autodaily.co.kr,미작성,미발행,,,,
cf877c11d1cdbb5a,2026-09-17,카테크 · IT,일반,"애플, 아이폰18 프로 사전판매 수요 '덤덤'…아이폰 듀오 기다리나",네이버뉴스 등 3개 기사,"애플, 아이폰18 프로 사전판매 수요 '덤덤'…아이폰 듀오 기다리나",https://www.news1.kr/it-science/mobile/6292650,네이버뉴스,news1.kr,"힐링쉴드, 아이폰18 프로·프로맥스 전용 '하이엔드 AR 고화질 강화유리...",https://www.epnc.co.kr/news/articleView.html?idxno=407012,네이버뉴스,epnc.co.kr,"카카오페이손보, 아이폰18 대상 휴대폰보험 '첫 달 100원' 이벤트",http://www.intn.co.kr/news/articleView.html?idxno=2053405,네이버뉴스,intn.co.kr,미작성,미발행,,,,
4dc538180326203d,2026-09-17,카테크 · IT,일반,애플 참전한 폴더블 시장…삼성디스플레이는 ‘기회’,네이버뉴스 등 3개 기사,애플 참전한 폴더블 시장…삼성디스플레이는 ‘기회’,https://www.news2day.co.kr/article/20260916500222,네이버뉴스,news2day.co.kr,애플·퀄컴 차세대 AP 출격…삼성 엑시노스 반등 굳힐까,http://www.metroseoul.co.kr/article/20260916500369,네이버뉴스,metroseoul.co.kr,"애플, 인도서 아이폰17 마진 낮춰 판매...시장 경쟁력 강화 일환",https://www.newspim.com/news/view/20260916000879,네이버뉴스,newspim.com,미작성,미발행,,,,
e20ab63f25c4ad75,2026-09-17,카테크 · IT,일반,"[산업 뉴스브리핑] LG전자, 'LG AI 데브콘 2026' 개최…""소프트웨어 개발...",네이버뉴스 등 3개 기사,"[산업 뉴스브리핑] LG전자, 'LG AI 데브콘 2026' 개최…""소프트웨어 개발...",https://www.asiatime.co.kr/article/20260916500361,네이버뉴스,asiatime.co.kr,"LG전자, '2026 기후산업국제박람회'서 고효율 AI 주거 솔루션 대거 출격",https://www.womentimes.co.kr/news/articleView.html?idxno=106249,네이버뉴스,womentimes.co.kr,"[드림포스 2026] 지멘스 CEO ""환각 극복한 산업 AI 로 현실과 디지털 묶어...",https://www.econovill.com/news/articleView.html?idxno=750904,네이버뉴스,econovill.com,미작성,미발행,,,,
c1733e34c82d2058,2026-09-17,카테크 · IT,일반,"LG전자, 부산 기후산업국제박람회서 'AI 기반 고효율 주거 솔루션' 공개",네이버뉴스 등 3개 기사,"LG전자, 부산 기후산업국제박람회서 'AI 기반 고효율 주거 솔루션' 공개",http://www.sisacast.kr/news/articleView.html?idxno=100169,네이버뉴스,sisacast.kr,"LG전자, 기후산업국제박람회서 AI 기반 고효율 주거 솔루션 공개",https://biz.newdaily.co.kr/site/data/html/2026/09/16/2026091600078.html,네이버뉴스,biz.newdaily.co.kr,"LG전자, 기후산업국제박람회에서 AI 기반 고효율 주거 솔루션 선보여",https://www.s-journal.co.kr/news/articleView.html?idxno=43803,네이버뉴스,s-journal.co.kr,미작성,미발행,,,,
024f1fa44ab59ea9,2026-09-17,스포츠,일반,"이강인, 시즌 2호골에 MVP까지…아틀레티코, 오사수나에 4-0 승",네이버뉴스 등 3개 기사,"이강인, 시즌 2호골에 MVP까지…아틀레티코, 오사수나에 4-0 승",https://www.seoul.co.kr/news/sport/soccer/soccer-global/2026/09/17/20260917500013?wlog_tag3=naver,네이버뉴스,seoul.co.kr,"이강인, 시즌 2호골에 공식 MVP…평점은?",https://www.etoday.co.kr/news/view/2626495,네이버뉴스,etoday.co.kr,"'리그 2호골' 이강인 '풀타임 활약', 오사수나전 공식 MVP 선정",https://www.news1.kr/photos/8110721,네이버뉴스,news1.kr,미작성,미발행,,,,
967a2c451a5e5d40,2026-09-17,스포츠,일반,“아이들도 보는데”…‘유흥업소 출신’ 인플루언서 시구 추진했다 결...,네이버뉴스 등 3개 기사,“아이들도 보는데”…‘유흥업소 출신’ 인플루언서 시구 추진했다 결...,https://www.mk.co.kr/article/12154982,네이버뉴스,mk.co.kr,“아이들 보는데 유흥업소 출신 시구라니!”… 야구 팬 반발에 백지화[아...,https://www.munhwa.com/article/11617621?ref=naver,네이버뉴스,munhwa.com,"""애들도 보는데 유흥업소 출신 시구라니""…日 야쿠르트, 팬들 반발에 백지화",https://www.newsis.com/view/NISX20260916_0003792372,스포츠,newsis.com,미작성,미발행,,,,
d7828d493bce8616,2026-09-17,스포츠,일반,"'9월 부진' 이정후, 4타수 무안타…시즌 타율 0.274",스포츠 - SBS 뉴스 섹션 등 3개 기사,"'9월 부진' 이정후, 4타수 무안타…시즌 타율 0.274",https://news.sbs.co.kr/news/endPage.do?news_id=N1008757332&plink=RSSLINK&cooper=RSSREADER,스포츠 - SBS 뉴스 섹션,news.sbs.co.kr,"'4번 지명타자' 이정후, 4타수 무안타 침묵…시즌 타율 0.274",https://www.newsis.com/view/NISX20260917_0003792945,스포츠,newsis.com,"9월 타율 0.148 추락…이정후, 4타수 무안타 침묵",https://www.topstarnews.net/news/articleView.html?idxno=16196440,네이버뉴스,topstarnews.net,미작성,미발행,,,,
5ee3ca215370f041,2026-09-17,스포츠,일반,"""너무 많이 말했는데…당연히 아쉽다"" 대표팀 합류 불발 이승우, 모레노...",네이버뉴스 등 3개 기사,"""너무 많이 말했는데…당연히 아쉽다"" 대표팀 합류 불발 이승우, 모레노...",https://www.xportsnews.com/article/2196469,네이버뉴스,xportsnews.com,"'대만 대표팀 합류' 왕옌청, 18일 나고야행 비행기 탄다…한국전 선발 ...",http://www.osen.co.kr/article/G1112876685,네이버뉴스,osen.co.kr,"이강인, 모레노호 합류 전 골 폭죽 쏠까…내일 오사수나 상대",https://www.newsis.com/view/NISX20260915_0003790741,스포츠,newsis.com,미작성,미발행,,,,
8db6c06201d30578,2026-09-17,방송연예,일반,티저 공개 3일만 '500만' 뷰 터졌다…'믿보' 배우진으로 '美친 화제 성' ...,네이버뉴스 등 3개 기사,티저 공개 3일만 '500만' 뷰 터졌다…'믿보' 배우진으로 '美친 화제 성' ...,https://mhnse.com/news/articleView.html?idxno=1546453,네이버뉴스,mhnse.com,"아이유, 훈남 배우 와 침대서 단둘이 '찰칵'... 달콤한 투삿 공개",https://www.insight.co.kr/news/573805,네이버뉴스,insight.co.kr,아이유 신곡 ‘이 별로부터’ MV 공개…칠레 출신 배우 호르헤 로페스와...,https://swtvnews.com/news/newsview.php?ncode=1065568916140301,네이버뉴스,swtvnews.com,미작성,미발행,,,,
42d1111010e5f571,2026-09-17,방송연예,일반,"제니 협업 '드라큘라', 빌보드 핫100서 '16주' 톱10",방송/연예 - SBS 뉴스 섹션 등 3개 기사,"제니 협업 '드라큘라', 빌보드 핫100서 '16주' 톱10",https://news.sbs.co.kr/news/endPage.do?news_id=N1008757103&plink=RSSLINK&cooper=RSSREADER,방송/연예 - SBS 뉴스 섹션,news.sbs.co.kr,시청률 10% 벽 넘었다...미친 전개로 막판에 빵 터진 한국 드라마,https://www.wikitree.co.kr/articles/1160011,네이버뉴스,wikitree.co.kr,"블랙핑크 리사, '핫100' 7번째 진입…몬스타엑스 '빌보드200' 5번째 차트인",https://www.newsis.com/view/NISX20260916_0003791043,연예,newsis.com,미작성,미발행,,,,
7832aa51afc68bde,2026-09-17,방송연예,일반,"박보검, '구르미' 때보다 11㎏ 증가 76㎏-세월은 못 이겨",네이버뉴스 등 3개 기사,"박보검, '구르미' 때보다 11㎏ 증가 76㎏-세월은 못 이겨",https://www.mediafine.co.kr/news/articleView.html?idxno=90011,네이버뉴스,mediafine.co.kr,"박보검 ""10년 전 '구르미' 때보다 11㎏ 늘었다""",https://www.newsis.com/view/NISX20260916_0003792803,연예,newsis.com,"박보검→김유정, 다시 뭉친 '구르미' 5인방 ""이 관계 뿌듯해""...뭉클한 ...",https://www.slist.kr/news/articleView.html?idxno=766739,네이버뉴스,slist.kr,미작성,미발행,,,,
b66ced5f430af6a6,2026-09-17,방송연예,일반,"‘취사병→유퀴즈’ 20주년 tvN, 올해 내내 화제 작 배출했다",네이버뉴스 등 3개 기사,"‘취사병→유퀴즈’ 20주년 tvN, 올해 내내 화제 작 배출했다",https://www.sportsworldi.com/newsView/20260916518852,네이버뉴스,sportsworldi.com,"[뉴컬현장] 20주년 tvN, '대화의 출발점' 조준…하반기 K-콘텐츠 초격차...",https://www.nc.press/news/articleView.html?idxno=626684,네이버뉴스,nc.press,"""꿈만 같다""…'20주년 월드투어' 빅뱅, 미주 콘서트 마무리",https://news.sbs.co.kr/news/endPage.do?news_id=N1008754970&plink=RSSLINK&cooper=RSSREADER,방송/연예 - SBS 뉴스 섹션,news.sbs.co.kr,미작성,미발행,,,,
e3a227806e8812c3,2026-09-17,방송연예,일반,‘가능한 사랑’이 불가능한 나라 [데스크 창],네이버뉴스 등 3개 기사,‘가능한 사랑’이 불가능한 나라 [데스크 창],https://www.kukinews.com/article/view/kuk202609160218,네이버뉴스,kukinews.com,이창동 '가능한 사랑' 토론토영화제 감독상 받았다,https://www.newsis.com/view/NISX20260916_0003792202,연예,newsis.com,"조여정, '가능한 사랑' TIFF 북미 프리미어 현장 미소",https://www.topstarnews.net/news/articleView.html?idxno=16195346,네이버뉴스,topstarnews.net,미작성,미발행,,,,
f4ed11bdd003e70b,2026-09-17,고생물,일반,"보성군, '코리아노사우루스' 골격 화석 천연기념물 지정",네이버뉴스 등 3개 기사,"보성군, '코리아노사우루스' 골격 화석 천연기념물 지정",https://www.newsfreezone.co.kr/news/articleView.html?idxno=708042,네이버뉴스,newsfreezone.co.kr,"'코리아' 학명 인정된 공룡 화석 ... 보성 골격 화석 , 마침내 천연기념물...",https://www.insight.co.kr/news/571980,네이버뉴스,insight.co.kr,"보성서 찾은 한반도 최초 조각류 공룡 골격, 천연기념물 됐다",https://www.newsis.com/view/NISX20260907_0003779031,네이버뉴스,newsis.com,미작성,미발행,,,,
905b991ba7bd2c25,2026-09-17,고생물,일반,공룡 멸종했는데 새는 생존...똥 화석 에 숨겨진 단서 발견,네이버뉴스 등 3개 기사,공룡 멸종했는데 새는 생존...똥 화석 에 숨겨진 단서 발견,http://www.wowtv.co.kr/NewsCenter/News/Read?articleId=A202609110312&t=NN,네이버뉴스,wowtv.co.kr,"[사이테크+] "" 공룡 똥 화석 속 6천600만년 전 새 깃털…조류 생존 비결 단...",https://www.yna.co.kr/view/AKR20260910143000017?input=1195m,네이버뉴스,yna.co.kr,"우리나라에서 발견 된 공룡 화석 , 천연기념물 됐어요",https://kids.donga.com/news/articleView.html?idxno=169786,네이버뉴스,kids.donga.com,미작성,미발행,,,,
2193a6abdc767ba0,2026-09-17,경제 · 한국 주식,일반,"삼성E&A, LNG 모듈 패키지 공개… 플랜트 시장 진출 추진",Chosunbiz 등 3개 기사,"삼성E&A, LNG 모듈 패키지 공개… 플랜트 시장 진출 추진",https://biz.chosun.com/real_estate/real_estate_general/2026/09/17/YJMGJS3DT5CXNCX2XGKMHSMATM/,Chosunbiz,biz.chosun.com,"‘최승호 살리기’에 노조비 2천만원 동원…삼성 초기업노조, 3만명 서명 추진",https://www.mk.co.kr/news/business/12154242,매일경제 : 기업/경영,mk.co.kr,"삼성운용, 하반기 정복할 'ETF 투자 전략' 공개",https://www.straightnews.co.kr/news/articleView.html?idxno=311355,네이버뉴스,straightnews.co.kr,미작성,미발행,,,,
7a285588dfacdb64,2026-09-17,경제 · 한국 주식,일반,[연준 3년만 인상] '고금리 장기화' 신호…추가 인상 대비해야,네이버뉴스 등 3개 기사,[연준 3년만 인상] '고금리 장기화' 신호…추가 인상 대비해야,https://news.einfomax.co.kr/news/articleView.html?idxno=4435304,네이버뉴스,news.einfomax.co.kr,"美 연준, 3년 2개월 만에 금리 인상… 연내 추가 인상 시사(종합)",https://biz.chosun.com/international/international_economy/2026/09/17/A36X7QBB2JGQVCS3YNKDO763YA/,Chosunbiz,biz.chosun.com,"[어제장 오늘 장] 코스피 닷새만에 반등…연준 금리 인상 소식, 악재일까...",https://biz.sbs.co.kr/article_hub/20000335152?division=NAVER,네이버뉴스,biz.sbs.co.kr,미작성,미발행,,,,
9bcf244afcbda538,2026-09-17,경제 · 한국 주식,일반,"[모닝 리포트] ""매파 연준 여파에 환율 상승세…1370원대 후반 등락 전망...",네이버뉴스 등 3개 기사,"[모닝 리포트] ""매파 연준 여파에 환율 상승세…1370원대 후반 등락 전망...",https://www.newspim.com/news/view/20260917000172,네이버뉴스,newspim.com,"""내년 상반기까지 1300원대 환율""",https://www.hankyung.com/article/2026091693981,한국경제 | 뉴스 | 경제,hankyung.com,"원-달러 환율, 2주만에 1370원대 진입...전날 18원 넘게 급등하는 등 3거...",http://www.beyondpost.co.kr/view.php?ud=2026091613454075592aaae0046f_30,네이버뉴스,beyondpost.co.kr,미작성,미발행,,,,
e2ebaa5eedf6fb1b,2026-09-17,경제 · 한국 주식,일반,"[굿모닝 증시 ]美, 연내 금리인상 시사에 하락 마감…韓 변동성 확대 전...",네이버뉴스 등 3개 기사,"[굿모닝 증시 ]美, 연내 금리인상 시사에 하락 마감…韓 변동성 확대 전...",https://view.asiae.co.kr/article/2026091708223123088,네이버뉴스,view.asiae.co.kr,"[마켓뷰] 코스피 , 美 매파적 금리인상에 변동성 확대 전망",https://www.yna.co.kr/view/AKR20260917025000008?input=1195m,네이버뉴스,yna.co.kr,3년 만에 금리인상·워시 매파 발언에 하락 마감…다우 1.2%↓[뉴욕증시 브리핑],https://www.hankyung.com/article/2026091798786,한국경제 | 뉴스 | 증권,hankyung.com,미작성,미발행,,,,
f2192cca300b3e3d,2026-09-17,경제 · 한국 주식,일반,3년 만에 美 금리 인상에도 비트코인 7만5000달러대,Chosunbiz 등 3개 기사,3년 만에 美 금리 인상에도 비트코인 7만5000달러대,https://biz.chosun.com/stock/finance/2026/09/17/OOBA6H3W3NGGBAMWCTB256BFPE/,Chosunbiz,biz.chosun.com,"[밤 사이 해외뉴스] 미 Fed, 트럼프 요구 물리치고 3년 만에 금리 인상 결정",https://www.hankyung.com/article/202609179909i,한국경제 | 뉴스 | 경제,hankyung.com,"미 연준, 3년2개월 만에 첫 금리 인상...연내 추가 인상 시사 [스타트 경...",https://www.ytn.co.kr/_ln/0102_202609170729048871,네이버뉴스,ytn.co.kr,미작성,미발행,,,,
77dd0f88284ef1cd,2026-09-17,경제 · 한국 정책 이슈,일반,"트럼프, 금리 올린 워시에 분노…“美 금리 1% 이하여야, 빨리 낮춰라”",매일경제 : 경제 등 3개 기사,"트럼프, 금리 올린 워시에 분노…“美 금리 1% 이하여야, 빨리 낮춰라”",https://www.mk.co.kr/news/world/12154948,매일경제 : 경제,mk.co.kr,"트럼프, 연준 결정 비판… “美 금리 1% 이하로 서둘러 낮춰야”",https://biz.chosun.com/international/international_general/2026/09/17/Q54YHRBIOJG65E4WWGBMKZVH2M/,Chosunbiz,biz.chosun.com,"美 기준금리 인상하자 트럼프 뿔났다…""빨리 1% 이하로 낮춰라"" [Fed 워치]",https://www.hankyung.com/article/202609179777i,한국경제 | 뉴스 | 증권,hankyung.com,미작성,미발행,,,,
e1145cc8769bd4a1,2026-09-17,경제 · 한국 정책 이슈,일반,워시 “인플레 너무 높아” 추가 인상 예고…美증시·채권 약세,매일경제 : 경제 등 3개 기사,워시 “인플레 너무 높아” 추가 인상 예고…美증시·채권 약세,https://www.mk.co.kr/news/world/12154906,매일경제 : 경제,mk.co.kr,"美 연준, 기준금리 3.75~4%로 인상…워시 ""인플레 너무 높고, 너무 오래...",https://www.fntimes.com/html/view.php?ud=202609170522197960179ad43907_18,네이버뉴스,fntimes.com,"[속보] 케빈 워시 ""현재 금융여건 긴축적이지 않다""...추가 인상 예고 [Fed 워치]",https://www.hankyung.com/article/202609179736i,한국경제 | 뉴스 | 증권,hankyung.com,미작성,미발행,,,,
3e6be61f15a3cc7c,2026-09-17,경제 · 한국 정책 이슈,일반,“대미 투자하느라 달러빚 냈는데”…금리발작에 떨고있는 업종은,매일경제 : 경제 등 3개 기사,“대미 투자하느라 달러빚 냈는데”…금리발작에 떨고있는 업종은,https://www.mk.co.kr/news/economy/12154900,매일경제 : 경제,mk.co.kr,"연준, 0.25%P 금리 인상에 美 가계 이자 부담 20억 달러 늘어",https://www.g-enews.com/view.php?ud=20260917063850724fda4f5ab74_1,네이버뉴스,g-enews.com,[투자노트] 5% 넘긴 美 금리… ‘버블 붕괴’ 신호일까,https://biz.chosun.com/about-investing/2026/09/17/HMT6KQC2LJDAFFJ5J3Q7LUAXNI/,Chosunbiz,biz.chosun.com,미작성,미발행,,,,
51e6835972cbd37e,2026-09-17,경제 · 한국 정책 이슈,일반,“AI·딥페이크 보험사기 막자”…국회·정부·수사기관 공동 대응체계...,네이버뉴스 등 3개 기사,“AI·딥페이크 보험사기 막자”…국회·정부·수사기관 공동 대응체계...,https://biz.heraldcorp.com/article/10876277?ref=naver,네이버뉴스,biz.heraldcorp.com,"손보협회·국회, '보험범죄 방지 연구 포럼' 발족… 입법 연계 및 수사 ...",https://www.cbci.co.kr/news/articleView.html?idxno=607386,네이버뉴스,cbci.co.kr,국회·정부·연구기관·보험업계 참여 '보험범죄 방지 연구 포럼' 출범,http://www.intn.co.kr/news/articleView.html?idxno=2053421,네이버뉴스,intn.co.kr,미작성,미발행,,,,
6005c91767ff14f8,2026-09-17,경제 · 한국 정책 이슈,일반,"[기자의 눈] 단일종목 레버리지 ETF, 과열보다 더 아픈 ' 정책 급변'",네이버뉴스 등 3개 기사,"[기자의 눈] 단일종목 레버리지 ETF, 과열보다 더 아픈 ' 정책 급변'",http://www.thevaluenews.co.kr/news/view.php?idx=201623,네이버뉴스,thevaluenews.co.kr,"BIS ""레버리지 ETF는 빙산의 일각""…삼전닉스 흔드는 자동매매 [김주완의 글로벌머니 X파일]",https://www.hankyung.com/article/202609169113i,한국경제 | 뉴스 | 경제,hankyung.com,"이형일, 레버리지 ETF 논란에 사과…""변동성 확대 송구""",https://www.econovill.com/news/articleView.html?idxno=750890,네이버뉴스,econovill.com,미작성,미발행,,,,
9d9f73a04b7e4404,2026-09-17,경제 · 재테크,일반,"하나은행, 연금 부터 스포츠까지... '사람에 투자 ' ESG 보폭 넓힌다",네이버뉴스 등 3개 기사,"하나은행, 연금 부터 스포츠까지... '사람에 투자 ' ESG 보폭 넓힌다",https://www.stnsports.co.kr/news/articleView.html?idxno=322776,네이버뉴스,stnsports.co.kr,"하나은행, 퇴직 연금 손님 위한 '맞춤형 연금 자산관리 세미나' 개최 … 1...",http://www.worktoday.co.kr/news/articleView.html?idxno=89361,네이버뉴스,worktoday.co.kr,"하나은행, 연금 전문가와 '맞춤형 퇴직 연금 세미나' 개최",https://www.gokorea.kr/news/articleView.html?idxno=878690,네이버뉴스,gokorea.kr,미작성,미발행,,,,
10522c6e08d8dca3,2026-09-17,경제 · 재테크,일반,스페인이 '이강인 마법'에 빠졌다! 아스 최고 평점-마르카 별 2개-라리가 공식 MVP '쏟아지는 극찬',Chosunbiz 등 3개 기사,스페인이 '이강인 마법'에 빠졌다! 아스 최고 평점-마르카 별 2개-라리가 공식 MVP '쏟아지는 극찬',https://biz.chosun.com/sports/football/2026/09/17/HA2GIZDBG4ZWGZJYMY3TEYRZMU/,Chosunbiz,biz.chosun.com,"우리 투자 증권, 스페인 프로축구 LALIGA와 국내 금융권 최초 공식 스폰서...",https://www.rcast.co.kr/news/articleView.html?idxno=31643,네이버뉴스,rcast.co.kr,"[증권 & Now] 우리 투자 증권, 스페인 프로축구 LALIGA와 공식 스폰서십 등",https://www.ebn.co.kr/news/articleView.html?idxno=1724507,네이버뉴스,ebn.co.kr,미작성,미발행,,,,
eab3ef845f28d8f8,2026-09-17,경제 · 재테크,일반,"[증권사 미스터리쇼핑②] IBK 투자 증권 ""아직 정부는 몰라요""…레버리지...",네이버뉴스 등 3개 기사,"[증권사 미스터리쇼핑②] IBK 투자 증권 ""아직 정부는 몰라요""…레버리지...",https://www.shinailbo.co.kr/news/articleView.html?idxno=5063083,네이버뉴스,shinailbo.co.kr,"[증권픽] KB증권, 'PRIME CLUB 투자 콘서트' 개최 外",http://www.newsian.co.kr/news/articleView.html?idxno=95493,네이버뉴스,newsian.co.kr,[증권 NOW] 한국 투자 증권·미래에셋증권·NH 투자 증권·KB증권·신한 투자 ...,http://www.wikileaks-kr.org/news/articleView.html?idxno=192102,네이버뉴스,wikileaks-kr.org,미작성,미발행,,,,
63c3793c7a79c866,2026-09-17,경제 · 재테크,일반,[증권 데일리] 추석 고객잡기·리테일 접점 확대…글로벌 채권 경쟁력도...,네이버뉴스 등 3개 기사,[증권 데일리] 추석 고객잡기·리테일 접점 확대…글로벌 채권 경쟁력도...,https://www.news2day.co.kr/article/20260916500305,네이버뉴스,news2day.co.kr,"[금융家 브리핑] 금융권, 고객 접점 확대···소비자보호·자산관리 강...",https://www.smartbizn.com/news/articleView.html?idxno=154081,네이버뉴스,smartbizn.com,'헤지도 어려운데'… 증권사 보유 채권 중 40%는 회사채,https://www.hankyung.com/article/202609168695i,한국경제 | 뉴스 | 증권,hankyung.com,미작성,미발행,,,,
b3980fafad496f41,2026-09-17,경제 · 재테크,일반,"[비트코인 지금] 투자 방식 따라 달라지는 세금, 어떻게 투자 할까",네이버뉴스 등 3개 기사,"[비트코인 지금] 투자 방식 따라 달라지는 세금, 어떻게 투자 할까",https://view.asiae.co.kr/article/2026091413245547369,네이버뉴스,view.asiae.co.kr,[ 연금 절세 따라잡기] 1억으로 2억 만드는 투자 개인 투자 용 국채 투자 어...,https://biz.sbs.co.kr/article_hub/20000334991?division=NAVER,네이버뉴스,biz.sbs.co.kr,[머니 마이웨이] 채권에 투자 하면 어떻게 돈을 벌까,https://www.womaneconomy.co.kr/news/articleView.html?idxno=258666,네이버뉴스,womaneconomy.co.kr,미작성,미발행,,,,
235e6bfffa1518f6,2026-09-17,경제 · 부동산,일반,이달 착수 '전월세 안심신탁'…낮은 수익·자산공개 부담에 임대인 '머...,네이버뉴스 등 3개 기사,이달 착수 '전월세 안심신탁'…낮은 수익·자산공개 부담에 임대인 '머...,https://www.newspim.com/news/view/20260916001119,네이버뉴스,newspim.com,HUG 안심신탁 수익률 최소 4.35% …임대인 대출도 검토(종합),https://www.edaily.co.kr/News/Read?newsId=04838006645580776&mediaCodeNo=257&utm_source=naver&utm_medium=referral&utm_campaign=news_syndication&utm_content=original_article,네이버뉴스,edaily.co.kr,[현장] HUG가 보증금 지키고 연 4.35% 수익률…'전월세 안심신탁' 나온다,https://www.ebn.co.kr/news/articleView.html?idxno=1724540,네이버뉴스,ebn.co.kr,미작성,미발행,,,,
17dd70e1d846da2f,2026-09-17,경제 · 부동산,일반,서울 주택 매수심리 ‘숨고르기’… 전세 수요는 여전히 강세,네이버뉴스 등 3개 기사,서울 주택 매수심리 ‘숨고르기’… 전세 수요는 여전히 강세,https://www.segye.com/newsView/20260916516092?OutUrl=naver,네이버뉴스,segye.com,서울 아파트 전세 6.3억 돌파하자…‘주거형 오피스텔’ 부상,https://www.sentv.co.kr/article/view/sentv202609160129,네이버뉴스,sentv.co.kr,"[뉴스1 PICK] 홍지선 "" 전세 만료·집주인 매도에 주택 매입…시세차익 목...",https://www.news1.kr/politics/assembly/6292406,네이버뉴스,news1.kr,미작성,미발행,,,,
9afffcdf898528c4,2026-09-17,경제 · 부동산,일반,"[종합] 여야 '영끌·병역자료' 놓고 공방…홍지선 ""주택공급 실행력 높...",네이버뉴스 등 3개 기사,"[종합] 여야 '영끌·병역자료' 놓고 공방…홍지선 ""주택공급 실행력 높...",https://www.newspim.com/news/view/20260916001179,네이버뉴스,newspim.com,"[청문회] 홍지선 ""집값 불안, 공급 부족 탓""…청문회서 병역·영끌· 정책 ...",https://www.polinews.co.kr/news/articleView.html?idxno=743327,네이버뉴스,polinews.co.kr,"홍지선 후보 ""주택 공급 최우선""…'영끌 매입' 논란엔 '진땀'",https://www.newsway.co.kr/news/view?ud=2026091616243053798,네이버뉴스,newsway.co.kr,미작성,미발행,,,,
74ed728024ef941b,2026-09-17,경제 · 부동산,일반,[김종석의 왜]강신철 “전쟁 중이라 몰랐다” 진실은?,네이버뉴스 등 3개 기사,[김종석의 왜]강신철 “전쟁 중이라 몰랐다” 진실은?,https://www.ichannela.com/news/main/news_detailPage.do?publishId=000000550854,네이버뉴스,ichannela.com,"강신철 ""7억 재산 누락 몰랐다""…국힘 ""아들 간수도 못하면서""",https://www.sidae.com/article/2026091614585349018,네이버뉴스,sidae.com,"'궁색한 국방 장관' 강신철, '철거민 특공' 받고도 ""몰랐다"" … 가족 분...",https://www.newdaily.co.kr/site/data/html/2026/09/16/2026091600187.html,네이버뉴스,newdaily.co.kr,미작성,미발행,,,,
c4d0452cb289f475,2026-09-17,경제 · 부동산,일반,"'강신철 청문회' 철거민 특공·子병역 고성 충돌…""감정 조절 안 되나"" ...",네이버뉴스 등 3개 기사,"'강신철 청문회' 철거민 특공·子병역 고성 충돌…""감정 조절 안 되나"" ...",https://www.newsis.com/view/NISX20260916_0003792839,네이버뉴스,newsis.com,"강신철 청문회, ‘철거민 특공·아들 7억 상가’ 공방…姜 “국민 눈높...",https://www.kukinews.com/article/view/kuk202609160107,네이버뉴스,kukinews.com,"강신철 ""철거민 특공 정상 절차…사관학교 통합안 불완전""(종합2보)",https://www.news1.kr/diplomacy/defense-diplomacy/6293066,네이버뉴스,news1.kr,미작성,미발행,,,,
20e2fae5e49c70aa,2026-09-17,경제 · 미국 주식,일반,"자산운용사, 해외서 디지털자산 ETF 잇달아 출시...국내는?",네이버뉴스 등 3개 기사,"자산운용사, 해외서 디지털자산 ETF 잇달아 출시...국내는?",https://www.digitaltoday.co.kr/news/articleView.html?idxno=701116,네이버뉴스,digitaltoday.co.kr,"대신證 “네이버, 국내외에서 디지털자산 규제 도입 지연…방향성은 그대로”",https://biz.chosun.com/stock/stock_general/2026/09/17/K446EWNFHRFLDIHVDS7KBQ6LRQ/,Chosunbiz,biz.chosun.com,"""삼전닉스·TSMC·키옥시아 한번에""…CSOP, 亞 'AI 병목 ETF' 출시",https://www.hankyung.com/article/202609169220i,한국경제 | 뉴스 | 증권,hankyung.com,미작성,미발행,,,,
2671c66aab3285bb,2026-09-17,경제 · 미국 주식,일반,"[오늘의 투자전략] ""과거 금리 인상기 코스피 9.1% 올랐다…핵심은 통화...",네이버뉴스 등 3개 기사,"[오늘의 투자전략] ""과거 금리 인상기 코스피 9.1% 올랐다…핵심은 통화...",https://www.etoday.co.kr/news/view/2626538,네이버뉴스,etoday.co.kr,美 증시 연준 금리 인상에 하락…반도체주 선방[뉴스새벽배송],https://www.edaily.co.kr/News/Read?newsId=02591206645581104&mediaCodeNo=257&utm_source=naver&utm_medium=referral&utm_campaign=news_syndication&utm_content=original_article,네이버뉴스,edaily.co.kr,"[코스피·코스닥지수] 코스피, 미국 매파적 기준금리 인상에 변동성 확...",https://www.lecturernews.com/news/articleView.html?idxno=210715,네이버뉴스,lecturernews.com,미작성,미발행,,,,
cb00fb8f74d5a64e,2026-09-17,경제 · 미국 주식,일반,"[ 미국 특징주] 보잉 ""737맥스 증산 지연""…주가 4% 하락",네이버뉴스 등 3개 기사,"[ 미국 특징주] 보잉 ""737맥스 증산 지연""…주가 4% 하락",https://www.newspim.com/news/view/20260917000075,네이버뉴스,newspim.com,"미국증시 , 연준 추가 인상 신호에 하락…다우 1.21%↓·엔비디아는 반등",https://www.topstarnews.net/news/articleView.html?idxno=16196379,네이버뉴스,topstarnews.net,"뉴욕증시, 미국 국채금리·유가 동반 급등에 일제히 하락",http://www.inews24.com/view/2006046,네이버뉴스,inews24.com,미작성,미발행,,,,
d726f0b7f7f59c11,2026-09-17,경제 · 미국 주식,일반,"[ 미국 특징주] 밸러, 스페이스X 주식 85억달러 현물 분배… 투자 성과 배...",네이버뉴스 등 3개 기사,"[ 미국 특징주] 밸러, 스페이스X 주식 85억달러 현물 분배… 투자 성과 배...",https://www.newspim.com/news/view/20260917000073,네이버뉴스,newspim.com,주식으로 더 받을까? 성과급 내가 고른다…SK하이닉스 임단협 타결,https://www.mk.co.kr/news/business/12153992,매일경제 : 기업/경영,mk.co.kr,[미국 주식 ] 월스트리트 장세 분석 (9월16일),https://www.fntoday.co.kr/news/articleView.html?idxno=393189,네이버뉴스,fntoday.co.kr,미작성,미발행,,,,
90f7fd032a3bdc89,2026-09-17,경제 · 미국 주식,일반,"[ 미국 특징주] 레나, 모기지 금리 상승 여파로 이익 반토막",네이버뉴스 등 3개 기사,"[ 미국 특징주] 레나, 모기지 금리 상승 여파로 이익 반토막",https://www.newspim.com/news/view/20260917000074,네이버뉴스,newspim.com,"미국증시, FOMC 금리인상 경계에도 상승…유가 하락에 반도체 반등",https://www.topstarnews.net/news/articleView.html?idxno=16196269,네이버뉴스,topstarnews.net,미국 올해 추가 금리인상 유력…반도체주는 뚝심,https://www.koreareport.co.kr/news/articleView.html?idxno=53002,네이버뉴스,koreareport.co.kr,미작성,미발행,,,,
ad2cb079ce0e7d01,2026-09-17,건강 · 최신 이슈,일반,"정부, 임신중지 약물 정식 도입 추진…이르면 내년 초",네이버뉴스 등 3개 기사,"정부, 임신중지 약물 정식 도입 추진…이르면 내년 초",http://www.srtimes.kr/news/articleView.html?idxno=212664,네이버뉴스,srtimes.kr,"정부, 임신중지 약물 정식 도입 추진…7년 만에 제도 개선",https://www.ekn.kr/web/view.php?key=20260917026435518,네이버뉴스,ekn.kr,"낙태죄 헌법불합치 7년 만...정부, '임신중지 약물' 정식 도입 확정",https://www.cbci.co.kr/news/articleView.html?idxno=607293,네이버뉴스,cbci.co.kr,미작성,미발행,,,,
ceec274336f3ec59,2026-09-17,건강 · 최신 이슈,일반,"임신중지약 도입 시계는 도는데…처방 의사도, 법적 보호도 아직 '미정...",네이버뉴스 등 3개 기사,"임신중지약 도입 시계는 도는데…처방 의사도, 법적 보호도 아직 '미정...",https://www.yakup.com/news/index.html?mode=view&cat=11&nid=332671,네이버뉴스,yakup.com,"정부, 임신중지 약물 정식 도입…초기 2년 의사가 직접 처방·조제",http://www.docdocdoc.co.kr/news/articleView.html?idxno=3042833,청년의사 - 전체기사,docdocdoc.co.kr,내년 도입 '임신중지약' 약국선 못 산다…어떻게 처방받나,https://www.thescoop.co.kr/news/articleView.html?idxno=311623,네이버뉴스,thescoop.co.kr,미작성,미발행,,,,
3ad34f0c26c041e3,2026-09-17,건강 · 최신 이슈,일반,임신중지약 '미프진' 도입 허용‥임신 9주 이내,네이버뉴스 등 3개 기사,임신중지약 '미프진' 도입 허용‥임신 9주 이내,https://imnews.imbc.com/replay/2026/nwtoday/article/6852392_37012.html,네이버뉴스,imnews.imbc.com,"임신중지약 내년초 도입… ‘9주 이내’에 허용, 병원서 처방-조제",https://www.donga.com/news/Society/article/all/20260917/134685105/2,네이버뉴스,donga.com,임신중지약 ‘미프진’ 도입 공식화…“법 개정 서둘러야”,http://www.kjdaily.com/article.php?aid=1789556309687079005,네이버뉴스,kjdaily.com,미작성,미발행,,,,
88ce1569cc3cb8bc,2026-09-17,건강 · 최신 이슈,일반,'임신중지' 약물 빗장 풀렸다…미성년자는?,네이버뉴스 등 3개 기사,'임신중지' 약물 빗장 풀렸다…미성년자는?,https://news.sbs.co.kr/news/endPage.do?news_id=N1008757124&plink=ORI&cooper=NAVER,네이버뉴스,news.sbs.co.kr,[이슈] 임신중지 약물 '미프지미소' 도입...'낙태죄' 헌법불합치 결정 7...,https://www.polinews.co.kr/news/articleView.html?idxno=743342,네이버뉴스,polinews.co.kr,‘임신 9주 이내’ 임신중지 약물 도입 추진…초기 2년 의사 직접 처방,http://www.joseilbo.com/news/news_read.php?uid=575843&class=33&grp=,네이버뉴스,joseilbo.com,미작성,미발행,,,,
d435c253224bc96f,2026-09-17,건강 · 최신 이슈,연예인 건강,"재혼 오윤아, 살 빼고 취업한 발달 장애 아들 공개",네이버뉴스 등 3개 기사,"재혼 오윤아, 살 빼고 취업한 발달 장애 아들 공개",https://www.mediafine.co.kr/news/articleView.html?idxno=90012,네이버뉴스,mediafine.co.kr,"'재혼' 오윤아, 겹경사 터졌다…발달장애 子 다이어트 성공→취업까지...",https://mhnse.com/news/articleView.html?idxno=1546163,네이버뉴스,mhnse.com,"재혼 오윤아, 살 빠져 반쪽 된 발달장애 子 근황… 다이어트 +취업 대성공",https://www.newsen.com/news_view.php?uid=202609161027510310,네이버뉴스,newsen.com,미작성,미발행,,,,
5e1dbf7a2d090da4,2026-09-17,건강 · 최신 이슈,연예인 건강,"박규리 ""30대에 뇌출혈 왔다, 벼락 같은 두통 오더니…""",네이버뉴스 등 3개 기사,"박규리 ""30대에 뇌출혈 왔다, 벼락 같은 두통 오더니…""",https://www.mydaily.co.kr/page/view/2026091707594076775,네이버뉴스,mydaily.co.kr,"'30대 뇌출혈' 박규리, 벼락 두통 뒤 찾아온 충격 상태 ""실명하는 줄""",https://www.sportschosun.com/entertainment/2026-09-17/202609170100116770007538,네이버뉴스,sportschosun.com,"박규리, 30대에 뇌출혈 진단…""혈관 터지면서 시력 손상, 앞 안 보여"" ('...",https://www.tenasia.co.kr/article/2026091798754,네이버뉴스,tenasia.co.kr,미작성,미발행,,,,
50f822f51c9ee598,2026-09-17,건강 · 생활 건강 정보,일반,"전남광주 북구, 하반기 '달빛 운동 교실' 가동…주민 일상 속 건강 증진",네이버뉴스 등 3개 기사,"전남광주 북구, 하반기 '달빛 운동 교실' 가동…주민 일상 속 건강 증진",https://www.thefairnews.co.kr/news/articleView.html?idxno=88254,네이버뉴스,thefairnews.co.kr,"전남광주 북구, '2만 5000명 호응'... 달빛 운동 교실 하반기 가동",https://www.newsworker.co.kr/news/articleView.html?idxno=504554,네이버뉴스,newsworker.co.kr,걷는 것과 안 걷는 것은 너무 큰 차이… 건강 에 좋은 걷기 운동 효과 높...,https://kormedi.com/?p=2866554,네이버뉴스,kormedi.com,미작성,미발행,,,,
392fbe72613fa38e,2026-09-17,건강 · 생활 건강 정보,일반,"심뇌혈관질환 경각심... 양천구,'자기혈관 숫자알기, 레드서클(Red Circle...",네이버뉴스 등 3개 기사,"심뇌혈관질환 경각심... 양천구,'자기혈관 숫자알기, 레드서클(Red Circle...",https://www.cnbizm.com/news/articleView.html?idxno=314912,네이버뉴스,cnbizm.com,"양천구, 9월 '레드서클 캠페인' 운영… '자기 혈관 숫자 알기'",https://www.m-i.kr/news/articleView.html?idxno=1413121,네이버뉴스,m-i.kr,"양천구, 심뇌혈관 질환 관리 돕는다…레드서클 캠페인",https://www.newsis.com/view/NISX20260913_0003787167,네이버뉴스,newsis.com,미작성,미발행,,,,
31c91c0cef0c9c1d,2026-09-17,건강 · 생활 건강 정보,일반,비듬인 줄만 알았는데 ‘이 병?’⋯ 환절기 두피 건강 지키는 법,코메디닷컴 등 3개 기사,비듬인 줄만 알았는데 ‘이 병?’⋯ 환절기 두피 건강 지키는 법,https://kormedi.com/2867934/,코메디닷컴,kormedi.com,"탈모, 젊은 층도 예외 아니다... 머리카락 빠지기 전, 두피 건강 부터 챙...",https://news.hidoc.co.kr/news/articleView.html?idxno=67591,네이버뉴스,news.hidoc.co.kr,"가을보약, 건조한 환절기 아이 호흡기 건강 위해 살펴야 할 것은",https://www.livesnews.com/news/article.html?no=64217,네이버뉴스,livesnews.com,미작성,미발행,,,,
3e14e6e38c339b91,2026-09-17,건강 · 생활 건강 정보,일반,구내염에 피로감까지…가을 환절기 면역 관리 어떻게 할까?,네이버뉴스 등 3개 기사,구내염에 피로감까지…가을 환절기 면역 관리 어떻게 할까?,https://news.hidoc.co.kr/news/articleView.html?idxno=67307,네이버뉴스,news.hidoc.co.kr,"가을보약, 환절기 잦은 콧물·기침…아이 체질에 맞는 관리 중요",https://kids.donga.com/news/articleView.html?idxno=169858,네이버뉴스,kids.donga.com,"유전 및 환경 영향 큰 만성질환, 어떻게 관리해야 할까? [서형민 원장 칼...",https://www.mediafine.co.kr/news/articleView.html?idxno=89945,네이버뉴스,mediafine.co.kr,미작성,미발행,,,,
58900def2b490e3a,2026-09-17,건강 · 생활 건강 정보,일반,[오늘의 띠별 운세] 2026년 9월 17일 목요일,네이버뉴스 등 3개 기사,[오늘의 띠별 운세] 2026년 9월 17일 목요일,https://www.public25.com/news/articleView.html?idxno=54927,네이버뉴스,public25.com,[오늘의 운세] 2026년 9월 12일 별자리 운세,https://www.hankyung.com/article/2026083124237,네이버뉴스,hankyung.com,오늘의 운세 띠별 운세 9월11일,https://www.bntnews.co.kr/article/view/bnt202609100191,네이버뉴스,bntnews.co.kr,미작성,미발행,,,,
2793e487df9010b3,2026-09-16,패션뷰티,일반,﻿﻿왕홍에서 연구소로… 중국 화장품 의 다음 승부처 [박지민의 중국과...,네이버뉴스 등 3개 기사,﻿﻿왕홍에서 연구소로… 중국 화장품 의 다음 승부처 [박지민의 중국과...,https://it.chosun.com/news/articleView.html?idxno=2023092170223,네이버뉴스,it.chosun.com,중국만 보던 K- 뷰티 옛말… 화장품株 해외시장 다변화에 花色도네,https://www.pinpointnews.co.kr/news/articleView.html?idxno=486845,네이버뉴스,pinpointnews.co.kr,"콜롬비아 뷰티 시장, K- 뷰티 다음 승부처는 ‘ODM’",http://dream.kotra.or.kr/kotranews/cms/news/actionKotraBoardDetail.do?SITE_NO=3&MENU_ID=180&CONTENTS_NO=1&bbsGbn=243&bbsSn=243&pNttSn=243892,네이버뉴스,dream.kotra.or.kr,미작성,미발행,,,,
f2421983f9535fb7,2026-09-16,패션뷰티,일반,"스킨 1004, '뮤직뱅크 월드투어' 타고 스페인 공략",네이버뉴스 등 3개 기사,"스킨 1004, '뮤직뱅크 월드투어' 타고 스페인 공략",http://www.apparelnews.co.kr/news/news_view/?idx=227675,네이버뉴스,apparelnews.co.kr,"글로, '마시는 스킨케어 ' GL-01 100만 포 판매…이너뷰티 시장 공략",http://www.newsroad.co.kr/news/articleView.html?idxno=64348,네이버뉴스,newsroad.co.kr,"케이네이쳐-파라비아 월드, ALV 디자인 접목 스킨케어 라인 내년 출시 추...",https://www.nextdaily.co.kr/news/articleView.html?idxno=253090,네이버뉴스,nextdaily.co.kr,미작성,미발행,,,,
c424392071ed99a3,2026-09-16,패션뷰티,일반,"‘ 성분 뷰티’ 뜨자…토니모리, NAD+ 신제품으로 다이소 공략",네이버뉴스 등 3개 기사,"‘ 성분 뷰티’ 뜨자…토니모리, NAD+ 신제품으로 다이소 공략",http://www.joseilbo.com/news/news_read.php?uid=575753&class=17&grp=,네이버뉴스,joseilbo.com,"토니모리 브랜드 본셉 스킨케어 다이소에 6종 출시, 노화 방지 효능 성...",https://www.businesspost.co.kr/BP?command=article_view&num=447215,네이버뉴스,businesspost.co.kr,차세대 성분 으로 떠오른 PDRN…코스맥스 '글로벌 뷰티도 관심 고조 ',https://www.thebk.co.kr/news/articleView.html?idxno=311654,네이버뉴스,thebk.co.kr,미작성,미발행,,,,
35c2c86d9aedaa84,2026-09-16,패션뷰티,일반,[진격의 K-뷰티②] 한류 열풍에 트렌디한 마케팅까지…‘인기몰이’ 이...,네이버뉴스 등 3개 기사,[진격의 K-뷰티②] 한류 열풍에 트렌디한 마케팅까지…‘인기몰이’ 이...,https://www.ekn.kr/web/view.php?key=20260915026444914,네이버뉴스,ekn.kr,'K-뷰티' 인기 뒤엔 가품 그림자…AI 만나 더 정교해졌다,https://www.ddaily.co.kr/page/view/2026091514363927055,네이버뉴스,ddaily.co.kr,"""신약 기술이 피부로""…제약업계, 'K-더마' 열풍 타고 뷰티 영토 확장",https://www.widedaily.com/news/articleView.html?idxno=301078,네이버뉴스,widedaily.com,미작성,미발행,,,,
b5bec30cebc2f308,2026-09-16,카테크 · 자동차,일반,"한국타이어, 현대 아반떼 신차용 타이어 공",모터그래프코리아 - 전체기사 등 3개 기사,"한국타이어, 현대 아반떼 신차용 타이어 공",https://www.motorgraph.com/news/articleView.html?idxno=44519,모터그래프코리아 - 전체기사,motorgraph.com,"[타이어 Pick] 한국타이어, 현대차 '디 올 뉴 아반떼'에 '키너지 XP' 공급...",https://www.lcnews.co.kr/news/articleView.html?idxno=208340,네이버뉴스,lcnews.co.kr,"한국타이어, 8세대 아반떼에 '키너지 XP' 신차 용 타이어 공급",https://www.gukjenews.com/news/articleView.html?idxno=3696043,네이버뉴스,gukjenews.com,미작성,미발행,,,,
088fb3b07b873c1a,2026-09-16,카테크 · 자동차,일반,"콘티넨탈 타이 에코콘택트 7, 폭스바겐 ID. 폴로에 신차용 타이어로 채택",모터그래프코리아 - 전체기사 등 3개 기사,"콘티넨탈 타이 에코콘택트 7, 폭스바겐 ID. 폴로에 신차용 타이어로 채택",https://www.motorgraph.com/news/articleView.html?idxno=44524,모터그래프코리아 - 전체기사,motorgraph.com,"콘티넨탈타이어, 폭스바겐 'ID. 폴로'에 17·18인치 OE 공급",https://www.getnews.co.kr/news/articleView.html?idxno=880869,네이버뉴스,getnews.co.kr,"한국타이어, 현대차 아반떼 신차 용 타이어 공급으로 협력 관계 확대",https://www.tournews21.com/news/articleView.html?idxno=143601,네이버뉴스,tournews21.com,미작성,미발행,,,,
244cc569b53b888e,2026-09-16,카테크 · 자동차,일반,세단 신차 쏟아져도 판매 뒷걸음…가격 경쟁 더 치열해진다,네이버뉴스 등 3개 기사,세단 신차 쏟아져도 판매 뒷걸음…가격 경쟁 더 치열해진다,https://www.fnnews.com/news/202609160823329194,네이버뉴스,fnnews.com,그랜저부터 S클래스까지 신차 쏟아지는데…세단 수요는 '뒷걸음',https://www.news1.kr/industry/auto-industry/6291546,네이버뉴스,news1.kr,美 전기차 가격격차 좁혀져…평균 신차 와 640만원 차,https://www.g-enews.com/view.php?ud=2026091520104614079a1f309431_1,네이버뉴스,g-enews.com,미작성,미발행,,,,
8fbfb66ae09e890b,2026-09-16,카테크 · 자동차,일반,"대형 전동화 PBV, 더 기아 PV7 세계 최초 공개",모터그래프코리아 - 전체기사 등 3개 기사,"대형 전동화 PBV, 더 기아 PV7 세계 최초 공개",https://www.motorgraph.com/news/articleView.html?idxno=44518,모터그래프코리아 - 전체기사,motorgraph.com,"기아, ‘PV7’ 세계 최초 공개…전기 상용차 시장 정조준",https://www.sentv.co.kr/article/view/sentv202609140173,네이버뉴스,sentv.co.kr,"기아, 신차 'PV7 공개' 그 후...불확실성 털어낼까?",http://www.choicenews.co.kr/news/articleView.html?idxno=171333,네이버뉴스,choicenews.co.kr,미작성,미발행,,,,
8bdee2df7f6e09e2,2026-09-16,카테크 · 자동차,일반,車 보험 보험 손익 '빨간불'…6년 만에 적자 전환하나,네이버뉴스 등 3개 기사,車 보험 보험 손익 '빨간불'…6년 만에 적자 전환하나,http://www.hansbiz.co.kr/news/articleView.html?idxno=865218,네이버뉴스,hansbiz.co.kr,"상반기 車 보험 보험 손익, 6년 만에 적자 전환…1848억원 손실",http://www.biztribune.co.kr/news/articleView.html?idxno=359029,네이버뉴스,biztribune.co.kr,보험 료 올리고 사고도 줄었는데…車 보험 6년 만에 적자,https://www.ntoday.co.kr/news/articleView.html?idxno=129408,네이버뉴스,ntoday.co.kr,미작성,미발행,,,,
c5431884accde311,2026-09-16,카테크 · IT,일반,"젠슨 황, 트럼프와 공개 통화…“AI 종말론은 사기” 공감",오늘의뉴스 - 이티뉴스 등 3개 기사,"젠슨 황, 트럼프와 공개 통화…“AI 종말론은 사기” 공감",https://www.etnews.com/20260915000444,오늘의뉴스 - 이티뉴스,etnews.com,트럼프 전화 받은 젠슨 황…손에 든 폰은 '갤럭시 Z 폴드8',http://www.inews24.com/view/2005882,네이버뉴스,inews24.com,“어? 아이폰 아니네” 젠슨 황도 쓰는 ‘삼성 폰 ’…트럼프 전화 받다...,https://www.sedaily.com/article/20091157?ref=naver,네이버뉴스,sedaily.com,미작성,미발행,,,,
b9cb594eba1ca511,2026-09-16,카테크 · IT,일반,"아이폰·폴더블 붙잡은 삼성D, 이제 노트북·車 OLED 정조준",네이버뉴스 등 3개 기사,"아이폰·폴더블 붙잡은 삼성D, 이제 노트북·車 OLED 정조준",https://www.newsway.co.kr/news/view?ud=2026091514553672343,네이버뉴스,newsway.co.kr,폴더블 패널 하반기 71% 반등⋯삼성디스플레이 점유율 66%,https://www.etoday.co.kr/news/view/2625832,네이버뉴스,etoday.co.kr,"올해 폴더블 패널 출하 23% 증가 전망…삼성D, 상반기 점유율 1위",https://it.chosun.com/news/articleView.html?idxno=2023092170175,네이버뉴스,it.chosun.com,미작성,미발행,,,,
9cbbc778734872e6,2026-09-16,카테크 · IT,일반,"삼성전자, 내년 1분기 메모리 가격 30~40% 인상..애플도 '수용'",네이버뉴스 등 3개 기사,"삼성전자, 내년 1분기 메모리 가격 30~40% 인상..애플도 '수용'",https://www.ajunews.com/view/20260915172151663,네이버뉴스,ajunews.com,"애플 신작 기대감에…삼성D·LGD, 프리미엄 OLED 존재감",http://www.metroseoul.co.kr/article/20260915500509,네이버뉴스,metroseoul.co.kr,갤럭시S26 가격 인상 검토…리퍼폰으로 부담 낮춘다,https://www.autodaily.co.kr/news/articleView.html?idxno=600452,네이버뉴스,autodaily.co.kr,미작성,미발행,,,,
74329f8f703b3174,2026-09-16,카테크 · IT,일반,"린나이, 난방·온수 자동 최적화하는 AIoT보일러 출시",네이버뉴스 등 3개 기사,"린나이, 난방·온수 자동 최적화하는 AIoT보일러 출시",http://www.e2news.com/news/articleView.html?idxno=334252,네이버뉴스,e2news.com,"린나이, 난방부터 온수까지 AI가 알아서… AIoT 보일러 출시",http://www.e-platform.net/news/articleView.html?idxno=105374,네이버뉴스,e-platform.net,"린나이, 생활패턴에 맞춰 알아서 제어하는 AIoT보일러 출시",https://www.pinpointnews.co.kr/news/articleView.html?idxno=487122,네이버뉴스,pinpointnews.co.kr,미작성,미발행,,,,
9af574e674ff2f42,2026-09-16,스포츠,일반,엄지성 해트트릭 폭발…카타르 꺾고 산뜻한 출발,스포츠 - SBS 뉴스 섹션 등 3개 기사,엄지성 해트트릭 폭발…카타르 꺾고 산뜻한 출발,https://news.sbs.co.kr/news/endPage.do?news_id=N1008754879&plink=RSSLINK&cooper=RSSREADER,스포츠 - SBS 뉴스 섹션,news.sbs.co.kr,"이민성호, 카타르에 4-1 완승…엄지성 해트트릭",https://www.yonhapnewstv.co.kr/news/MYH20260916065533tlS,연합뉴스TV :: 대한민국 뉴스의 시작. 채널 23 » 스포츠,yonhapnewstv.co.kr,"'엄지성 해트트릭' 남자 축구, 카타르 4-1 제압…대회 첫 승[나고야AG]",https://www.newsis.com/view/NISX20260915_0003790931,스포츠,newsis.com,미작성,미발행,,,,
0eb8b33c56453a71,2026-09-16,스포츠,일반,모레노 감독마저 ‘외면’ 다 이유가 있다…무분별한 ‘이승우 군불 때...,네이버뉴스 등 3개 기사,모레노 감독마저 ‘외면’ 다 이유가 있다…무분별한 ‘이승우 군불 때...,https://www.sportsseoul.com/news/read/1635424?ref=naver,네이버뉴스,sportsseoul.com,[핌 포커스] 이름값 대신 '역할'…모레노 감독이 새 얼굴 적극 선발한 이...,https://www.newspim.com/news/view/20260916000023,네이버뉴스,newspim.com,"K리그 최고 공격수 전북 이승우, 대표팀 탈락 부른 결정적 이유는?",https://www.ftimes.kr/news/articleView.html?idxno=39729,네이버뉴스,ftimes.kr,미작성,미발행,,,,
67c74b9596cd90a8,2026-09-16,스포츠,일반,"메시, 다음 달 국가대표 은퇴 경기…10월 소집명단 포함",연합뉴스TV :: 대한민국 뉴스의 시작. 채널 23 » 스포츠 등 3개 기사,"메시, 다음 달 국가대표 은퇴 경기…10월 소집명단 포함",https://www.yonhapnewstv.co.kr/news/AKR20260916082628ZzH,연합뉴스TV :: 대한민국 뉴스의 시작. 채널 23 » 스포츠,yonhapnewstv.co.kr,"메시, 아르헨티나 대표팀 고별전 확정…10월 베냉전 소집 명단 포함",https://news.sbs.co.kr/news/endPage.do?news_id=N1008755156&plink=RSSLINK&cooper=RSSREADER,스포츠 - SBS 뉴스 섹션,news.sbs.co.kr,"5만명 경기장에 1000명…조직위, 개막 전부터 흥행 우려[나고야AG]",https://www.newsis.com/view/NISX20260915_0003790362,스포츠,newsis.com,미작성,미발행,,,,
098f91212bca66a7,2026-09-16,스포츠,일반,[ACLE 현장메모] 8000명이 본 '23년 만의 승리' 뒤 대전의 치열하고 세심...,네이버뉴스 등 3개 기사,[ACLE 현장메모] 8000명이 본 '23년 만의 승리' 뒤 대전의 치열하고 세심...,https://www.interfootball.co.kr/news/articleView.html?idxno=694609,네이버뉴스,interfootball.co.kr,"대전, 교토 꺾고 23년 만의 아시아 무대 복귀전 승리… 포항은 베이징에 완패",https://www.yonhapnewstv.co.kr/news/AKR20260916061553rCi,연합뉴스TV :: 대한민국 뉴스의 시작. 채널 23 » 스포츠,yonhapnewstv.co.kr,"[ACLE] '밥신 결승골' 대전, 교토 1-0 제압…23년 만의 아시아 복귀전 승...",https://www.newspim.com/news/view/20260915001337,네이버뉴스,newspim.com,미작성,미발행,,,,
397f66d5653d3536,2026-09-16,스포츠,일반,"'2014 월드컵 득점왕' 로드리게스, 콜롬비아 축구 대표팀 은퇴",스포츠 - SBS 뉴스 섹션 등 3개 기사,"'2014 월드컵 득점왕' 로드리게스, 콜롬비아 축구 대표팀 은퇴",https://news.sbs.co.kr/news/endPage.do?news_id=N1008755188&plink=RSSLINK&cooper=RSSREADER,스포츠 - SBS 뉴스 섹션,news.sbs.co.kr,"'2014 월드컵 득점왕' 로드리게스, 콜롬비아 대표팀 은퇴",https://www.yonhapnewstv.co.kr/news/AKR202609160821232mk,연합뉴스TV :: 대한민국 뉴스의 시작. 채널 23 » 스포츠,yonhapnewstv.co.kr,"[여기는 나고야] '엄지성 해트트릭' 축구 대표팀, 카타르 4대 1 완파하고...",http://www.mbn.co.kr/pages/news/newsView.php?news_seq_no=5219452,네이버뉴스,mbn.co.kr,미작성,미발행,,,,
c4bb7b3b9f2a89be,2026-09-16,방송연예,일반,"박미선♥이봉원 딸·아들, 모두 배우였다…딸 한양대·아들 183cm, 엄마·...",네이버뉴스 등 3개 기사,"박미선♥이봉원 딸·아들, 모두 배우였다…딸 한양대·아들 183cm, 엄마·...",https://www.tenasia.co.kr/article/2026091671814,네이버뉴스,tenasia.co.kr,"이봉원·박미선 두 자녀 모두 배우…""아들은 성까지 바꿔""",https://www.newsis.com/view/NISX20260915_0003789471,연예,newsis.com,"'현빈♥' 손예진, 내 새끼 자랑이 쑥스러운 엄마..""아들, 밖에 다니기 힘...",https://www.starnewskorea.com/star/2026/09/16/2026091606595341970,네이버뉴스,starnewskorea.com,미작성,미발행,,,,
b1b91a5f05a1f180,2026-09-16,방송연예,일반,"“누나 왔다감”…김동준·한가인, ‘닮은꼴 남매’ 투샷",네이버뉴스 등 3개 기사,"“누나 왔다감”…김동준·한가인, ‘닮은꼴 남매’ 투샷",https://sports.khan.co.kr/article/202609160804003?pt=nv,네이버뉴스,sports.khan.co.kr,"김동준·한가인, 혈연이래도 믿겠어…“누나 왔다 감” [SD셀픽]",https://sports.donga.com/ent/article/all/20260915/134676943/1,네이버뉴스,sports.donga.com,"“Face ID 잠금 해제 실패”... ‘도플갱어’ 김동준X한가인, 이번엔 친...",https://www.sportsseoul.com/news/read/1635471?ref=naver,네이버뉴스,sportsseoul.com,미작성,미발행,,,,
295a3e762ac970ab,2026-09-16,방송연예,일반,"‘로또1등도출근합니다’ 이준혁 반격 시작, 3-4화 예고편에 벌써 심상...",네이버뉴스 등 3개 기사,"‘로또1등도출근합니다’ 이준혁 반격 시작, 3-4화 예고편에 벌써 심상...",https://www.wikitree.co.kr/articles/1159804,네이버뉴스,wikitree.co.kr,이준혁 주연 드라마 '로또 1등도 출근합니다' 3.9%로 출발,https://www.yonhapnewstv.co.kr/news/AKR20260915103911sMh,연합뉴스TV :: 대한민국 뉴스의 시작. 채널 23 » 문화·연예,yonhapnewstv.co.kr,13억 거머쥔 이준혁…'로또 1등도 출근합니다' 3.9% 출발,https://www.newsis.com/view/NISX20260915_0003789563,연예,newsis.com,미작성,미발행,,,,
dfba3e4474d1a88f,2026-09-16,방송연예,일반,[주간 시청률동향] 유료방송 1위 드라마 '포핸즈'... 화제 성도 32% 증가,네이버뉴스 등 3개 기사,[주간 시청률동향] 유료방송 1위 드라마 '포핸즈'... 화제 성도 32% 증가,https://www.banronbodo.com/news/articleView.html?idxno=33026,네이버뉴스,banronbodo.com,[단독] 화제 의 드라마 김부장 속 ‘주강찬 별장’…실소유주 알고보니 A...,https://www.sportsseoul.com/news/read/1635270?ref=naver,네이버뉴스,sportsseoul.com,무려 시청률 52.2% 찍었는데...32년 전 '역대급 작품' 부활시킨 한국 드...,https://www.wikitree.co.kr/articles/1159570,네이버뉴스,wikitree.co.kr,미작성,미발행,,,,
2813a457a43f6d11,2026-09-16,방송연예,일반,"""꿈만 같다""…'20주년 월드투어' 빅뱅, 미주 콘서트 마무리",방송/연예 - SBS 뉴스 섹션 등 3개 기사,"""꿈만 같다""…'20주년 월드투어' 빅뱅, 미주 콘서트 마무리",https://news.sbs.co.kr/news/endPage.do?news_id=N1008754970&plink=RSSLINK&cooper=RSSREADER,방송/연예 - SBS 뉴스 섹션,news.sbs.co.kr,"빅뱅, 미주 지역 월드투어 마무리…""스타디움 공연 꿈만 같아""",https://www.yonhapnewstv.co.kr/news/AKR20260915111942Pnk,연합뉴스TV :: 대한민국 뉴스의 시작. 채널 23 » 문화·연예,yonhapnewstv.co.kr,"'홀로서기' 탑, 빅뱅 20주년 활동 언급 ""더는 함께 못해..멤버들 응원""[...",http://www.osen.co.kr/article/G1112875791,네이버뉴스,osen.co.kr,미작성,미발행,,,,
f4ed11bdd003e70b,2026-09-16,고생물,일반,"보성군, '코리아노사우루스' 골격 화석 천연기념물 지정",네이버뉴스 등 3개 기사,"보성군, '코리아노사우루스' 골격 화석 천연기념물 지정",https://www.newsfreezone.co.kr/news/articleView.html?idxno=708042,네이버뉴스,newsfreezone.co.kr,"'코리아' 학명 인정된 공룡 화석 ... 보성 골격 화석 , 마침내 천연기념물...",https://www.insight.co.kr/news/571980,네이버뉴스,insight.co.kr,"보성서 찾은 한반도 최초 조각류 공룡 골격, 천연기념물 됐다",https://www.newsis.com/view/NISX20260907_0003779031,네이버뉴스,newsis.com,미작성,미발행,,,,
905b991ba7bd2c25,2026-09-16,고생물,일반,공룡 멸종했는데 새는 생존...똥 화석 에 숨겨진 단서 발견,네이버뉴스 등 3개 기사,공룡 멸종했는데 새는 생존...똥 화석 에 숨겨진 단서 발견,http://www.wowtv.co.kr/NewsCenter/News/Read?articleId=A202609110312&t=NN,네이버뉴스,wowtv.co.kr,"[사이테크+] "" 공룡 똥 화석 속 6천600만년 전 새 깃털…조류 생존 비결 단...",https://www.yna.co.kr/view/AKR20260910143000017?input=1195m,네이버뉴스,yna.co.kr,"우리나라에서 발견 된 공룡 화석 , 천연기념물 됐어요",https://kids.donga.com/news/articleView.html?idxno=169786,네이버뉴스,kids.donga.com,미작성,미발행,,,,
b900e23988c7cdf2,2026-09-16,경제 · 한국 주식,일반,"삼전·SK하닉, 프리마켓서 강보합…매크로 부담에 상승폭 제한",네이버뉴스 등 3개 기사,"삼전·SK하닉, 프리마켓서 강보합…매크로 부담에 상승폭 제한",https://www.dt.co.kr/article/12084186?ref=naver,네이버뉴스,dt.co.kr,TDF 상승률보다 누적 성과 봐야 [한경 프리미엄9 TODAY],https://www.hankyung.com/article/2026091566281,한국경제 | 뉴스 | 증권,hankyung.com,"[ 증시 프리즘] 코스피 , 금리·유가·AI 속도조절론에 0.8%↓…삼전·닉스...",https://www.moneystorm.kr/news/articleView.html?idxno=6509,네이버뉴스,moneystorm.kr,미작성,미발행,,,,
39c9958445bd0c4b,2026-09-16,경제 · 한국 주식,일반,"나흘 내린 코스피 , 6600선 지킬까…유가·美 금리에 반등 시험대",네이버뉴스 등 3개 기사,"나흘 내린 코스피 , 6600선 지킬까…유가·美 금리에 반등 시험대",https://www.kbmaeil.com/article/20260916500030,네이버뉴스,kbmaeil.com,[마켓 프리뷰] 금리·유가 우려에 나흘째 밀린 코스피…코스닥은 반등,https://biz.sbs.co.kr/article_hub/20000334878?division=NAVER,네이버뉴스,biz.sbs.co.kr,‘6600선도 깨질라’ 유가·美금리 급등에 코스피 ‘살얼음판’…FOMC 경...,https://biz.heraldcorp.com/article/10874866?ref=naver,네이버뉴스,biz.heraldcorp.com,미작성,미발행,,,,
3bb4a6f9424bb33d,2026-09-16,경제 · 한국 주식,일반,"[인터뷰]5% 돌파한 美10년물 금리 ""조만간 진정될 것""",네이버뉴스 등 3개 기사,"[인터뷰]5% 돌파한 美10년물 금리 ""조만간 진정될 것""",https://view.asiae.co.kr/article/2026091116274029520,네이버뉴스,view.asiae.co.kr,5% 넘긴 미 10년물 국채 금리…“금리 낮출 계기가 없다”,https://www.joongang.co.kr/article/25462170,네이버뉴스,joongang.co.kr,"[집중진단] 美 10년물 국채금리 끝내 5% 돌파…마지노선 결국 뚫었다, 증...",https://biz.sbs.co.kr/article_hub/20000334143?division=NAVER,네이버뉴스,biz.sbs.co.kr,미작성,미발행,,,,
fd8fda32608e09f9,2026-09-16,경제 · 한국 주식,일반,[국제금융리포트] 美 10년물 5% 시대에도…외국인 자금은 국채보다 주식 ...,네이버뉴스 등 3개 기사,[국제금융리포트] 美 10년물 5% 시대에도…외국인 자금은 국채보다 주식 ...,https://www.ajunews.com/view/20260916082006268,네이버뉴스,ajunews.com,[국제금융 브리핑] 미 10년물 금리 5% 돌파...트럼프 AI 개발 의지·중국...,https://www.tokenpost.kr/news/economy/408625,네이버뉴스,tokenpost.kr,美 10년물 국채금리 '마의 5%' 뚫렸다,https://www.hankyung.com/article/2026091566471,네이버뉴스,hankyung.com,미작성,미발행,,,,
478578d743f187a2,2026-09-16,경제 · 한국 주식,일반,[AI MY 증시 전망] 美 국채금리 5%…코스피 하락 출발 전망,네이버뉴스 등 3개 기사,[AI MY 증시 전망] 美 국채금리 5%…코스피 하락 출발 전망,https://www.newspim.com/news/view/20260916000054,네이버뉴스,newspim.com,"오늘 증시 , 코스피 6659.25 하락 출발…코스닥은 1%대 반등",https://www.job-post.co.kr/news/articleView.html?idxno=227505,네이버뉴스,job-post.co.kr,"[ 증시 전망 대] FOMC 앞두고 '눈치보기 장세'… 코스피 6,600선 지지력 시험...",http://www.newsroad.co.kr/news/articleView.html?idxno=64396,네이버뉴스,newsroad.co.kr,미작성,미발행,,,,
bb67dc7dfeebaa4e,2026-09-16,경제 · 한국 정책 이슈,일반,홍지선 국토 부 장관 후보 청문회…주택매입·공급 해법 검증대,네이버뉴스 등 3개 기사,홍지선 국토 부 장관 후보 청문회…주택매입·공급 해법 검증대,https://www.fnnews.com/news/202609160836428913,네이버뉴스,fnnews.com,"국회, 국토 부·국방부 장관 후보자 청문회… 부동산 의혹· 정책 역량 검증",https://www.m-i.kr/news/articleView.html?idxno=1414516,네이버뉴스,m-i.kr,홍지선 국토 장관 후보자 오늘 인사청문회… 부동산 의혹 검증,https://biz.sbs.co.kr/article_hub/20000334906?division=NAVER,네이버뉴스,biz.sbs.co.kr,미작성,미발행,,,,
f368cc71236232b5,2026-09-16,경제 · 한국 정책 이슈,일반,오늘 홍지선·강신철 청문회… 부동산 의혹·국방 현안 공방,네이버뉴스 등 3개 기사,오늘 홍지선·강신철 청문회… 부동산 의혹·국방 현안 공방,https://www.shinailbo.co.kr/news/articleView.html?idxno=5062697,네이버뉴스,shinailbo.co.kr,국토 홍지선·국방 강신철 청문회…' 부동산 취득 논란' 공방,https://www.hankyung.com/article/2026091670637,네이버뉴스,hankyung.com,"국토 ·국방장관 후보 청문회…"" 부동산 의혹· 정책 역량 검증""",https://www.ngonews.kr/news/articleView.html?idxno=238323,네이버뉴스,ngonews.kr,미작성,미발행,,,,
95214fec1e5b1e13,2026-09-16,경제 · 한국 정책 이슈,일반,"‘어차피 신인왕은 허인서?’ 기적의 고졸신인 10승 탄생할 수도 있다, “올해 목표 이미 달성, 한 번이라도 더 이기고 싶어”",Chosunbiz 등 3개 기사,"‘어차피 신인왕은 허인서?’ 기적의 고졸신인 10승 탄생할 수도 있다, “올해 목표 이미 달성, 한 번이라도 더 이기고 싶어”",https://biz.chosun.com/sports/baseball/2026/09/16/GI4GKNZZGVSWMMJQGU2TAZLGHA/,Chosunbiz,biz.chosun.com,"한국 가계부채 비율 10년 만에 최저, 정부 목표 조기 달성 가능성 높아...",https://www.gokorea.kr/news/articleView.html?idxno=878557,네이버뉴스,gokorea.kr,"AI가 늘린 일자리, 10개 중 8개 수도권으로 쏠렸다",https://www.mk.co.kr/news/economy/12153422,매일경제 : 경제,mk.co.kr,미작성,미발행,,,,
d17470c94c045564,2026-09-16,경제 · 한국 정책 이슈,일반,8월 금통위 리뷰…금통위원 다수 “물가 고착화 전 선제 대응”,네이버뉴스 등 3개 기사,8월 금통위 리뷰…금통위원 다수 “물가 고착화 전 선제 대응”,http://www.joseilbo.com/news/news_read.php?uid=575772&class=18&grp=,네이버뉴스,joseilbo.com,"한은, 추가 금리인상 가능성 시사…금통위원들 ""물가 상승 압력에 선제...",https://www.econovill.com/news/articleView.html?idxno=750875,네이버뉴스,econovill.com,"기준금리 3% 올리고도 '추가 인상' 시사한 금통위 ""물가 압력 지속""",https://www.news1.kr/economy/trend/6291738,네이버뉴스,news1.kr,미작성,미발행,,,,
8c24a58d049afba0,2026-09-16,경제 · 한국 정책 이슈,일반,"'비거주 1주택' 줄줄이 질타…""국민 눈높이 맞지 않아 송구"" 사과도",네이버뉴스 등 3개 기사,"'비거주 1주택' 줄줄이 질타…""국민 눈높이 맞지 않아 송구"" 사과도",http://www.mbn.co.kr/pages/news/newsView.php?news_seq_no=5219455,네이버뉴스,mbn.co.kr,이형일 ‘ 비거주 1주택 ’ 논란에… 野 “내로남불” 李 “국민께 송구”,https://www.donga.com/news/Economy/article/all/20260916/134676744/2,네이버뉴스,donga.com,"이형일, 과천 아파트 비거주 논란에 ""국민 눈높이에 미흡…송구""",https://www.news1.kr/economy/trend/6290815,네이버뉴스,news1.kr,미작성,미발행,,,,
d74ec126d2076204,2026-09-16,경제 · 재테크,일반,"하나은행, 연금 전문가와 '맞춤형 퇴직 연금 세미나'",네이버뉴스 등 3개 기사,"하나은행, 연금 전문가와 '맞춤형 퇴직 연금 세미나'",https://www.newsfreezone.co.kr/news/articleView.html?idxno=709474,네이버뉴스,newsfreezone.co.kr,"하나은행, 맞춤형 퇴직 연금 세미나 개최…1대1 전문 상담 제공",https://www.etnews.com/20260916000024,네이버뉴스,etnews.com,"하나은행, 퇴직 연금 고객 대상 맞춤형 연금 자산관리 세미나",http://www.press9.kr/news/articleView.html?idxno=82805,네이버뉴스,press9.kr,미작성,미발행,,,,
d705965ca3e36419,2026-09-16,경제 · 재테크,일반,[단독] 원·달러 환율 두달새 200원 급락…기업들 사업계획 다시 짠다,한국경제 | 뉴스 | 경제 등 3개 기사,[단독] 원·달러 환율 두달새 200원 급락…기업들 사업계획 다시 짠다,https://www.hankyung.com/article/2026091565741,한국경제 | 뉴스 | 경제,hankyung.com,"[박혜린 기자의 내돈내굴] '환율 1300원 시대' 달러화 담아볼까, 3년 평...",https://www.businesspost.co.kr/BP?command=article_view&num=447085,네이버뉴스,businesspost.co.kr,"엔화 강세에 日기업 비상…도요타, 환율 1엔 오르면 영업익 4353억 감소",https://www.sedaily.com/article/20090102?ref=naver,네이버뉴스,sedaily.com,미작성,미발행,,,,
dbb01b0ca22c92c7,2026-09-16,경제 · 재테크,일반,K자본시장 세계에 알린다…'코리아 프리미엄 위크' 개최,한국경제 | 뉴스 | 증권 등 3개 기사,K자본시장 세계에 알린다…'코리아 프리미엄 위크' 개최,https://www.hankyung.com/article/2026091565371,한국경제 | 뉴스 | 증권,hankyung.com,韓 자본시장 경쟁력 알린다…'코리아 프리미엄 위크' 최초 개최,https://www.ebn.co.kr/news/articleView.html?idxno=1724262,네이버뉴스,ebn.co.kr,"""아시아 자본시장 관문 역할""…금융위-KRX, 코리아 프리미엄 위크 개최",http://www.intn.co.kr/news/articleView.html?idxno=2053343,네이버뉴스,intn.co.kr,미작성,미발행,,,,
cf75ab1d3bb301a0,2026-09-16,경제 · 부동산,일반,"지지율 30%대인데 여권은 노선 갈등…李대통령, 결국 직접 등판",네이버뉴스 등 3개 기사,"지지율 30%대인데 여권은 노선 갈등…李대통령, 결국 직접 등판",https://www.mt.co.kr/politics/2026/09/16/2026091516362161946,네이버뉴스,mt.co.kr,"'지지율 30%대' 이재명 대통령, 추석 전 기자회견…민심에 직접 답한다",https://www.incheonilbo.com/news/articleView.html?idxno=1332085,네이버뉴스,incheonilbo.com,"[김능구·황장수의 닥터둠의 전망 9월①] 추락한 李대통령 지지율...""만...",https://www.polinews.co.kr/news/articleView.html?idxno=742879,네이버뉴스,polinews.co.kr,미작성,미발행,,,,
22239c0d655b8062,2026-09-16,경제 · 부동산,일반,내일 강신철 국방장관 후보자 인사청문회…파병·사관학교·전작권 등 ...,네이버뉴스 등 3개 기사,내일 강신철 국방장관 후보자 인사청문회…파병·사관학교·전작권 등 ...,https://news.kbs.co.kr/news/pc/view/view.do?ncd=8664096&ref=A,네이버뉴스,news.kbs.co.kr,강신철 청문회 내일 열린다…파병·사관학교·전작권 등 '첩첩산중',http://mbn.mk.co.kr/pages/news/newsView.php?category=mbn00009&news_seq_no=5219366,네이버뉴스,mbn.mk.co.kr,강신철 청문회 쟁점은…파병·사관학교·전작권에 부동산 의혹,https://www.yna.co.kr/view/AKR20260914167900504?input=1195m,네이버뉴스,yna.co.kr,미작성,미발행,,,,
0835921c15821b0b,2026-09-16,경제 · 부동산,일반,[단독] 경기도 ‘기본주택 총괄’했던 홍지선… 자신은 ‘서울 똘똘한 ...,네이버뉴스 등 3개 기사,[단독] 경기도 ‘기본주택 총괄’했던 홍지선… 자신은 ‘서울 똘똘한 ...,https://www.segye.com/newsView/20260915516308?OutUrl=naver,네이버뉴스,segye.com,보유세 압박에도 믿을 건 서울 신축…‘똘똘한 한 채’ 쏠림,https://www.fntimes.com/html/view.php?ud=202609151001244287048b718333_18,네이버뉴스,fntimes.com,보유세 강화 예고 속 서울 중심 ‘똘똘한 한 채’ 선호 현상 뚜렷,https://www.viva100.com/article/20260914500489,네이버뉴스,viva100.com,미작성,미발행,,,,
759a5a9a04588fea,2026-09-16,경제 · 부동산,일반,[단독] “ 청약 통장 해지액 8.2조”…주택기금 ‘비상’에 종합저축 전환...,네이버뉴스 등 3개 기사,[단독] “ 청약 통장 해지액 8.2조”…주택기금 ‘비상’에 종합저축 전환...,https://biz.heraldcorp.com/article/10874534?ref=naver,네이버뉴스,biz.heraldcorp.com,"'유명무실' 청약 통장, 올해 8.2조 해지…국정감사 도마위",https://www.sidae.com/article/2026091414021139743,네이버뉴스,sidae.com,"[경제톡톡] 잠자는 청약 통장, 어떻게 활용할까?",https://news.kbs.co.kr/news/pc/view/view.do?ncd=8663108&ref=A,네이버뉴스,news.kbs.co.kr,미작성,미발행,,,,
036e5664e5c60713,2026-09-16,경제 · 부동산,일반,23년 만에…천지개벽하는 한남뉴타운 [감평사의 부동산 현장진단],네이버뉴스 등 3개 기사,23년 만에…천지개벽하는 한남뉴타운 [감평사의 부동산 현장진단],https://www.mk.co.kr/article/12150438,네이버뉴스,mk.co.kr,"부동산 세금 질의, 7개월 만에 작년의 91%…1년 넘게 답 못 받은 건 230건",https://www.ajunews.com/view/20260914084716097,네이버뉴스,ajunews.com,"[현장] 부동산 규제 한계 진단 간담회...""단순 거래 억제보다 실수요 조...",http://www.thevaluenews.co.kr/news/view.php?idx=201600,네이버뉴스,thevaluenews.co.kr,미작성,미발행,,,,
6249809a99f22374,2026-09-16,경제 · 미국 주식,일반,코스피 7000선 회복 뒤 106조원대로…증시 주변자금 다시 꿈틀,네이버뉴스 등 3개 기사,코스피 7000선 회복 뒤 106조원대로…증시 주변자금 다시 꿈틀,https://www.ebn.co.kr/news/articleView.html?idxno=1724413,네이버뉴스,ebn.co.kr,"[오늘의 투자전략] 금리 ·유가 부담에 숨죽인 증시 …""FOMC 이후 회복 경...",https://www.etoday.co.kr/news/view/2626003,네이버뉴스,etoday.co.kr,FOMC 앞두고 美 10년물 5% 돌파…유가 100달러에 뉴욕 증시 이틀째 하락 ...,https://biz.heraldcorp.com/article/10874840?ref=naver,네이버뉴스,biz.heraldcorp.com,미작성,미발행,,,,
f9fce8fab3185d82,2026-09-16,경제 · 미국 주식,일반,"[해외시황] 뉴욕증시, 국채금리 최고치·유가 급등에 이틀째 '하락'…나...",네이버뉴스 등 3개 기사,"[해외시황] 뉴욕증시, 국채금리 최고치·유가 급등에 이틀째 '하락'…나...",http://www.newsprime.co.kr/news/article.html?no=747878,네이버뉴스,newsprime.co.kr,"[3분 증시 ] 뉴욕 증시 , 국채금리·유가 급등에 이틀째 동반 하락",http://www.yonhapnewstv.co.kr/news/MYH20260916081110g3W,네이버뉴스,yonhapnewstv.co.kr,美 국채 금리·국제 유가 급등에 일제 하락…나스닥 0.78%↓ [뉴욕증시 브리핑],https://www.hankyung.com/article/2026091671016,한국경제 | 뉴스 | 증권,hankyung.com,미작성,미발행,,,,
05017550c3ff96e1,2026-09-16,경제 · 미국 주식,일반,[원자재 시황] 원유 공급차질 우려에 금·코인·뉴욕증시 동반 하락,네이버뉴스 등 3개 기사,[원자재 시황] 원유 공급차질 우려에 금·코인·뉴욕증시 동반 하락,https://www.ebn.co.kr/news/articleView.html?idxno=1724412,네이버뉴스,ebn.co.kr,美국채 금리·유가 상승 지속…뉴욕 증시 이틀째 하락-[글로벌 마감 시황...,http://www.wowtv.co.kr/NewsCenter/News/Read?articleId=A202609160202&t=NN,네이버뉴스,wowtv.co.kr,유가·금리 동반 급등에 하락... 10년물 장중 5% 돌파 [뉴욕증시],https://www.m-i.kr/news/articleView.html?idxno=1414493,네이버뉴스,m-i.kr,미작성,미발행,,,,
5196e00394977bed,2026-09-16,경제 · 미국 주식,일반,"[금값 시세] 6주 만에 최저…연준 0.25%p 인상 확률 90%, 은값도 흔들",네이버뉴스 등 3개 기사,"[금값 시세] 6주 만에 최저…연준 0.25%p 인상 확률 90%, 은값도 흔들",https://www.pinpointnews.co.kr/news/articleView.html?idxno=487396,네이버뉴스,pinpointnews.co.kr,"美 국채 5.04% 돌파... 증시 , 연준 '금리 인상 확률 94%'에 더 밀리나",http://coinreaders.com/258389,네이버뉴스,coinreaders.com,"골드만 ""연준 금리 인상, 美증시에 단기 부담…강세장은 지속""",https://news.einfomax.co.kr/news/articleView.html?idxno=4434945,네이버뉴스,news.einfomax.co.kr,미작성,미발행,,,,
97fee124c7484ab7,2026-09-16,경제 · 미국 주식,일반,"[굿모닝 마켓] 월가, AI 속도조절론에 ""과대반응 필요 없다"" 반박",네이버뉴스 등 3개 기사,"[굿모닝 마켓] 월가, AI 속도조절론에 ""과대반응 필요 없다"" 반박",https://biz.sbs.co.kr/article_hub/20000334892?division=NAVER,네이버뉴스,biz.sbs.co.kr,‘AI 속도조절론’ 두고 맞붙은 아모데이·젠슨 황… “공동 기준 마련” VS “규제 필요 없어”,https://biz.chosun.com/it-science/ict/2026/09/16/VKIJD64DA5BO5INV7XE6QNXO6M/,Chosunbiz,biz.chosun.com,[마켓뷰] 낙폭 과대 vs 매크로·FOMC 경계심…코스피 향방은,https://www.yna.co.kr/view/AKR20260916018600008?input=1195m,네이버뉴스,yna.co.kr,미작성,미발행,,,,
02aa6f4d33090596,2026-09-16,건강 · 최신 이슈,일반,지난해보다 한 달 빨라진 독감 유행 주의보 [영상],네이버뉴스 등 3개 기사,지난해보다 한 달 빨라진 독감 유행 주의보 [영상],https://www.hankookilbo.com/news/article/A2026091515060003086?did=NA,네이버뉴스,hankookilbo.com,이른 독감 유행에 코로나까지 증가세…'트윈데믹' 우려,https://www.shinailbo.co.kr/news/articleView.html?idxno=5062270,네이버뉴스,shinailbo.co.kr,"벌써 독감 유행, 코로나19까지 트윈데믹 우려…예방접종 서둘러야",https://www.news1.kr/bio/welfare-medical/6290206,네이버뉴스,news1.kr,미작성,미발행,,,,
bc810b97b1e4c520,2026-09-16,건강 · 최신 이슈,일반,"삼성물산 건설부문, 공간헬스케어 솔루션 '웰피' 출시",네이버뉴스 등 3개 기사,"삼성물산 건설부문, 공간헬스케어 솔루션 '웰피' 출시",http://www.popcornnews.net/news/articleView.html?idxno=133051,네이버뉴스,popcornnews.net,"삼성물산, 공간·디지털 헬스 결합한 AI 웰니스 솔루션 ‘웰피’ 출시",https://www.kukinews.com/article/view/kuk202609150027,네이버뉴스,kukinews.com,"삼성물산, AI 건강 관리 솔루션 ‘웰피’ 선보여…래미안·건설현장 적용",https://www.seoultimes.news/news/article.html?no=2000099885,네이버뉴스,seoultimes.news,미작성,미발행,,,,
ab0f17f7897f8719,2026-09-16,건강 · 최신 이슈,일반,"국민 70% 신약 접근성 확대 '공감'…""'적정한' 도입이 뭔가"" 고민 남아",청년의사 - 전체기사 등 3개 기사,"국민 70% 신약 접근성 확대 '공감'…""'적정한' 도입이 뭔가"" 고민 남아",http://www.docdocdoc.co.kr/news/articleView.html?idxno=3042795,청년의사 - 전체기사,docdocdoc.co.kr,"국민 67.6% ""신약 급여 등재기간 23개월 길어""... 적정 기간 평균 8.5개월...",https://www.pharmnews.com/news/articleView.html?idxno=306314,네이버뉴스,pharmnews.com,국민 73.5% 신약 건강 보험 등재 심사기간 단축 찬성,https://www.jnilbo.com/news/articleView.html?idxno=90000065847,네이버뉴스,jnilbo.com,미작성,미발행,,,,
c175d70bb2c7a62d,2026-09-16,건강 · 최신 이슈,일반,[아는 것이 힘] 추석 연휴 앞두고 ‘트윈데믹’ 비상... 홍삼이 든든한...,네이버뉴스 등 3개 기사,[아는 것이 힘] 추석 연휴 앞두고 ‘트윈데믹’ 비상... 홍삼이 든든한...,https://www.edaily.co.kr/News/Read?newsId=02122166645580776&mediaCodeNo=257&utm_source=naver&utm_medium=referral&utm_campaign=news_syndication&utm_content=original_article,네이버뉴스,edaily.co.kr,"원광대병원, 추석 연휴 24시간 응급진료 가동",http://www.docdocdoc.co.kr/news/articleView.html?idxno=3042801,청년의사 - 전체기사,docdocdoc.co.kr,추석 앞두고 '먹는 알부민' 또 도마…추가 적발·업계 몸 사리기,https://www.megaeconomy.co.kr/news/newsview.php?ncode=1065579396693761,네이버뉴스,megaeconomy.co.kr,미작성,미발행,,,,
f510e5bd1645ddb8,2026-09-16,건강 · 최신 이슈,일반,"SK바이오사이언스, RSV·수막구균·백일해 예방전략 공유…소아청소년과...",네이버뉴스 등 3개 기사,"SK바이오사이언스, RSV·수막구균·백일해 예방전략 공유…소아청소년과...",http://www.press9.kr/news/articleView.html?idxno=82800,네이버뉴스,press9.kr,"SK바이오사이언스, '2026 NEW VISION 심포지엄' 성료…RSV·수막구균 예방...",https://www.hankyung.com/article/202609167258i,네이버뉴스,hankyung.com,"SK바이오사이언스, 소아청소년과 대상 감염병 예방 학술 심포지엄 개최",https://biz.heraldcorp.com/article/10874875?ref=naver,네이버뉴스,biz.heraldcorp.com,미작성,미발행,,,,
1a5831e39303f629,2026-09-16,건강 · 최신 이슈,연예인 건강,"재일동포 배우 나카무라 유리, 직장암 투병 끝 별세…향년 44세",네이버뉴스 등 3개 기사,"재일동포 배우 나카무라 유리, 직장암 투병 끝 별세…향년 44세",https://www.stardailynews.co.kr/news/articleView.html?idxno=550166,네이버뉴스,stardailynews.co.kr,아이돌· 배우 활동 ‘재일동포 4세’ 나카무라 유리 별세,https://www.khan.co.kr/article/202609152020015,네이버뉴스,khan.co.kr,"""끝까지 미소"" 나카무라 유리, 직장암 투병 끝 사망..日 연예계 눈물 [★...",https://www.starnewskorea.com/star/2026/09/16/2026091600312066069,네이버뉴스,starnewskorea.com,미작성,미발행,,,,
f7c92d8ff6588bf6,2026-09-16,건강 · 최신 이슈,연예인 건강,"김동현, 넷째 득남 ""엄마는 역시 위대해…이제 여섯 식구""",네이버뉴스 등 3개 기사,"김동현, 넷째 득남 ""엄마는 역시 위대해…이제 여섯 식구""",http://enews.imbc.com/News/RetrieveNewsInfo/518320,네이버뉴스,enews.imbc.com,"김동현, 오늘(15일) 넷째 득남…""이제 여섯 식구, 엄마는 역시 위대해"" ...",https://mhnse.com/news/articleView.html?idxno=1544681,네이버뉴스,mhnse.com,"김동현, 넷째 득남…“이제 여섯 식구” [IS하이컷]",https://isplus.com/article/view/isp202609150160,네이버뉴스,isplus.com,미작성,미발행,,,,
c5a8ce4651c708ab,2026-09-16,건강 · 최신 이슈,연예인 건강,"‘말자쇼’ 또! 신났다, 자체 최고 시청률 경신",네이버뉴스 등 3개 기사,"‘말자쇼’ 또! 신났다, 자체 최고 시청률 경신",https://sports.khan.co.kr/article/202609160742003?pt=nv,네이버뉴스,sports.khan.co.kr,"말자쇼, 3.7%로 자체 최고 시청률…월요일 밤 입지 굳혔다",https://www.topstarnews.net/news/articleView.html?idxno=16195287,네이버뉴스,topstarnews.net,‘말자쇼’ 자체 최고 3.7%,https://www.bntnews.co.kr/article/view/bnt202609160044,네이버뉴스,bntnews.co.kr,미작성,미발행,,,,
121e39e91bc1a433,2026-09-16,건강 · 생활 건강 정보,일반,혈압·심장·장·염증까지…영양사가 꼽은 당장 바꿔야 할 식습관 5,네이버뉴스 등 3개 기사,혈압·심장·장·염증까지…영양사가 꼽은 당장 바꿔야 할 식습관 5,http://www.joseilbo.com/news/news_read.php?uid=575747&class=27&grp=,네이버뉴스,joseilbo.com,"영양사가 꼽은 의외의 땅콩 효능 5가지... ""혈압·콜레스테롤·염증 위험...",https://news.hidoc.co.kr/news/articleView.html?idxno=67416,네이버뉴스,news.hidoc.co.kr,"[5문5답] 혈압부터 심장 건강 점수까지…갤럭시 워치9, 일상 속 건강 관...",https://www.dnews.co.kr/uhtml/view.jsp?idxno=202609091242339020259,네이버뉴스,dnews.co.kr,미작성,미발행,,,,
6c66e14dba8d1e74,2026-09-16,건강 · 생활 건강 정보,일반,"식약처, 위해성 관리 감독 기준 강화했지만…실효성은 '의문'",청년의사 - 전체기사 등 3개 기사,"식약처, 위해성 관리 감독 기준 강화했지만…실효성은 '의문'",http://www.docdocdoc.co.kr/news/articleView.html?idxno=3042818,청년의사 - 전체기사,docdocdoc.co.kr,"갤럭시 워치, 심장 건강 관리 강화…가족과 건강정보 공유",https://www.itdaily.kr/news/articleView.html?idxno=241511,네이버뉴스,itdaily.kr,"삼성전자, 갤럭시 워치로 심장 건강 관리 강화",http://www.popcornnews.net/news/articleView.html?idxno=132377,네이버뉴스,popcornnews.net,미작성,미발행,,,,
6447e82ef019d637,2026-09-16,건강 · 생활 건강 정보,일반,"“살 찌면 더러워보여” 신동엽, 수십 년째 몸매 유지하는 비결은 ‘이 습관’?",코메디닷컴 등 3개 기사,"“살 찌면 더러워보여” 신동엽, 수십 년째 몸매 유지하는 비결은 ‘이 습관’?",https://kormedi.com/2866694/,코메디닷컴,kormedi.com,"정은지, “맘껏 먹으면서 몸매 유지” 비결 있다는데… 뭘까?",https://health.chosun.com/site/data/html_dir/2026/09/15/2026091501187.html,네이버뉴스,health.chosun.com,"""이제 요요 안 오는건가""…신동, 美서 포착된 슬림한 턱선, 비결은",https://www.newsis.com/view/NISX20260914_0003788204,네이버뉴스,newsis.com,미작성,미발행,,,,
b975686925d7f185,2026-09-16,건강 · 생활 건강 정보,일반,* 9월 16일 오늘의 운세 *,네이버뉴스 등 3개 기사,* 9월 16일 오늘의 운세 *,https://www.pointdaily.co.kr/news/articleView.html?idxno=318286,네이버뉴스,pointdaily.co.kr,[오늘의 띠별 운세] 2026년 9월 16일 수요일,https://www.public25.com/news/articleView.html?idxno=54837,네이버뉴스,public25.com,[오늘의 운세] 2026년 9월 12일 별자리 운세,https://www.hankyung.com/article/2026083124237,네이버뉴스,hankyung.com,미작성,미발행,,,,
cb000ef60afe22d9,2026-09-16,건강 · 생활 건강 정보,일반,""" 콜레스테롤 , 혈당, 혈압 관리 까지"" … '귀리'의 놀라운 효능 4가지",네이버뉴스 등 3개 기사,""" 콜레스테롤 , 혈당, 혈압 관리 까지"" … '귀리'의 놀라운 효능 4가지",https://news.hidoc.co.kr/news/articleView.html?idxno=67513,네이버뉴스,news.hidoc.co.kr,"“여보, 평생 미안했어” vs “너무 고마웠어”…남편이 남긴 마지막 말은? / 당뇨 관리에 좋은 뜻밖의 음식 5가지 / 팔은 80대, 다리는 20대⋯피부 나이 달라진 이유",https://kormedi.com/2867174/,코메디닷컴,kormedi.com,"대웅제약, 한·일 석학과 ‘혈당 관리 패러다임 전환’ 조명",http://www.docdocdoc.co.kr/news/articleView.html?idxno=3042793,청년의사 - 전체기사,docdocdoc.co.kr,미작성,미발행,,,,
6d07f6fdf45d6c52,2026-09-15,패션뷰티,일반,중국만 보던 K- 뷰티 옛말… 화장품株 해외시장 다변화에 花色도네,네이버뉴스 등 3개 기사,중국만 보던 K- 뷰티 옛말… 화장품株 해외시장 다변화에 花色도네,https://www.pinpointnews.co.kr/news/articleView.html?idxno=486845,네이버뉴스,pinpointnews.co.kr,﻿4653억·8225억·1조1000억 위안… 숫자로 읽는 중국 화장품 시장 [박지...,https://it.chosun.com/news/articleView.html?idxno=2023092169736,네이버뉴스,it.chosun.com,"""K 뷰티 는 이제 화장품만 팔지 않습니다"" [최기자의 뷰티 인사이드]",https://www.meconomynews.com/news/articleView.html?idxno=201386,네이버뉴스,meconomynews.com,미작성,미발행,,,,
48320fe8f0dbcbc8,2026-09-15,패션뷰티,일반,"아모레퍼시픽, '2035년 매출 15조 예고'... 더마·헤어 케어 로 승부수",네이버뉴스 등 3개 기사,"아모레퍼시픽, '2035년 매출 15조 예고'... 더마·헤어 케어 로 승부수",https://www.meconomynews.com/news/articleView.html?idxno=201614,네이버뉴스,meconomynews.com,"아모레퍼시픽, 2035년 매출 15조 원 목표…더마·클리니컬·헤어 케어 글...",http://www.ttlnews.com/news/articleView.html?idxno=3143192,네이버뉴스,ttlnews.com,"아모레퍼시픽, ‘더마·헤어 케어 ’ 쌍두마차로 2035년 ‘매출 15조’ 정...",https://www.dizzotv.com/site/data/html_dir/2026/09/14/2026091480183.html,네이버뉴스,dizzotv.com,미작성,미발행,,,,
19df5331cf679a59,2026-09-15,패션뷰티,일반,"""약 만들던 기술로 화장품 을""…뷰티에 빠진 제약사",네이버뉴스 등 3개 기사,"""약 만들던 기술로 화장품 을""…뷰티에 빠진 제약사",https://www.newsis.com/view/NISX20260914_0003789008,네이버뉴스,newsis.com,핀란드 화장품 '화랑품' · 독일 화장품 '예쁘다'...잘 나가는 'K 뷰티'의...,https://magazine.hankyung.com/business/article/202609143798b,네이버뉴스,magazine.hankyung.com,이젠 약국 화장품 도 쇼핑템…'파머시 뷰티' 확산,http://www.srtimes.kr/news/articleView.html?idxno=212372,네이버뉴스,srtimes.kr,미작성,미발행,,,,
7a42e9d391572a32,2026-09-15,카테크 · 자동차,일반,"현대캐피탈, 가을맞이 자동차금융 프로모션 진행",네이버뉴스 등 3개 기사,"현대캐피탈, 가을맞이 자동차금융 프로모션 진행",https://www.financialpost.co.kr/news/articleView.html?idxno=275579,네이버뉴스,financialpost.co.kr,"현대캐피탈, 자동차금융 부담 낮춰..무이자· 전기차 저금리 혜택 확대",https://kpenews.com/View.aspx?No=4227042,네이버뉴스,kpenews.com,"현대차그룹, 청년 직무역량 강화 교육 프로그램 ‘HINT’ 2기 참가자 모집",https://www.motorgraph.com/news/articleView.html?idxno=44515,모터그래프코리아 - 전체기사,motorgraph.com,미작성,미발행,,,,
bb6a42e9a9530fef,2026-09-15,카테크 · 자동차,일반,하이브리드보다 싼 전기차 …렉서스 신형 ES 가격정책 '주목',네이버뉴스 등 3개 기사,하이브리드보다 싼 전기차 …렉서스 신형 ES 가격정책 '주목',https://daily.hankooki.com/news/articleView.html?idxno=1406035,네이버뉴스,daily.hankooki.com,중국産 아닌데… 렉서스도 전기차 가격 경쟁 가세,https://www.chosun.com/economy/auto/2026/09/15/IP44WFH4LRC23BGNFVTU45MICE/?utm_source=naver&utm_medium=referral&utm_campaign=naver-news,네이버뉴스,chosun.com,"""7000만원대면 해볼 만하다""…렉서스, `ES 전기차 `의 승부수",https://www.gpkorea.com/news/articleView.html?idxno=146694,네이버뉴스,gpkorea.com,미작성,미발행,,,,
df7f86a79e7fcc61,2026-09-15,카테크 · 자동차,일반,자동차보험 사업비 부담 7년 만에 최고… 보험 료 100원 중 17원,네이버뉴스 등 3개 기사,자동차보험 사업비 부담 7년 만에 최고… 보험 료 100원 중 17원,https://www.raonnews.com/news/article.html?no=61112,네이버뉴스,raonnews.com,車 보험 손해율·사업비율 동반 악화… 보험 손익 적자 전환,https://www.edaily.co.kr/News/Read?newsId=02056566645580448&mediaCodeNo=257&utm_source=naver&utm_medium=referral&utm_campaign=news_syndication&utm_content=original_article,네이버뉴스,edaily.co.kr,"DB손해 보험 , 9월 자동차보험 평판 1위 독주…현대해상 9.5% '나홀로 상승...",http://www.popcornnews.net/news/articleView.html?idxno=132768,네이버뉴스,popcornnews.net,미작성,미발행,,,,
33e6ff6c603dc589,2026-09-15,카테크 · 자동차,일반,상반기 자동차보험 6년 만에 적자 전환…총손익 37.7% 감소,네이버뉴스 등 3개 기사,상반기 자동차보험 6년 만에 적자 전환…총손익 37.7% 감소,https://www.sentv.co.kr/article/view/sentv202609150030,네이버뉴스,sentv.co.kr,사고 줄고 보험 료도 올랐는데… 자동차보험 보험 손익 6년 만에 적자,https://www.chosun.com/economy/economy_general/2026/09/15/E3S7I7OXERAS5HR2A6OB26Q2TU/?utm_source=naver&utm_medium=referral&utm_campaign=naver-news,네이버뉴스,chosun.com,상반기 車 보험 1천848억 손실…손해율 악화에 6년 만에 적자전환,https://news.einfomax.co.kr/news/articleView.html?idxno=4434824,네이버뉴스,news.einfomax.co.kr,미작성,미발행,,,,
8fe7cbf5c0dbea5e,2026-09-15,카테크 · 자동차,일반,【오늘의 국회일정】 2026년 9월 15일,네이버뉴스 등 3개 기사,【오늘의 국회일정】 2026년 9월 15일,https://www.lawtimes.co.kr/news/articleView.html?idxno=226348,네이버뉴스,lawtimes.co.kr,[오늘의 국회일정](15일·화),https://www.yna.co.kr/view/AKR20260914161300001?input=1195m,네이버뉴스,yna.co.kr,[오늘의 주요일정]국회(9월15일 화요일),https://www.newsis.com/view/NISX20260914_0003789269,네이버뉴스,newsis.com,미작성,미발행,,,,
a608aa6f25c63de1,2026-09-15,카테크 · IT,일반,아이폰18 뜨자 통신3사 '혜택 전쟁'…할인 넘어 AI·구독·케어로 승부,네이버뉴스 등 3개 기사,아이폰18 뜨자 통신3사 '혜택 전쟁'…할인 넘어 AI·구독·케어로 승부,https://www.news2day.co.kr/article/20260914500272,네이버뉴스,news2day.co.kr,"‘얇게’ 다음은 ‘세게’…폴더블폰, 두께 넘어 ‘컴퓨팅 전쟁’ [폴더...",https://www.etoday.co.kr/news/view/2624713,네이버뉴스,etoday.co.kr,갤럭시냐 아이폰이냐…'꽃놀이패' 쥔 삼성의 느긋한 승부,https://www.financialpost.co.kr/news/articleView.html?idxno=275511,네이버뉴스,financialpost.co.kr,미작성,미발행,,,,
6384232024ffde65,2026-09-15,카테크 · IT,일반,"린나이, 생활패턴 맞춰 제어하는 AIoT보일러 출시",네이버뉴스 등 3개 기사,"린나이, 생활패턴 맞춰 제어하는 AIoT보일러 출시",https://www.gasnews.com/news/articleView.html?idxno=126783,네이버뉴스,gasnews.com,"귀뚜라미, 3세대 카본매트 신제품 출시…AI 수면 제어",https://www.megaeconomy.co.kr/news/newsview.php?ncode=1065593282476760,네이버뉴스,megaeconomy.co.kr,“생활에 맞춰라”…집 꾸미는 방식이 바뀌다 [가을 인테리어],https://biz.heraldcorp.com/article/10872559?ref=naver,네이버뉴스,biz.heraldcorp.com,미작성,미발행,,,,
c2cca72aacff2942,2026-09-15,카테크 · IT,일반,"‘아이폰 듀오’ 팔릴수록 삼성도 웃는다…삼성D, 2.7조 더 번다 [갭 월...",네이버뉴스 등 3개 기사,"‘아이폰 듀오’ 팔릴수록 삼성도 웃는다…삼성D, 2.7조 더 번다 [갭 월...",https://www.sedaily.com/article/20090759?ref=naver,네이버뉴스,sedaily.com,“아이쿠16에 탑재” 오타인줄 알았더니…역대급 성능찍은 삼성 OLED,https://www.mk.co.kr/article/12152543,네이버뉴스,mk.co.kr,329만원 '아이폰 듀오'…터너스 첫 시험대는 가격 경쟁력,http://www.srtimes.kr/news/articleView.html?idxno=212367,네이버뉴스,srtimes.kr,미작성,미발행,,,,
598c79e27f608c2f,2026-09-15,카테크 · IT,일반,"[미국 특징주] 애플, 신제품 16종 더 나온다…터치맥북· 스마트 홈 등",네이버뉴스 등 3개 기사,"[미국 특징주] 애플, 신제품 16종 더 나온다…터치맥북· 스마트 홈 등",https://www.newspim.com/news/view/20260915000095,네이버뉴스,newspim.com,"""맥북에 터치와 OLED 도입""…애플, '시리 AI' 무기 삼아 16종 파상 공세",https://www.ddaily.co.kr/page/view/2026091508054144628,네이버뉴스,ddaily.co.kr,"삼성디스플레이, 세계 최초 '2K 해상도+165Hz 고주사율' 스마트폰 올레드...",http://www.econonews.co.kr/news/articleView.html?idxno=444311,네이버뉴스,econonews.co.kr,미작성,미발행,,,,
4a095f4a3d92116d,2026-09-15,카테크 · IT,일반,"""폴더블 원조는 나야 나""···삼성-애플의 마케팅 신경전",네이버뉴스 등 3개 기사,"""폴더블 원조는 나야 나""···삼성-애플의 마케팅 신경전",http://www.enewstoday.co.kr/news/articleView.html?idxno=2470225,네이버뉴스,enewstoday.co.kr,"""삼성·애플 양손에 쥔 알짜 수혜주?""… 폴더블 시장 개화에 날개 단 비...",https://www.cbci.co.kr/news/articleView.html?idxno=606705,네이버뉴스,cbci.co.kr,"애플도 구형폰 100달러 올렸다…적자 삼성 MX, 'S26 가격'도 손대나",https://www.asiatoday.co.kr/kn/view.php?key=20260914010005168,네이버뉴스,asiatoday.co.kr,미작성,미발행,,,,
dc8980cda2fb3124,2026-09-15,스포츠,일반,"삼성전자, 美 버라이즌과 6G 핵심 ‘ISAC’ 현장 실증 성공",네이버뉴스 등 3개 기사,"삼성전자, 美 버라이즌과 6G 핵심 ‘ISAC’ 현장 실증 성공",https://www.dt.co.kr/article/12083931?ref=naver,네이버뉴스,dt.co.kr,"[Tech & Now] 삼성전자, 버라이즌과 6G 핵심 기술 'ISAC' 현장 실증 성공...",https://www.ebn.co.kr/news/articleView.html?idxno=1724240,네이버뉴스,ebn.co.kr,"삼성전자, 버라이즌과 6G 핵심 기술 ISAC 현장 실증 최초 성공",https://www.news1.kr/it-science/cc-newmedia/6290449,네이버뉴스,news1.kr,미작성,미발행,,,,
dd3ad708e9d38b04,2026-09-15,스포츠,일반,"'데뷔 5시즌 연속 50G 대기록' KT 박영현, 아시안게임 5연패 정조준할 '...",네이버뉴스 등 3개 기사,"'데뷔 5시즌 연속 50G 대기록' KT 박영현, 아시안게임 5연패 정조준할 '...",https://www.ftimes.kr/news/articleView.html?idxno=39711,네이버뉴스,ftimes.kr,"'아시안게임 4연패' 노리는 남자 축구 , 오늘 카타르와 첫 경기",https://www.m-i.kr/news/articleView.html?idxno=1413914,네이버뉴스,m-i.kr,"남자 축구, 오늘 카타르 상대로 '아시안게임 4연패' 시동 건다",https://www.newsis.com/view/NISX20260914_0003788380,스포츠,newsis.com,미작성,미발행,,,,
e9d6c85c2fc8a93d,2026-09-15,방송연예,일반,홍진호도 ‘타짜4’ 도왔다…‘통편집 투혼’,네이버뉴스 등 3개 기사,홍진호도 ‘타짜4’ 도왔다…‘통편집 투혼’,https://sports.khan.co.kr/article/202609150850003?pt=nv,네이버뉴스,sports.khan.co.kr,"홍진호, '타짜4' 출연 후 통편집됐는데..""피날레 참여해 영광""",http://www.osen.co.kr/article/G1112875696,네이버뉴스,osen.co.kr,"천재 포커 홍진호, '타짜: 벨제붑의 노래' 홍보대사 활약",https://www.sportschosun.com/entertainment/2026-09-15/202609150100100410006533,네이버뉴스,sportschosun.com,미작성,미발행,,,,
92972bfcc0f54c95,2026-09-15,방송연예,일반,"류혜영, 절친 고경표에 설렘 고백 “항상 설렌다…키 크고 멋있는 남자...",네이버뉴스 등 3개 기사,"류혜영, 절친 고경표에 설렘 고백 “항상 설렌다…키 크고 멋있는 남자...",https://www.segye.com/newsView/20260915502900?OutUrl=naver,네이버뉴스,segye.com,"류혜영 ""고경표에 항상 설렌다…키 크고 잘생긴 남자""",https://www.newsis.com/view/NISX20260915_0003789320,연예,newsis.com,"류혜영, ‘16년 남사친’ 고경표에 “키 크고 멋있어…항상 설레”",https://isplus.com/article/view/isp202609150008,네이버뉴스,isplus.com,미작성,미발행,,,,
86fc3d0ccb7b15b0,2026-09-15,방송연예,일반,농심家 신상열 부사장 결혼에 장인도 화제 …'판사 출신' 문유석 작가,네이버뉴스 등 3개 기사,농심家 신상열 부사장 결혼에 장인도 화제 …'판사 출신' 문유석 작가,https://www.news1.kr/industry/distribution/6290478,네이버뉴스,news1.kr,'농심 3세' 신상열 부사장과 결혼한 'SKT 평사원'…판사 출신 문유석 작...,https://www.fnnews.com/news/202609150700429042,네이버뉴스,fnnews.com,"'농심 3세' 신상열, ♥ '미스 함무라비' 문유석 前판사 딸과 결혼…SKT 재...",https://www.sportschosun.com/entertainment/2026-09-15/202609150100100170006514,네이버뉴스,sportschosun.com,미작성,미발행,,,,
06b6970b22cd91b9,2026-09-15,방송연예,일반,[NC박스오피스] '오디세이' 41일 연속 1위...'아바타2' 제치고 외화 흥행...,네이버뉴스 등 3개 기사,[NC박스오피스] '오디세이' 41일 연속 1위...'아바타2' 제치고 외화 흥행...,https://www.nc.press/news/articleView.html?idxno=626521,네이버뉴스,nc.press,"'오디세이', '아바타: 물의 길' 넘었다…역대 외화 흥행 6위",https://news.sbs.co.kr/news/endPage.do?news_id=N1008752654&plink=RSSLINK&cooper=RSSREADER,방송/연예 - SBS 뉴스 섹션,news.sbs.co.kr,아바타 넘은 '오디세이'…팬데믹 후 외화 최고 흥행작 됐다,https://www.newsis.com/view/NISX20260914_0003789065,연예,newsis.com,미작성,미발행,,,,
3f7f250d7e52ca51,2026-09-15,방송연예,일반,"'세븐♥' 이다해, 中 50억 자택=월세였다 ""매달 600만원 지불"" [MD리뷰]",네이버뉴스 등 3개 기사,"'세븐♥' 이다해, 中 50억 자택=월세였다 ""매달 600만원 지불"" [MD리뷰]",https://www.mydaily.co.kr/page/view/2026091508065187099,네이버뉴스,mydaily.co.kr,‘325억 건물주’ 이다해도 中에선 세입자…“50억 집 월세 600만원”,https://www.mk.co.kr/article/12152730,네이버뉴스,mk.co.kr,"'325억 자산가' 이다해, 상하이선 월세 600만원 산다…""매매가 50억""",https://www.newsis.com/view/NISX20260914_0003789289,연예,newsis.com,미작성,미발행,,,,
f4ed11bdd003e70b,2026-09-15,고생물,일반,"보성군, '코리아노사우루스' 골격 화석 천연기념물 지정",네이버뉴스 등 3개 기사,"보성군, '코리아노사우루스' 골격 화석 천연기념물 지정",https://www.newsfreezone.co.kr/news/articleView.html?idxno=708042,네이버뉴스,newsfreezone.co.kr,"'코리아' 학명 인정된 공룡 화석 ... 보성 골격 화석 , 마침내 천연기념물...",https://www.insight.co.kr/news/571980,네이버뉴스,insight.co.kr,"보성서 찾은 한반도 최초 조각류 공룡 골격, 천연기념물 됐다",https://www.newsis.com/view/NISX20260907_0003779031,네이버뉴스,newsis.com,미작성,미발행,,,,
905b991ba7bd2c25,2026-09-15,고생물,일반,공룡 멸종했는데 새는 생존...똥 화석 에 숨겨진 단서 발견,네이버뉴스 등 3개 기사,공룡 멸종했는데 새는 생존...똥 화석 에 숨겨진 단서 발견,http://www.wowtv.co.kr/NewsCenter/News/Read?articleId=A202609110312&t=NN,네이버뉴스,wowtv.co.kr,"[사이테크+] "" 공룡 똥 화석 속 6천600만년 전 새 깃털…조류 생존 비결 단...",https://www.yna.co.kr/view/AKR20260910143000017?input=1195m,네이버뉴스,yna.co.kr,"우리나라에서 발견 된 공룡 화석 , 천연기념물 됐어요",https://kids.donga.com/news/articleView.html?idxno=169786,네이버뉴스,kids.donga.com,미작성,미발행,,,,
fc3cb5010cabca21,2026-09-15,경제 · 한국 주식,일반,[국제금융 브리핑] 트럼프 AI 속도조절론 비판...브렌트유 105.68달러·미...,네이버뉴스 등 3개 기사,[국제금융 브리핑] 트럼프 AI 속도조절론 비판...브렌트유 105.68달러·미...,https://www.tokenpost.kr/news/economy/407942,네이버뉴스,tokenpost.kr,"사우디, 핵심송유관 폐쇄…브렌트유 108달러 돌파",https://www.hankyung.com/article/202609144265i,한국경제 | 뉴스 | 경제,hankyung.com,"트럼프, ‘AI 속도조절론’에 “역겨운 음모… 中만 기뻐할 것”",https://biz.chosun.com/international/international_general/2026/09/15/2QFZGNE53VGXZKFJQYUBF26DFU/,Chosunbiz,biz.chosun.com,미작성,미발행,,,,
8574dbfa16a46839,2026-09-15,경제 · 한국 주식,일반,"[AI MY 증시 전망] 美 반도체 쇼크 덮친 코스피…""하락 출발 전망""",네이버뉴스 등 3개 기사,"[AI MY 증시 전망] 美 반도체 쇼크 덮친 코스피…""하락 출발 전망""",https://www.newspim.com/news/view/20260915000041,네이버뉴스,newspim.com,"[ 증시 전망 대] 금리·유가·AI '삼중 악재'… 코스피 , 반도체 중심 추가 조...",http://www.newsroad.co.kr/news/articleView.html?idxno=64321,네이버뉴스,newsroad.co.kr,고유가·고금리 덮친 증시…코스피 3일째 하락 6684,https://www.hankyung.com/article/2026091439791,한국경제 | 뉴스 | 증권,hankyung.com,미작성,미발행,,,,
944bb20791715189,2026-09-15,경제 · 한국 주식,일반,"NH證 “삼성SDI, 미국 생산능력 확보와 ESS 수주 가시화… 목표가 73만원으로↑”",Chosunbiz 등 3개 기사,"NH證 “삼성SDI, 미국 생산능력 확보와 ESS 수주 가시화… 목표가 73만원으로↑”",https://biz.chosun.com/stock/stock_general/2026/09/15/BJP67HT6GBAXPLHCIIBC4PHB2Q/,Chosunbiz,biz.chosun.com,[클릭 e종목]기계설비 시평 1위의 저력…대규모 수주로 실적 가시성 올...,https://view.asiae.co.kr/article/2026091417153361807,네이버뉴스,view.asiae.co.kr,“LNG선 주문 폭주 ‘잭팟’ 터졌다”…삼성중공업 1.6조원 선박 수주,https://www.mk.co.kr/news/business/12151943,매일경제 : 기업/경영,mk.co.kr,미작성,미발행,,,,
937175bcd192f9ba,2026-09-15,경제 · 한국 주식,일반,"BNK證 “SK하이닉스, 메모리 반도체 가격 둔화·원화 강세에 하반기 실적 기대치 밑돌 것”",Chosunbiz 등 3개 기사,"BNK證 “SK하이닉스, 메모리 반도체 가격 둔화·원화 강세에 하반기 실적 기대치 밑돌 것”",https://biz.chosun.com/stock/stock_general/2026/09/15/CYO5RGCUYBBARHVLUTLQ5YDNFM/,Chosunbiz,biz.chosun.com,[Invest]원화 강세보다 무서운 환율 변동성…수출 기업 사업 계획도 '안갯...,https://www.investchosun.com/site/data/html_dir/2026/09/14/2026091480145.html,네이버뉴스,investchosun.com,"美 AI 속도조절론에 亞 반도체주 급락…삼성·SK하이닉스, 수요보다 ‘지...",https://sateconomy.co.kr/news/view/1065594374001997,네이버뉴스,sateconomy.co.kr,미작성,미발행,,,,
bd33f9dc297fd48e,2026-09-15,경제 · 한국 주식,일반,7월 전국 부동산 거래량 9.8%↓… 4개월 연속 감소,Chosunbiz 등 3개 기사,7월 전국 부동산 거래량 9.8%↓… 4개월 연속 감소,https://biz.chosun.com/real_estate/real_estate_general/2026/09/15/ATKLL6OA4JERPHXJHWKYL7JAA4/,Chosunbiz,biz.chosun.com,'AI 속도조절론' 악재…코스피 3거래일 연속 하락,http://mbnmoney.mbn.co.kr/news/view?news_no=MM1005921807,네이버뉴스,mbnmoney.mbn.co.kr,"[마감 시황] 코스피, 3.26% 내린 6,684.37 마감…3거래일 연속 하락",https://www.businesskorea.co.kr/news/articleView.html?idxno=276900,네이버뉴스,businesskorea.co.kr,미작성,미발행,,,,
c26af207542c0c66,2026-09-15,경제 · 한국 정책 이슈,일반,금융 권 생산적 금융 5년간 1560조원···7월까지 272조원 공급,네이버뉴스 등 3개 기사,금융 권 생산적 금융 5년간 1560조원···7월까지 272조원 공급,https://www.newsfreezone.co.kr/news/articleView.html?idxno=709236,네이버뉴스,newsfreezone.co.kr,금융 권 생산적 금융 5년간 1560조 공급…7월까지 272조 집행,https://www.etoday.co.kr/news/view/2625265,네이버뉴스,etoday.co.kr,"금융 권, 7월까지 생산적 금융 272조 공급…향후 5년간 1560조 투입",https://www.shinailbo.co.kr/news/articleView.html?idxno=5062118,네이버뉴스,shinailbo.co.kr,미작성,미발행,,,,
05f355aa2a4f1ece,2026-09-15,경제 · 한국 정책 이슈,일반,"[현장영상] 정점식 ""李정부, 폭력적 부동산정책 강요…장관 후보자만 예...",네이버뉴스 등 3개 기사,"[현장영상] 정점식 ""李정부, 폭력적 부동산정책 강요…장관 후보자만 예...",https://www.fnnews.com/news/202609150713417679,네이버뉴스,fnnews.com,시세차익 17억? 정부는 ' 부동산 정상화' 외치지만... 장관 후보자들 줄줄...,https://www.hankookilbo.com/news/article/A2026091415560005764?did=NA,네이버뉴스,hankookilbo.com,"홍지선 국토 장관 후보자, 주택 정책 ㆍ균형발전 ‘시험대’",https://www.dnews.co.kr/uhtml/view.jsp?idxno=202609141422044150939,네이버뉴스,dnews.co.kr,미작성,미발행,,,,
b48fea8246978300,2026-09-15,경제 · 한국 정책 이슈,일반,"30세 톰 홀랜드, 역대 전세계 1위 흥행 배우 등극 '20조 대기록' [Oh!llywood]",Chosunbiz 등 3개 기사,"30세 톰 홀랜드, 역대 전세계 1위 흥행 배우 등극 '20조 대기록' [Oh!llywood]",https://biz.chosun.com/entertainment/enter_general/2026/09/15/GIYTMOBSMUYDAMJRGQ4TSYLGGU/,Chosunbiz,biz.chosun.com,20代 평균 주담대 2억 첫 돌파 … 증가율은 30대 '최고',https://www.mk.co.kr/news/economy/12152465,매일경제 : 경제,mk.co.kr,"""공시가 30억 비거주 1주택 내년 종부세 1천204만 원""…429만 원↑",https://news.sbs.co.kr/news/endPage.do?news_id=N1008751123&plink=ORI&cooper=NAVER,네이버뉴스,news.sbs.co.kr,미작성,미발행,,,,
80d3e6fe23a2ccd6,2026-09-15,경제 · 한국 정책 이슈,일반,"""생산적 금융 , 실질적 내재화와 체계화 필요""",네이버뉴스 등 3개 기사,"""생산적 금융 , 실질적 내재화와 체계화 필요""",https://www.m-i.kr/news/articleView.html?idxno=1413919,네이버뉴스,m-i.kr,"신한은 현장 발굴, 우리는 목표 상향, iM뱅크는 보증 협업…생산적 금융 ...",https://www.raonnews.com/news/article.html?no=61114,네이버뉴스,raonnews.com,"금융 위 ""생산적 금융 공급 1560조원으로 확대...면책 방안도 추가 마련""",https://www.tfmedia.co.kr/news/article.html?no=207227,네이버뉴스,tfmedia.co.kr,미작성,미발행,,,,
a4a92ddde1ad2bc0,2026-09-15,경제 · 한국 정책 이슈,일반,"""200만원 패딩보다 낫다""…한여름에도 대박 난 '사모님 패션'",한국경제 | 뉴스 | 경제 등 3개 기사,"""200만원 패딩보다 낫다""…한여름에도 대박 난 '사모님 패션'",https://www.hankyung.com/article/2026091438651,한국경제 | 뉴스 | 경제,hankyung.com,"유안타證 “SK이노베이션, 3중 호재로 영업익 10조 예상…목표가 20만원 상향""",https://biz.chosun.com/stock/stock_general/2026/09/15/TB56LRDHDVFYLCVAQBLHSK2LMA/,Chosunbiz,biz.chosun.com,공시가 30억 비거주 1주택 2027년 종부세 429만원↑外 [한강로경제브리...,https://www.segye.com/newsView/20260913510750?OutUrl=naver,네이버뉴스,segye.com,미작성,미발행,,,,
8d099cfa750ae501,2026-09-15,경제 · 재테크,일반,은퇴 후 따박따박 들어옵니다…직장인들 퇴직 연금 국채 매입한다,네이버뉴스 등 3개 기사,은퇴 후 따박따박 들어옵니다…직장인들 퇴직 연금 국채 매입한다,https://biz.sbs.co.kr/article_hub/20000334556?division=NAVER,네이버뉴스,biz.sbs.co.kr,“월급 끊겨도 매달 400만원 들어옵니다”...은퇴 앞둔 직장인이 알아야...,https://www.mk.co.kr/article/12151487,네이버뉴스,mk.co.kr,"IM증권, ""ETF 고객님 모셔라""… 절세 계좌·퇴직 연금 이벤트 진행",https://www.goodkyung.com/news/articleView.html?idxno=291374,네이버뉴스,goodkyung.com,미작성,미발행,,,,
48d1f4c7edf4abfb,2026-09-15,경제 · 재테크,일반,“퇴직금 10년 묵혀도 소용없다”… 연금 수령 절세 법 [머니 트레이스],네이버뉴스 등 3개 기사,“퇴직금 10년 묵혀도 소용없다”… 연금 수령 절세 법 [머니 트레이스],https://www.sedaily.com/article/20090094?ref=naver,네이버뉴스,sedaily.com,퇴직연금 500조 시대…AI 시대의 연금 투자 법에 답하다,https://www.news1.kr/life-culture/book/6286920,네이버뉴스,news1.kr,같은 듯 같지 않은 퇴직금·퇴직 연금 …어떻게 다른가 [이병희의 연금 술...,https://economist.co.kr/article/view/ecn202609110037,네이버뉴스,economist.co.kr,미작성,미발행,,,,
0123fb5a44999468,2026-09-15,경제 · 재테크,일반,[속보] 10년물 미국채 수익률 5% 돌파…2023년 10월 이후 처음,한국경제 | 뉴스 | 경제 등 3개 기사,[속보] 10년물 미국채 수익률 5% 돌파…2023년 10월 이후 처음,https://www.hankyung.com/article/202609144289i,한국경제 | 뉴스 | 경제,hankyung.com,"“1993년에 가입” 송은이, '33년째 이자율 20% 적금' 유지…누적 수익률...",https://www.wikitree.co.kr/articles/1158553,네이버뉴스,wikitree.co.kr,"“ELS 100개 중 98개 수익, 큰 손실 피하는 게 관건”",https://www.donga.com/news/Economy/article/all/20260908/134629905/2,네이버뉴스,donga.com,미작성,미발행,,,,
25e31c7144a2ab98,2026-09-15,경제 · 재테크,일반,"""취소했는데 멋대로 체결""…증권사 앱 장애에 투자자 '분통'",한국경제 | 뉴스 | 증권 등 3개 기사,"""취소했는데 멋대로 체결""…증권사 앱 장애에 투자자 '분통'",https://www.hankyung.com/article/202609142432i,한국경제 | 뉴스 | 증권,hankyung.com,[여의도단신]한국 투자 증권·NH 투자 증권·미래에셋자산운용,https://www.imaeil.com/page/view/2026091014095892251,네이버뉴스,imaeil.com,"[증권 & Now] 한국 투자 증권, '피델리티·핌코·칼라일'과 전략적 협력 등",https://www.ebn.co.kr/news/articleView.html?idxno=1723780,네이버뉴스,ebn.co.kr,미작성,미발행,,,,
d58b2d65b375875b,2026-09-15,경제 · 부동산,일반,"홍지선 ""실수요자 우선 공급···부동산 세제개편 공감""",네이버뉴스 등 3개 기사,"홍지선 ""실수요자 우선 공급···부동산 세제개편 공감""",https://www.seoulfn.com/news/articleView.html?idxno=637944,네이버뉴스,seoulfn.com,"홍지선 ""부동산 세제개편 방향성 공감…실수요자 우선공급 필요""(종합)",https://www.yna.co.kr/view/AKR20260914058251003?input=1195m,네이버뉴스,yna.co.kr,"홍지선 ""주택, 실수요자 우선 공급돼야…공공임대 지속 확충""(종합)",https://news.einfomax.co.kr/news/articleView.html?idxno=4434762,네이버뉴스,news.einfomax.co.kr,미작성,미발행,,,,
81c646543d3fe502,2026-09-15,경제 · 부동산,일반,성수동 트리마제 2번 유찰…세제개편안에 고가 아파트 경매 시장 ‘찬바...,네이버뉴스 등 3개 기사,성수동 트리마제 2번 유찰…세제개편안에 고가 아파트 경매 시장 ‘찬바...,https://www.munhwa.com/article/11616912?ref=naver,네이버뉴스,munhwa.com,유찰 늘고 낙찰가율도 하락…고가 아파트 경매 시장 '찬바람',https://www.yna.co.kr/view/AKR20260913016400003?input=1195m,네이버뉴스,yna.co.kr,"서울 아파트 '거래·가격 괴리' 커진다… 거래 위축에도 가격 상승, 시장 ...",https://www.newscj.com/news/articleView.html?idxno=3432441,네이버뉴스,newscj.com,미작성,미발행,,,,
8f25e154d07222bb,2026-09-15,경제 · 부동산,일반,국세청 부동산 세법 질의 급증… 양도세 관련 문의 작년 동기 대비 2배,네이버뉴스 등 3개 기사,국세청 부동산 세법 질의 급증… 양도세 관련 문의 작년 동기 대비 2배,https://www.cbci.co.kr/news/articleView.html?idxno=606514,네이버뉴스,cbci.co.kr,국세청 부동산 세법 질의 급증… 양도세 는 작년 동기의 2배,https://www.yna.co.kr/view/AKR20260913026000002?input=1195m,네이버뉴스,yna.co.kr,부동산 세법 질의 급증… 양도세 는 1년 새 2배,https://www.newscj.com/news/articleView.html?idxno=3432392,네이버뉴스,newscj.com,미작성,미발행,,,,
ece2d5e0c286a2a8,2026-09-15,경제 · 부동산,일반,[서울광장] 신뢰 잃고 집값 잡을 수 있나,네이버뉴스 등 3개 기사,[서울광장] 신뢰 잃고 집값 잡을 수 있나,https://www.seoul.co.kr/news/editOpinion/seoul-plaza/2026/09/15/20260915026002?wlog_tag3=naver,네이버뉴스,seoul.co.kr,"서울 집값 '키 맞추기'···광명 추월, 성북·중랑 '바짝'",https://www.smartbizn.com/news/articleView.html?idxno=153750,네이버뉴스,smartbizn.com,"文정부 '85주 상승' 기록 코앞⋯전문가 ""서울 아파트값 더 오른다"" [집값...",https://www.etoday.co.kr/news/view/2624582,네이버뉴스,etoday.co.kr,미작성,미발행,,,,
069e27f494157a75,2026-09-15,경제 · 부동산,일반,"[경제톡톡] 잠자는 청약 통장, 어떻게 활용할까?",네이버뉴스 등 3개 기사,"[경제톡톡] 잠자는 청약 통장, 어떻게 활용할까?",https://news.kbs.co.kr/news/pc/view/view.do?ncd=8663108&ref=A,네이버뉴스,news.kbs.co.kr,"'유명무실' 청약 통장, 올해 8.2조 해지…국정감사 도마위",https://www.sidae.com/article/2026091414021139743,네이버뉴스,sidae.com,청약 통장 이탈 가속…흔들리는 '내 집 마련' 사다리,https://www.mstoday.co.kr/news/articleView.html?idxno=102586,네이버뉴스,mstoday.co.kr,미작성,미발행,,,,
f02bdbcace1563b7,2026-09-15,경제 · 미국 주식,일반,美 국채금리 결국 5% 뚫었다…3년 만에 최고,네이버뉴스 등 3개 기사,美 국채금리 결국 5% 뚫었다…3년 만에 최고,https://www.dailian.co.kr/news/view/1690331/?sc=Naver,네이버뉴스,dailian.co.kr,[투자노트] 세계 최고 ‘안전자산’ 美 10년 국채 금리가 5%,https://biz.chosun.com/about-investing/2026/09/15/G545Q5Z3ANEUNKA3ZD5GBK6RC4/,Chosunbiz,biz.chosun.com,"""2년 만에 최고치 치솟은 운임비""…성수기 겹친 해운주, 주가 상승할까",https://www.hankyung.com/article/202609143603i,한국경제 | 뉴스 | 증권,hankyung.com,미작성,미발행,,,,
8fe03aeeee97d4f6,2026-09-15,경제 · 미국 주식,일반,"‘억대 주식 ’ 가진 미성년자?…10살 미만 주주, 보유액만 1조8천억원",네이버뉴스 등 3개 기사,"‘억대 주식 ’ 가진 미성년자?…10살 미만 주주, 보유액만 1조8천억원",https://www.kyeonggi.com/article/20260915580025,네이버뉴스,kyeonggi.com,1억원 이상 보유 ‘미성년 주주’ 1년 만에 2배로,https://biz.chosun.com/stock/stock_general/2026/09/15/ME3WMM3FG4ZDQMTGGFQWKZJYME/,Chosunbiz,biz.chosun.com,미성년 ' 주식 큰손' 급증…1억원 이상 보유자 5400명,https://www.ebn.co.kr/news/articleView.html?idxno=1724235,네이버뉴스,ebn.co.kr,미작성,미발행,,,,
8b84af7e7c5e0ca7,2026-09-15,경제 · 미국 주식,일반,"[해외시황] 뉴욕증시, AI 속도조절론·국채금리 상승에 '하락'…나스닥...",네이버뉴스 등 3개 기사,"[해외시황] 뉴욕증시, AI 속도조절론·국채금리 상승에 '하락'…나스닥...",http://www.newsprime.co.kr/news/article.html?no=747692,네이버뉴스,newsprime.co.kr,'AI 속도조절론'에 국채금리 상승…뉴욕 증시 일제히 하락,https://www.newsway.co.kr/news/view?ud=2026091507150191848,네이버뉴스,newsway.co.kr,美 국채 금리·유가 상승·AI 개발 속도 조절론에 뉴욕증시 일제히 하락 마감,https://biz.chosun.com/international/international_economy/2026/09/15/LABA7LTJBRCNZFQSMYQ6GKYJXI/,Chosunbiz,biz.chosun.com,미작성,미발행,,,,
a5e277e79a012677,2026-09-15,경제 · 미국 주식,일반,"[모닝 리포트] ""코스피 급락 선반영…낙폭 만회 전망 """,네이버뉴스 등 3개 기사,"[모닝 리포트] ""코스피 급락 선반영…낙폭 만회 전망 """,https://www.newspim.com/news/view/20260915000085,네이버뉴스,newspim.com,"[굿모닝 증시 ]美, 낙폭 축소 마감…韓 증시 도 전일 급락분 만회 전망",https://view.asiae.co.kr/article/2026091508024155642,네이버뉴스,view.asiae.co.kr,"[마켓프리뷰] AI 속도조절론에 美 반도체 급락…코스피, 낙폭 키울까",https://www.ajunews.com/view/20260915082550700,네이버뉴스,ajunews.com,미작성,미발행,,,,
a30d2ccbc46b7284,2026-09-15,경제 · 미국 주식,일반,5% 뚫은 美국채 vs AI 규제론… 증시 흔드는 진짜 공포는?,네이버뉴스 등 3개 기사,5% 뚫은 美국채 vs AI 규제론… 증시 흔드는 진짜 공포는?,https://www.wowtv.co.kr/NewsCenter/News/Read?articleId=A202609150152&t=NNv,네이버뉴스,wowtv.co.kr,美 국채 금리 ·유가 상승에 뉴욕 증시 하락…나스닥 0.56%↓,https://www.ziksir.com/news/articleView.html?idxno=146405,네이버뉴스,ziksir.com,[ 미국 뉴욕 증시 ] 美 국채금리·유가·AI 우려 삼중고…다우존스·S&P500·...,https://www.lecturernews.com/news/articleView.html?idxno=210614,네이버뉴스,lecturernews.com,미작성,미발행,,,,
66ed1805e28f246b,2026-09-15,건강 · 최신 이슈,일반,[비바100] 독감에 코로나까지 다시 꿈틀⋯가을 ‘트윈데믹’ 비상,네이버뉴스 등 3개 기사,[비바100] 독감에 코로나까지 다시 꿈틀⋯가을 ‘트윈데믹’ 비상,https://www.viva100.com/article/20260913500725,네이버뉴스,viva100.com,"벌써 독감 유행, 코로나19까지 트윈데믹 우려…예방접종 서둘러야",https://www.news1.kr/bio/welfare-medical/6290206,네이버뉴스,news1.kr,"독감·코로나 동시 유행 트윈데믹 경고등...건협 인천, 환절기 대유행 ...",http://www.incheonnews.com/news/articleView.html?idxno=440435,네이버뉴스,incheonnews.com,미작성,미발행,,,,
51d58d8c650d1eb6,2026-09-15,건강 · 최신 이슈,일반,"[단독] 당뇨 없는 84세 노모 약봉투에 ‘혈당강하제’⋯간호사가 찾아낸 조제 오류 / 영양제 너무 많이 먹었더니… 과잉 섭취는 위험해! [코메디닷컴 X 종근당건강] / “한쪽 눈은 잘 보여 몰랐는데”⋯‘부등시’, 아이 땐 시력 발달 막아 약시 위험",코메디닷컴 등 3개 기사,"[단독] 당뇨 없는 84세 노모 약봉투에 ‘혈당강하제’⋯간호사가 찾아낸 조제 오류 / 영양제 너무 많이 먹었더니… 과잉 섭취는 위험해! [코메디닷컴 X 종근당건강] / “한쪽 눈은 잘 보여 몰랐는데”⋯‘부등시’, 아이 땐 시력 발달 막아 약시 위험",https://kormedi.com/2866423/,코메디닷컴,kormedi.com,"1형 당뇨병환자 형제·자매, 발병 위험 10배 이상 높다",http://www.docdocdoc.co.kr/news/articleView.html?idxno=3042739,청년의사 - 전체기사,docdocdoc.co.kr,"소아 1형 당뇨, 형제·자매 발병 위험 10배 높다",http://www.medisobizanews.com/news/articleView.html?idxno=142161,네이버뉴스,medisobizanews.com,미작성,미발행,,,,
0e99697e2c90e202,2026-09-15,건강 · 최신 이슈,일반,"[WIKI 현장] LG 엑사원, 제조·과학·금융 분야 전방위 확산…""단 1% 예외...",네이버뉴스 등 3개 기사,"[WIKI 현장] LG 엑사원, 제조·과학·금융 분야 전방위 확산…""단 1% 예외...",http://www.wikileaks-kr.org/news/articleView.html?idxno=192005,네이버뉴스,wikileaks-kr.org,"LG, '전문가 AI' 공개…제조·금융·과학 전방위 확산",https://www.businesskorea.co.kr/news/articleView.html?idxno=276819,네이버뉴스,businesskorea.co.kr,"LG, 제조·금융·과학 특화 '엑사원 전문가 AI' 공개(종합)",https://news.einfomax.co.kr/news/articleView.html?idxno=4434730,네이버뉴스,news.einfomax.co.kr,미작성,미발행,,,,
58eece40654b93b9,2026-09-15,건강 · 최신 이슈,일반,"LG AI연구원 , 'AI 토크 콘서트 2026'서 전문가 AI 공개",네이버뉴스 등 3개 기사,"LG AI연구원 , 'AI 토크 콘서트 2026'서 전문가 AI 공개",https://www.irobotnews.com/news/articleView.html?idxno=48485,네이버뉴스,irobotnews.com,"LG, AI 토크 콘서트 2026 개최…제조·금융·과학 '전문가 AI' 전격 공개",http://www.beyondpost.co.kr/view.php?ud=202609141435163033be44c0aacd_30,네이버뉴스,beyondpost.co.kr,"LG, ‘AI 토크 콘서트 2026’.. 제조·금융·과학 분야 전문가 AI 공개로...",http://www.globalepic.co.kr/view.php?ud=20260914115901122548439a4874_29,네이버뉴스,globalepic.co.kr,미작성,미발행,,,,
b0df4a2160191b63,2026-09-15,건강 · 최신 이슈,일반,"GC녹십자의료재단, KOICA 케냐 보건부 초청연수 진행",청년의사 - 전체기사 등 3개 기사,"GC녹십자의료재단, KOICA 케냐 보건부 초청연수 진행",http://www.docdocdoc.co.kr/news/articleView.html?idxno=3042753,청년의사 - 전체기사,docdocdoc.co.kr,"GC녹십자의료재단, KOICA 케냐 보건부 초청연수 개시",https://www.sentv.co.kr/article/view/sentv202609140029,네이버뉴스,sentv.co.kr,"롯데바이오로직스·GC녹십자의료재단, 글로벌 바이오 행사 참가·KOICA 케...",http://www.wsobi.com/news/articleView.html?idxno=318102,네이버뉴스,wsobi.com,미작성,미발행,,,,
e295b9327202b26d,2026-09-15,건강 · 최신 이슈,연예인 건강,"전원주 유튜브 채널 제작진 하차…""출연료 인상 정당한 권리"" vs ""민폐 수...",네이버뉴스 등 3개 기사,"전원주 유튜브 채널 제작진 하차…""출연료 인상 정당한 권리"" vs ""민폐 수...",https://www.fnnews.com/news/202609150802425090,네이버뉴스,fnnews.com,"전원주 ‘돈 난리’ 제작진 하차 실체 “큰 수익 없는 채널, 정당한 권...",https://www.newsen.com/news_view.php?uid=202609150520532110,네이버뉴스,newsen.com,"[TOP이슈] ""그놈의 돈돈돈""…전원주, 유튜브 제작진 하차 전말?",https://www.topstarnews.net/news/articleView.html?idxno=16194012,네이버뉴스,topstarnews.net,미작성,미발행,,,,
91f5524dd716b9f9,2026-09-15,건강 · 최신 이슈,연예인 건강,‘재일교포 4세’ 나카무라 유리 별세…직장암 투병 끝 향년 44세,네이버뉴스 등 3개 기사,‘재일교포 4세’ 나카무라 유리 별세…직장암 투병 끝 향년 44세,https://sports.khan.co.kr/article/202609150835003?pt=nv,네이버뉴스,sports.khan.co.kr,"'재일교포 4세' 나카무라 유리, 직장암 투병 끝 사망…향년 44세 [엑's 재...",https://www.xportsnews.com/article/2195590,네이버뉴스,xportsnews.com,"재일교포 배우 나카무라 유리, 직장암 투병 끝 별세…항년 44세 [IS해외연...",https://isplus.com/article/view/isp202609140187,네이버뉴스,isplus.com,미작성,미발행,,,,
8adeebf2f8da059c,2026-09-15,건강 · 생활 건강 정보,일반,"일교차 커지는 환절기, 호흡기 질환 대비하려면 면역력 관리부터",네이버뉴스 등 3개 기사,"일교차 커지는 환절기, 호흡기 질환 대비하려면 면역력 관리부터",https://www.hemophilia.co.kr/news/articleView.html?idxno=44450,네이버뉴스,hemophilia.co.kr,"일교차 큰 가을 환절기 면역력, 건강 검진으로 관리",http://www.medisobizanews.com/news/articleView.html?idxno=142176,네이버뉴스,medisobizanews.com,"양천구, 심뇌혈관 질환 관리 돕는다…레드서클 캠페인",https://www.newsis.com/view/NISX20260913_0003787167,네이버뉴스,newsis.com,미작성,미발행,,,,
6bdb921656b9dbe5,2026-09-15,건강 · 생활 건강 정보,일반,"영양사가 꼽은 의외의 땅콩 효능 5가지... ""혈압·콜레스테롤·염증 위험...",네이버뉴스 등 3개 기사,"영양사가 꼽은 의외의 땅콩 효능 5가지... ""혈압·콜레스테롤·염증 위험...",https://news.hidoc.co.kr/news/articleView.html?idxno=67416,네이버뉴스,news.hidoc.co.kr,“‘이렇게’ 운동하면 관절 다쳐요”…의외의 운동 습관 4가지,https://kormedi.com/2865241/,코메디닷컴,kormedi.com,“ 콜레스테롤 수치 낮추는 확실한 효과”… 하버드에서 밝힌 3가지 음식,https://health.chosun.com/site/data/html_dir/2026/09/09/2026090902107.html,네이버뉴스,health.chosun.com,미작성,미발행,,,,
9274472bf2a190b1,2026-09-15,건강 · 생활 건강 정보,일반,"노인 3명 중 1명 이상, 어지럼·평형 이상… 재활 운동 으로 개선 가능",네이버뉴스 등 3개 기사,"노인 3명 중 1명 이상, 어지럼·평형 이상… 재활 운동 으로 개선 가능",https://www.kmib.co.kr/article/view.asp?arcid=9000011994&cp=nv,네이버뉴스,kmib.co.kr,[한궁 20년②] 한궁과 노인 건강 …확실한 검증으로 가능성 높여야,http://kor.theasian.asia/archives/415418,네이버뉴스,kor.theasian.asia,심장 이상 먼저 읽는 갤워치…'가족 건강 안전망'으로 확장한다,https://www.apnews.kr/news/articleView.html?idxno=3051136,네이버뉴스,apnews.kr,미작성,미발행,,,,
21c2f0ad53dbb612,2026-09-15,건강 · 생활 건강 정보,일반,"[오늘의 별자리 운세] 9월 15일 총운…일은 밀고, 감정·지출은 선 넘지...",네이버뉴스 등 3개 기사,"[오늘의 별자리 운세] 9월 15일 총운…일은 밀고, 감정·지출은 선 넘지...",https://www.topstarnews.net/news/articleView.html?idxno=16193286,네이버뉴스,topstarnews.net,[오늘의 운세] 2026년 9월 12일 별자리 운세,https://www.hankyung.com/article/2026083124237,네이버뉴스,hankyung.com,오늘의 운세 띠별 운세 9월11일,https://www.bntnews.co.kr/article/view/bnt202609100191,네이버뉴스,bntnews.co.kr,미작성,미발행,,,,
0696e4491b9395ad,2026-09-15,건강 · 생활 건강 정보,일반,[국가공헌대상] 식품의약품안전처 처장상 상벨 | 건강 할 때부터 관리…...,네이버뉴스 등 3개 기사,[국가공헌대상] 식품의약품안전처 처장상 상벨 | 건강 할 때부터 관리…...,https://economychosun.com/site/data/html_dir/2026/09/12/2026091200004.html,네이버뉴스,economychosun.com,3개월 남은 2026년 … 가을 지나기 전 국가 건강 검진 및 암 검진받는 게 ...,http://www.medisobizanews.com/news/articleView.html?idxno=142184,네이버뉴스,medisobizanews.com,"애플워치가 알려주는 ‘오늘의 컨디션’…AI 건강 관리, 병원 밖 일상으...",http://coinreaders.com/258008,네이버뉴스,coinreaders.com,미작성,미발행,,,,
a24c382213bba8c8,2026-09-14,패션뷰티,일반,화장품 수입 줄어도 K-뷰티는 고공행진…美 '질주' 英·佛 '성장',네이버뉴스 등 3개 기사,화장품 수입 줄어도 K-뷰티는 고공행진…美 '질주' 英·佛 '성장',https://www.news1.kr/industry/general-industry/6287488,네이버뉴스,news1.kr,[가보니] “ 화장품 설명은 약사에게” 홍대서 실험 나선 무신사 뷰티,https://www.ekn.kr/web/view.php?key=20260913023523572,네이버뉴스,ekn.kr,"""뷰티의 경계가 넓어진다""... 틈새공략 아이템들 눈길 [최기자의 화장품 ...",https://www.meconomynews.com/news/articleView.html?idxno=201546,네이버뉴스,meconomynews.com,미작성,미발행,,,,
42262de44d62bb73,2026-09-14,패션뷰티,일반,"코스맥스, 바쿠치올 고형제 기술 개발…주름개선 기능성 화장품 허가 획...",네이버뉴스 등 3개 기사,"코스맥스, 바쿠치올 고형제 기술 개발…주름개선 기능성 화장품 허가 획...",http://www.thefirstmedia.net/news/articleView.html?idxno=208442,네이버뉴스,thefirstmedia.net,"코스맥스, 바쿠치올 스틱형 주름개선 화장품 식약처 허가",https://www.viva100.com/article/20260911500884,네이버뉴스,viva100.com,"코스맥스, '바쿠치올 스틱' 주름개선 화장품 허가 획득",http://www.smarttimes.co.kr/news/articleView.html?idxno=48920,네이버뉴스,smarttimes.co.kr,미작성,미발행,,,,
dfdfb388ab8ade04,2026-09-14,패션뷰티,일반,"무신사, 약국 품은 ‘파머시 뷰티’… K뷰티 유통 판 넓힐까",네이버뉴스 등 3개 기사,"무신사, 약국 품은 ‘파머시 뷰티’… K뷰티 유통 판 넓힐까",https://www.viva100.com/article/20260911500785,네이버뉴스,viva100.com,약국 품은 '무신사 뷰티 홍대'…K뷰티 성지 될까,http://www.mkhealth.co.kr/news/articleView.html?idxno=80032,네이버뉴스,mkhealth.co.kr,"K뷰티, 브라질 '세포라·소네다·RD 사우데' 물꼬 텄다…현지 유통망 속...",https://www.theguru.co.kr/news/article.html?no=106945,네이버뉴스,theguru.co.kr,미작성,미발행,,,,
79b14327d364067a,2026-09-14,패션뷰티,일반,"""명절 선물로도 실하네""...뷰티업계, 추석 맞이 기획세트 잇단 출시",네이버뉴스 등 3개 기사,"""명절 선물로도 실하네""...뷰티업계, 추석 맞이 기획세트 잇단 출시",https://www.youthdaily.co.kr/news/article.html?no=226911,네이버뉴스,youthdaily.co.kr,추석 선물도 이제는 '뷰티 시대' [최기자의 화장품 털기],https://www.meconomynews.com/news/articleView.html?idxno=201543,네이버뉴스,meconomynews.com,"풍성하게 추석준비…""소중한 마음을 선물 하세요""",https://www.asiatoday.co.kr/kn/view.php?key=20260910010004074,네이버뉴스,asiatoday.co.kr,미작성,미발행,,,,
a36d79c2223a3dbd,2026-09-14,카테크 · 자동차,일반,현대차는 美서 '하이브리드'·기아는 유럽서 ' 전기차 ' 질주,네이버뉴스 등 3개 기사,현대차는 美서 '하이브리드'·기아는 유럽서 ' 전기차 ' 질주,https://www.jnilbo.com/news/articleView.html?idxno=90000065019,네이버뉴스,jnilbo.com,"현대차는 미국 하이브리드, 기아는 유럽 전기차 ‘질주’",http://mbnmoney.mbn.co.kr/news/view?news_no=MM1005921231,네이버뉴스,mbnmoney.mbn.co.kr,현대차 하이브리드 대미수출 70%↑…기아는 유럽 전기차 45%↑,https://www.yna.co.kr/view/AKR20260913058600003?input=1195m,네이버뉴스,yna.co.kr,미작성,미발행,,,,
b623c33e5ee2cb4e,2026-09-14,카테크 · 자동차,일반,정송주 기아 행복대리점 CEO '호타준족'…판매 달인에서 경영도 탁월,네이버뉴스 등 3개 기사,정송주 기아 행복대리점 CEO '호타준족'…판매 달인에서 경영도 탁월,https://www.koreareport.co.kr/news/articleView.html?idxno=52881,네이버뉴스,koreareport.co.kr,"13개월 만에 고지 넘었다..기아 PV5, 글로벌 누적 판매 5만대 돌파",https://kpenews.com/View.aspx?No=4224612,네이버뉴스,kpenews.com,"기아 PV5, 글로벌 누적 판매 5만대 돌파…해외 비중 60%",https://www.mediapen.com/news/view/1123159,네이버뉴스,mediapen.com,미작성,미발행,,,,
bc52847de9f24cda,2026-09-14,카테크 · 자동차,일반,"올해 7월까지 자동차 수출 보니…현대차는 미국향 하이브리드차 70%↑, ...",네이버뉴스 등 3개 기사,"올해 7월까지 자동차 수출 보니…현대차는 미국향 하이브리드차 70%↑, ...",https://www.khan.co.kr/article/202609140733001,네이버뉴스,khan.co.kr,"현대차·기아차, 친환경차 수출 성장세...현대 하이브리드 대미수출 70%...",https://www.jasm.co.kr/news/articleView.html?idxno=314427,네이버뉴스,jasm.co.kr,"중국, 2030년 신에너지차 비중 70% 목표… 자동차 산업 강국화 5개년 계...",https://www.g-enews.com/view.php?ud=2026091323115456562bd56fbc3c_1,네이버뉴스,g-enews.com,미작성,미발행,,,,
895cc41572d3f8db,2026-09-14,카테크 · 자동차,일반,"""이번엔 진짜겠지?"" 테슬라 로드스터 10월1일 공개⋯9년 만에 다시 출격",네이버뉴스 등 3개 기사,"""이번엔 진짜겠지?"" 테슬라 로드스터 10월1일 공개⋯9년 만에 다시 출격",https://www.autodaily.co.kr/news/articleView.html?idxno=600399,네이버뉴스,autodaily.co.kr,"기아 PV5, 출시 13개월 만에 5만대 돌파…내년 PV7 출격",https://www.dt.co.kr/article/12083562?ref=naver,네이버뉴스,dt.co.kr,"10대 중 6대는 해외로... 기아 PV5, 출시 13개월 만에 5만대 넘게 팔렸다",https://www.insight.co.kr/news/573203,네이버뉴스,insight.co.kr,미작성,미발행,,,,
4f039eeb6e1cac87,2026-09-14,카테크 · IT,일반,"애플 신제품 특수 본격화… 韓 디스플레이, 하반기 영업익 4조 원 육박",네이버뉴스 등 3개 기사,"애플 신제품 특수 본격화… 韓 디스플레이, 하반기 영업익 4조 원 육박",https://www.cbci.co.kr/news/articleView.html?idxno=606368,네이버뉴스,cbci.co.kr,애플 공급망 탄 K디스플레이… 실적 반등 청신호,https://www.kmib.co.kr/article/view.asp?arcid=9000011599&cp=nv,네이버뉴스,kmib.co.kr,'삼성vs애플' 신제품 만큼 치열해지는 SNS 속 신경전,https://www.asiatoday.co.kr/kn/view.php?key=20260913010004770,네이버뉴스,asiatoday.co.kr,미작성,미발행,,,,
554b1f3c7f35cb73,2026-09-14,카테크 · IT,일반,"마크 거먼 “아이폰 듀오, 폴더블폰 ‘새 표준’ 만들 것”",네이버뉴스 등 3개 기사,"마크 거먼 “아이폰 듀오, 폴더블폰 ‘새 표준’ 만들 것”",https://www.g-enews.com/view.php?ud=2026091408282919879a1f309431_1,네이버뉴스,g-enews.com,"[아이!써치] 폴더블폰, 관심은 커졌는데 '가격고민'[카드뉴스]",http://www.inews24.com/view/2005052,네이버뉴스,inews24.com,애플이 아이폰 듀오를 “침대맡 알람시계”로 홍보했지만 수면 전문가들...,https://www.wikitree.co.kr/articles/1159239,네이버뉴스,wikitree.co.kr,미작성,미발행,,,,
b16c61f3150ceb14,2026-09-14,카테크 · IT,일반,"로제 아이폰 셀피에 삼성전자 공식 계정이 댓글…""진짜 휴대전화 필요하...",네이버뉴스 등 3개 기사,"로제 아이폰 셀피에 삼성전자 공식 계정이 댓글…""진짜 휴대전화 필요하...",https://www.ebn.co.kr/news/articleView.html?idxno=1724057,네이버뉴스,ebn.co.kr,아이폰 든 로제에 삼성 ‘도발’…“ 폰 필요하면 우리한테 물어보지”,https://www.kyeonggi.com/article/20260913580360,네이버뉴스,kyeonggi.com,“갤럭시 모델이었는데” 로제 아이폰에 삼성의 말,https://www.munhwa.com/article/11616619?ref=naver,네이버뉴스,munhwa.com,미작성,미발행,,,,
677333b0593fc357,2026-09-14,카테크 · IT,일반,[아이!써치] 폴더블 대중화 기대 커졌지만…300만원대 가격은 '장벽'[종...,네이버뉴스 등 3개 기사,[아이!써치] 폴더블 대중화 기대 커졌지만…300만원대 가격은 '장벽'[종...,http://www.inews24.com/view/2004952,네이버뉴스,inews24.com,아이폰18·첫 폴더블 효과 본격화…삼성·LGD OLED 실적 기대 커진다,https://www.jnilbo.com/news/articleView.html?idxno=90000064800,네이버뉴스,jnilbo.com,‘아이폰 듀오’ 등 애플 신제품 출격에…삼성·LG 실적 기대감,http://www.newstomato.com/ReadNews.aspx?no=1313490&inflow=N,네이버뉴스,newstomato.com,미작성,미발행,,,,
e33df738e26ba57d,2026-09-14,카테크 · IT,일반,7년 늦은 애플 폴더블…삼성보다 100만원 비싸고 53g 무겁다,네이버뉴스 등 3개 기사,7년 늦은 애플 폴더블…삼성보다 100만원 비싸고 53g 무겁다,https://www.cstimes.com/news/articleView.html?idxno=720367,네이버뉴스,cstimes.com,애플 첫 폴더블 나오자 삼성의 한 수... '팀 쿡'이 갤럭시 Z 폴드8 들었다...,https://www.insight.co.kr/news/573229,네이버뉴스,insight.co.kr,"[아이!써치] ② 애플까지 폴더블 참전…소비자 63% ""대중화될 것""",http://www.inews24.com/view/2004951,네이버뉴스,inews24.com,미작성,미발행,,,,
69ab05a6e0e045c8,2026-09-14,스포츠,일반,"츠베레프, 프랑스오픈 이어 US오픈도 석권 '메이저 2관왕'",스포츠 - SBS 뉴스 섹션 등 3개 기사,"츠베레프, 프랑스오픈 이어 US오픈도 석권 '메이저 2관왕'",https://news.sbs.co.kr/news/endPage.do?news_id=N1008751228&plink=RSSLINK&cooper=RSSREADER,스포츠 - SBS 뉴스 섹션,news.sbs.co.kr,"테니스 츠베레프, US오픈 우승…역대 4번째 한해 '첫 메이저 2관왕'",https://www.newsis.com/view/NISX20260914_0003787629,스포츠,newsis.com,"리바키나, US오픈 우승…시즌 메이저 2관왕 달성",https://www.yonhapnewstv.co.kr/news/MYH20260914055014TE7,연합뉴스TV :: 대한민국 뉴스의 시작. 채널 23 » 스포츠,yonhapnewstv.co.kr,미작성,미발행,,,,
f5302bc1a2c8cfbb,2026-09-14,스포츠,일반,"애틀랜타 김하성, 2타수 무안타 2볼넷",스포츠 - SBS 뉴스 섹션 등 3개 기사,"애틀랜타 김하성, 2타수 무안타 2볼넷",https://news.sbs.co.kr/news/endPage.do?news_id=N1008751222&plink=RSSLINK&cooper=RSSREADER,스포츠 - SBS 뉴스 섹션,news.sbs.co.kr,"애틀랜타 김하성, 2타수 무안타 2볼넷…4경기 연속 출루",https://www.yna.co.kr/view/AKR20260914014000007?input=1195m,네이버뉴스,yna.co.kr,"'선발 복귀' 김하성, 볼넷 출루해 1득점…애틀랜타, 12-2 대승",https://www.newsis.com/view/NISX20260913_0003787192,스포츠,newsis.com,미작성,미발행,,,,
ed7779f73094f3a3,2026-09-14,스포츠,일반,아시안게임 야구 대표팀 감독 누구?…신한 쏠퀴즈·퀴즈팡팡 9월 14일 정...,네이버뉴스 등 3개 기사,아시안게임 야구 대표팀 감독 누구?…신한 쏠퀴즈·퀴즈팡팡 9월 14일 정...,https://www.wikitree.co.kr/articles/1159279,네이버뉴스,wikitree.co.kr,"한국 U-18 야구 대표팀, 일본 꺾고 아시아 정상…8년 만에 우승",https://www.kado.net/news/articleView.html?idxno=2072382,네이버뉴스,kado.net,"모레노 임시 감독 입국…""대표팀, 다시 자랑스럽게""",https://news.sbs.co.kr/news/endPage.do?news_id=N1008750822&plink=RSSLINK&cooper=RSSREADER,스포츠 - SBS 뉴스 섹션,news.sbs.co.kr,미작성,미발행,,,,
e7be3bfb220191c5,2026-09-14,스포츠,일반,"구단 역대 3번째 퓨처스 완봉승, 토미 존 수술+부진이 전화위복 됐다 “...",네이버뉴스 등 3개 기사,"구단 역대 3번째 퓨처스 완봉승, 토미 존 수술+부진이 전화위복 됐다 “...",http://www.osen.co.kr/article/G1112875361,네이버뉴스,osen.co.kr,"'선발 변신' 키움 김성진, 퓨처스 한화전 9이닝 완봉승…구단 역대 3번째",https://www.newsis.com/view/NISX20260913_0003787404,스포츠,newsis.com,하루 쉬고 日에 완봉승…최동원인가? 부산고 하현승 역대급 투수 탄생하...,https://www.seoul.co.kr/news/sport/baseball/2026/09/14/20260914500005?wlog_tag3=naver,네이버뉴스,seoul.co.kr,미작성,미발행,,,,
2c3de79fc2c063b5,2026-09-14,스포츠,일반,"'이강인 조기 교체' ATM, 소시에다드에 완승…""갇힌 듯 보였다""",연합뉴스TV :: 대한민국 뉴스의 시작. 채널 23 » 스포츠 등 3개 기사,"'이강인 조기 교체' ATM, 소시에다드에 완승…""갇힌 듯 보였다""",https://www.yonhapnewstv.co.kr/news/AKR20260914082653N8s,연합뉴스TV :: 대한민국 뉴스의 시작. 채널 23 » 스포츠,yonhapnewstv.co.kr,"'이강인 조기 교체' 아틀레티코, 소시에다드에 완승",https://news.sbs.co.kr/news/endPage.do?news_id=N1008751163&plink=RSSLINK&cooper=RSSREADER,스포츠 - SBS 뉴스 섹션,news.sbs.co.kr,"이강인 후반 조기 교체되고 뒤늦게 화력 폭발한 아틀레티코, 소시에다드...",https://www.dailysportshankook.co.kr/news/articleView.html?idxno=433522,네이버뉴스,dailysportshankook.co.kr,미작성,미발행,,,,
50723424af8c44a7,2026-09-14,방송연예,일반,"화제 성만 요란했다…서강준♥안은진, 2%대 시청률 쓴맛→10년 연애도 흔...",네이버뉴스 등 3개 기사,"화제 성만 요란했다…서강준♥안은진, 2%대 시청률 쓴맛→10년 연애도 흔...",https://www.tenasia.co.kr/article/2026091417934,네이버뉴스,tenasia.co.kr,‘너 말고 다른 연애’ 서강준 프러포즈에도 안은진 냉담…시청률 부진...,https://www.wikitree.co.kr/articles/1159270,네이버뉴스,wikitree.co.kr,"""누나, 얼굴 부었을 땐 이걸로 해야 해""…서강준이 안은진에게 전한 '괄사' 효과는",https://www.newsis.com/view/NISX20260910_0003784726,연예,newsis.com,미작성,미발행,,,,
6020e23d4f4cbdbe,2026-09-14,방송연예,일반,"배우 정태우, 온 가족이 영화 삼매경…‘하이브 출신’ 아들은 레드벨벳...",네이버뉴스 등 3개 기사,"배우 정태우, 온 가족이 영화 삼매경…‘하이브 출신’ 아들은 레드벨벳...",https://www.sportsseoul.com/news/read/1634839?ref=naver,네이버뉴스,sportsseoul.com,"정태우 子 하준, 하이브 연습생 출신 맞네..고졸 검정고시 후 폭풍성장",https://www.starnewskorea.com/star/2026/09/14/2026091400382880571,네이버뉴스,starnewskorea.com,"손예진 ""아들, 배우 안 하기도 힘든 얼굴""",https://www.newsis.com/view/NISX20260913_0003787535,연예,newsis.com,미작성,미발행,,,,
211195655bf0e273,2026-09-14,방송연예,일반,글로벌 1위 찍더니 또 터졌다…넷플릭스 ‘8위’ 역주행한 19금 한국 드...,네이버뉴스 등 3개 기사,글로벌 1위 찍더니 또 터졌다…넷플릭스 ‘8위’ 역주행한 19금 한국 드...,https://www.wikitree.co.kr/articles/1159227,네이버뉴스,wikitree.co.kr,"넷플릭스 ""'가능한 사랑' 새 역사…한국영화 협업 이어갈 것""",https://www.yonhapnewstv.co.kr/news/AKR20260913150154mzT,연합뉴스TV :: 대한민국 뉴스의 시작. 채널 23 » 문화·연예,yonhapnewstv.co.kr,"넷플릭스, 이창동 수상에 ""한국 영화계 장기적 파트너""",https://www.newsis.com/view/NISX20260913_0003787286,연예,newsis.com,미작성,미발행,,,,
6381e27fbeee7807,2026-09-14,방송연예,일반,고3 손예진 첫 CF→♥현빈은 프랑스까지…부부 되고 보니 “신기한 인연...,네이버뉴스 등 3개 기사,고3 손예진 첫 CF→♥현빈은 프랑스까지…부부 되고 보니 “신기한 인연...,https://www.mk.co.kr/article/12151636,네이버뉴스,mk.co.kr,"손예진♥현빈 운명이었네, 고3 시절 찍은 첫 광고로 시작된 인연 깜짝(...",https://www.newsen.com/news_view.php?uid=202609132206346110,네이버뉴스,newsen.com,"'현빈♥' 손예진, 휴대폰 속 子 사진 오픈..""배우 안 하기 힘든 얼굴"" [★...",https://www.starnewskorea.com/broadcast-show/2026/09/14/2026091323094853322,네이버뉴스,starnewskorea.com,미작성,미발행,,,,
ed9193ae1eb102cb,2026-09-14,방송연예,일반,“스태프 300명에 1억 쐈다”…소지섭 ‘순금 선물’에 신동엽도 파격 ...,네이버뉴스 등 3개 기사,“스태프 300명에 1억 쐈다”…소지섭 ‘순금 선물’에 신동엽도 파격 ...,https://www.sportsseoul.com/news/read/1634841?ref=naver,네이버뉴스,sportsseoul.com,"신동엽, 파격 '미우새' 종영 공약...소지섭 1억 순금 미담에 ""난 순은 선...",https://www.sportschosun.com/entertainment/2026-09-14/202609140100092140006025,네이버뉴스,sportschosun.com,"신동엽, 소지섭 '1억 순금 선물' 듣더니 깜짝 발언…""미우새 마지막 날...",http://www.osen.co.kr/article/G1112875340,네이버뉴스,osen.co.kr,미작성,미발행,,,,
f4ed11bdd003e70b,2026-09-14,고생물,일반,"보성군, '코리아노사우루스' 골격 화석 천연기념물 지정",네이버뉴스 등 3개 기사,"보성군, '코리아노사우루스' 골격 화석 천연기념물 지정",https://www.newsfreezone.co.kr/news/articleView.html?idxno=708042,네이버뉴스,newsfreezone.co.kr,"'코리아' 학명 인정된 공룡 화석 ... 보성 골격 화석 , 마침내 천연기념물...",https://www.insight.co.kr/news/571980,네이버뉴스,insight.co.kr,"보성서 찾은 한반도 최초 조각류 공룡 골격, 천연기념물 됐다",https://www.newsis.com/view/NISX20260907_0003779031,네이버뉴스,newsis.com,미작성,미발행,,,,
905b991ba7bd2c25,2026-09-14,고생물,일반,공룡 멸종했는데 새는 생존...똥 화석 에 숨겨진 단서 발견,네이버뉴스 등 3개 기사,공룡 멸종했는데 새는 생존...똥 화석 에 숨겨진 단서 발견,http://www.wowtv.co.kr/NewsCenter/News/Read?articleId=A202609110312&t=NN,네이버뉴스,wowtv.co.kr,"[사이테크+] "" 공룡 똥 화석 속 6천600만년 전 새 깃털…조류 생존 비결 단...",https://www.yna.co.kr/view/AKR20260910143000017?input=1195m,네이버뉴스,yna.co.kr,"우리나라에서 발견 된 공룡 화석 , 천연기념물 됐어요",https://kids.donga.com/news/articleView.html?idxno=169786,네이버뉴스,kids.donga.com,미작성,미발행,,,,
5550f511a929077e,2026-09-14,경제 · 한국 주식,일반,대박 기회 vs변동성 덫…퇴근길 전종목 주식 대전 시작,네이버뉴스 등 3개 기사,대박 기회 vs변동성 덫…퇴근길 전종목 주식 대전 시작,https://view.asiae.co.kr/article/2026091408235945367,네이버뉴스,view.asiae.co.kr,"[ 오늘 의 투자전략] FOMC·BOJ 앞둔 증시 , 단기 변동성 불가피…""주식 비...",https://www.etoday.co.kr/news/view/2624942,네이버뉴스,etoday.co.kr,퇴근길 KRX서 주식 사고 판다… 애프터마켓 오늘 오픈,https://www.kmib.co.kr/article/view.asp?arcid=9000011634&cp=nv,네이버뉴스,kmib.co.kr,미작성,미발행,,,,
f6fe1d8981d22ad5,2026-09-14,경제 · 한국 주식,일반,“퇴근길 주식 잡아라”…거래소 애프터마켓 개막에 증권가 MTS·AI 고도...,네이버뉴스 등 3개 기사,“퇴근길 주식 잡아라”…거래소 애프터마켓 개막에 증권가 MTS·AI 고도...,https://www.dt.co.kr/article/12083708?ref=naver,네이버뉴스,dt.co.kr,퇴근길에 주식 봐볼까…오늘부터 한국거래소 애프터마켓 열린다,https://www.dailian.co.kr/news/view/1689413/?sc=Naver,네이버뉴스,dailian.co.kr,오늘 부터 퇴근 후 8시까지 주식 매매…한국거래소 애프터마켓 개장,https://news.kbs.co.kr/news/pc/view/view.do?ncd=8662225&ref=A,네이버뉴스,news.kbs.co.kr,미작성,미발행,,,,
d4f0ca5598f31c2f,2026-09-14,경제 · 한국 주식,일반,“5년치 전기료 25조원 선납”…한전 제안 거절한 삼성전자·SK하이닉스,매일경제 : 기업/경영 등 3개 기사,“5년치 전기료 25조원 선납”…한전 제안 거절한 삼성전자·SK하이닉스,https://www.mk.co.kr/news/business/12151660,매일경제 : 기업/경영,mk.co.kr,[비즈톡톡] ‘메모리 초호황기’에 D램 점유율 25%로 하락… ‘HBM 왕좌’ SK하이닉스의 고민,https://biz.chosun.com/it-science/ict/2026/09/14/KFV5V4V6CFCIHBEMKKFNV2F25A/,Chosunbiz,biz.chosun.com,"""AI 거품 터지면 미국 증시 ·나스닥 폭락?""…삼성전자·SK하이닉스까지 ...",https://www.topstarnews.net/news/articleView.html?idxno=16191710,네이버뉴스,topstarnews.net,미작성,미발행,,,,
34f627d59828efb0,2026-09-14,경제 · 한국 주식,일반,[국제금융 브리핑] 9월 FOMC 금리인상 확률 87%...연준 완화 신호 여부 주...,네이버뉴스 등 3개 기사,[국제금융 브리핑] 9월 FOMC 금리인상 확률 87%...연준 완화 신호 여부 주...,https://www.tokenpost.kr/news/economy/407336,네이버뉴스,tokenpost.kr,[스타트 경제] 국제유가 100달러가 깨운 긴축...연준 9월 금리 인상 확률...,https://www.ytn.co.kr/_ln/0102_202609140723565633,네이버뉴스,ytn.co.kr,3년 만의 미국 금리인상 가능성…연준 FOMC에 쏠린 눈,https://www.news1.kr/world/international-economy/6289044,네이버뉴스,news1.kr,미작성,미발행,,,,
0de251f2529f1983,2026-09-14,경제 · 한국 주식,일반,"7000선 내준 코스피, 호르무즈 회의도 연기…반등에 다시 중동 변수",네이버뉴스 등 3개 기사,"7000선 내준 코스피, 호르무즈 회의도 연기…반등에 다시 중동 변수",https://www.kbmaeil.com/article/20260914500030,네이버뉴스,kbmaeil.com,[ 증시 전망 대] 중동 긴장에 다시 흔들리는 코스피 …호르무즈 회의 연기로...,http://www.newsroad.co.kr/news/articleView.html?idxno=64232,네이버뉴스,newsroad.co.kr,[오늘의 증시 ]美 증시 반등에도…금리인상·중동 리스크에 변동성 장세 ...,https://www.newsis.com/view/NISX20260914_0003787659,네이버뉴스,newsis.com,미작성,미발행,,,,
068bd39764f100d4,2026-09-14,경제 · 한국 정책 이슈,일반,"李 대통령 경기 라인, 집값 안정 복안은…이번주 국토 장관 후보자 인청",네이버뉴스 등 3개 기사,"李 대통령 경기 라인, 집값 안정 복안은…이번주 국토 장관 후보자 인청",https://news.einfomax.co.kr/news/articleView.html?idxno=4434621,네이버뉴스,news.einfomax.co.kr,"경기도선 “선교통·후입주”… 홍지선 국토 장관 후보자, 공급 속도전 ...",https://biz.chosun.com/real_estate/real_estate_general/2026/09/14/MGRECUKE4FHZZLEYSSRA53W2GI/?utm_source=naver&utm_medium=original&utm_campaign=biz,네이버뉴스,biz.chosun.com,딱지·갭투자·영끌까지…장관 후보자 ‘ 부동산 청문회’ 예고 [청문 슈...,https://www.etoday.co.kr/news/view/2624813,네이버뉴스,etoday.co.kr,미작성,미발행,,,,
ee53f8563150b78d,2026-09-14,경제 · 한국 정책 이슈,일반,공시가 30억 비거주 1주택 2027년 종부세 429만원↑外 [한강로경제브리...,네이버뉴스 등 3개 기사,공시가 30억 비거주 1주택 2027년 종부세 429만원↑外 [한강로경제브리...,https://www.segye.com/newsView/20260913510750?OutUrl=naver,네이버뉴스,segye.com,"""공시가 30억 비거주 1주택 내년 종부세 1천204만 원""…429만 원↑",https://news.sbs.co.kr/news/endPage.do?news_id=N1008751123&plink=ORI&cooper=NAVER,네이버뉴스,news.sbs.co.kr,"""공시가 30억 주택 비거주 시 종부세 1 ,200만 원""",http://www.yonhapnewstv.co.kr/news/MYH20260914053430ykG,네이버뉴스,yonhapnewstv.co.kr,미작성,미발행,,,,
77f68a5dcce9a6e2,2026-09-14,경제 · 한국 정책 이슈,일반,[기업과 시장을 흔드는 제도 개혁 3부작③] 금융 당국의 좀비기업 솎아내...,네이버뉴스 등 3개 기사,[기업과 시장을 흔드는 제도 개혁 3부작③] 금융 당국의 좀비기업 솎아내...,https://www.ilyoseoul.co.kr/news/articleView.html?idxno=522470,네이버뉴스,ilyoseoul.co.kr,美 금리 인상 가능성에 금융 시장 긴장…당국 F4 회의 등 대응,https://www.ebn.co.kr/news/articleView.html?idxno=1724028,네이버뉴스,ebn.co.kr,[이슈체크] 美연준 금리 올릴까... 금융 당국 F4회의 등 대응 착수,https://www.tfmedia.co.kr/news/article.html?no=207188,네이버뉴스,tfmedia.co.kr,미작성,미발행,,,,
9f1023c7eb6f95a0,2026-09-14,경제 · 한국 정책 이슈,일반,[AI MY 뉴스] 14일 중국증시 '유가·美 금리 경계 속 에너지주·성장주 방...,네이버뉴스 등 3개 기사,[AI MY 뉴스] 14일 중국증시 '유가·美 금리 경계 속 에너지주·성장주 방...,https://www.newspim.com/news/view/20260914000042,네이버뉴스,newspim.com,유가 100달러·美 금리 5% 턱밑…美 FOMC 앞두고 한은 셈법 복잡,https://www.news1.kr/economy/trend/6287982,네이버뉴스,news1.kr,유가 100달러가 깨운 긴축···美 금리인상 공포 재점화,https://www.sisajournal-e.com/news/articleView.html?idxno=423670,네이버뉴스,sisajournal-e.com,미작성,미발행,,,,
8c1b150ee1784628,2026-09-14,경제 · 한국 정책 이슈,일반,"'인사청문회 슈퍼위크' 돌입…野 화력, 법무부 김승원 정조준",네이버뉴스 등 3개 기사,"'인사청문회 슈퍼위크' 돌입…野 화력, 법무부 김승원 정조준",https://www.ziksir.com/news/articleView.html?idxno=146235,네이버뉴스,ziksir.com,"용혜인 결국 사퇴…내일 김승원 청문회, ‘인사청문 슈퍼위크’ 최대 격...",https://www.wikitree.co.kr/articles/1159264,네이버뉴스,wikitree.co.kr,용혜인 사퇴 속 김승원 등 청문회 검증대…인사청문 슈퍼위크,https://www.sidae.com/article/2026091311194042152,네이버뉴스,sidae.com,미작성,미발행,,,,
47b70269f7feca1e,2026-09-14,경제 · 재테크,일반,퇴직연금 500조 시대…AI 시대의 연금 투자 법에 답하다,네이버뉴스 등 3개 기사,퇴직연금 500조 시대…AI 시대의 연금 투자 법에 답하다,https://www.news1.kr/life-culture/book/6286920,네이버뉴스,news1.kr,같은 듯 같지 않은 퇴직금·퇴직 연금 …어떻게 다른가 [이병희의 연금 술...,https://economist.co.kr/article/view/ecn202609110037,네이버뉴스,economist.co.kr,"""예금 이자론 성 안 차""…은행 퇴직 연금 , '국채' 품고 반격할까",https://www.dailian.co.kr/news/view/1688375/?sc=Naver,네이버뉴스,dailian.co.kr,미작성,미발행,,,,
d443f166d0d04922,2026-09-14,경제 · 재테크,일반,퇴직 연금 ·IRP 절세 혜택 해부,네이버뉴스 등 3개 기사,퇴직 연금 ·IRP 절세 혜택 해부,https://www.chosun.com/economy/money/2026/09/14/SR7IKU2NQBEOXDLL2AQAWFFBSE/?utm_source=naver&utm_medium=referral&utm_campaign=naver-news,네이버뉴스,chosun.com,500조 퇴직 연금 '장투' 이어지도록… 구조 바꾸고 혜택 늘려야 [시험대...,https://www.fnnews.com/news/202609131811420430,네이버뉴스,fnnews.com,“퇴직금 10년 묵혀도 소용없다”… 연금 수령 절세 법 [머니 트레이스],https://www.sedaily.com/article/20090094?ref=naver,네이버뉴스,sedaily.com,미작성,미발행,,,,
b54c7f5e11b8a181,2026-09-14,경제 · 재테크,일반,[여의도단신]한국 투자 증권·NH 투자 증권·미래에셋자산운용,네이버뉴스 등 3개 기사,[여의도단신]한국 투자 증권·NH 투자 증권·미래에셋자산운용,https://www.imaeil.com/page/view/2026091014095892251,네이버뉴스,imaeil.com,"NH 투자 증권, 패밀리오피스 세미나 성료",https://biz.heraldcorp.com/article/10868972?ref=naver,네이버뉴스,biz.heraldcorp.com,"미래에셋증권, 개인 투자 용 국채 청약 개시",https://www.cnbnews.com/news/articleView.html?idxno=1015126,네이버뉴스,cnbnews.com,미작성,미발행,,,,
36e0fe1245a999b6,2026-09-14,경제 · 재테크,일반,"""반도체 산업은 항상 사이클""…현재 국면에서 투자 전략은?",한국경제 | 뉴스 | 증권 등 3개 기사,"""반도체 산업은 항상 사이클""…현재 국면에서 투자 전략은?",https://www.hankyung.com/article/202609119361i,한국경제 | 뉴스 | 증권,hankyung.com,"[증권 & Now] 한국 투자 증권, '피델리티·핌코·칼라일'과 전략적 협력 등",https://www.ebn.co.kr/news/articleView.html?idxno=1723780,네이버뉴스,ebn.co.kr,"코스피 최대낙폭 -39% … 퇴직연금, 반도체 변동성 잡을 ETF 전략은",https://biz.newdaily.co.kr/site/data/html/2026/09/08/2026090800057.html,네이버뉴스,biz.newdaily.co.kr,미작성,미발행,,,,
f47beb111bc3657c,2026-09-14,경제 · 부동산,일반,"서울 청약 당첨률 1~2%대…""통장 의미 없다""",네이버뉴스 등 3개 기사,"서울 청약 당첨률 1~2%대…""통장 의미 없다""",https://www.hankyung.com/article/2026091313581,네이버뉴스,hankyung.com,"""15년간 모은 청약 통장, 교산신도시 당첨될까요?"" [사이다 부동산]",https://www.sisajournal.com/news/articleView.html?idxno=386726,네이버뉴스,sisajournal.com,"[서정렬 칼럼] 1인가구, ' 청약 통장 이탈'의 함의",https://www.1conomynews.co.kr/news/articleView.html?idxno=50369,네이버뉴스,1conomynews.co.kr,미작성,미발행,,,,
ef29330d2484d0df,2026-09-14,경제 · 부동산,일반,강신철 부자 ‘철거민 특공 막차’… 보상공고 이틀 뒤 분양 서 임대로,네이버뉴스 등 3개 기사,강신철 부자 ‘철거민 특공 막차’… 보상공고 이틀 뒤 분양 서 임대로,https://biz.chosun.com/real_estate/real_estate_general/2026/09/14/KBXY25TUONGRJAIKQMBG6N5LSE/?utm_source=naver&utm_medium=original&utm_campaign=biz,네이버뉴스,biz.chosun.com,"강신철, 특공 의혹 계속…줄줄이 '부동산 뇌관'",http://www.yonhapnewstv.co.kr/news/MYH20260911190557iGb,네이버뉴스,yonhapnewstv.co.kr,‘철거민 딱지’ 수렁에 빠진 강신철 국방장관 후보자,https://biz.heraldcorp.com/article/10870461?ref=naver,네이버뉴스,biz.heraldcorp.com,미작성,미발행,,,,
41ba5b944e575f73,2026-09-14,경제 · 부동산,일반,"""평균 16억 돌파했지만""…서울 아파트 거래 54% '9억이하'",네이버뉴스 등 3개 기사,"""평균 16억 돌파했지만""…서울 아파트 거래 54% '9억이하'",http://www.inews24.com/view/2004810,네이버뉴스,inews24.com,"""금리 올려도 안 꺾인다?""… 서울 아파트값, 85주 역대 최장 신기록 세우...",https://www.cbci.co.kr/news/articleView.html?idxno=606351,네이버뉴스,cbci.co.kr,"文정부 '85주 상승' 기록 코앞⋯전문가 ""서울 아파트값 더 오른다"" [집값...",https://www.etoday.co.kr/news/view/2624582,네이버뉴스,etoday.co.kr,미작성,미발행,,,,
0e3e46ab8e299bbb,2026-09-14,경제 · 부동산,일반,"""중저가는 130% 낙찰인데 강남은 유찰 파티?""… 세금 폭탄 맞은 경매의 ...",네이버뉴스 등 3개 기사,"""중저가는 130% 낙찰인데 강남은 유찰 파티?""… 세금 폭탄 맞은 경매의 ...",https://www.cbci.co.kr/news/articleView.html?idxno=606357,네이버뉴스,cbci.co.kr,유찰 늘고 낙찰가율도 하락…고가 아파트 경매 시장 '찬바람',https://www.yna.co.kr/view/AKR20260913016400003?input=1195m,네이버뉴스,yna.co.kr,"""1+1분양아파트 3년간 못 판다""… 세금 폭탄·금융규제 '더블펀치'에 분노...",https://www.housingherald.co.kr/news/articleView.html?idxno=62824,네이버뉴스,housingherald.co.kr,미작성,미발행,,,,
30a3ea58bb9689af,2026-09-14,경제 · 부동산,일반,""" 부동산 세금 , 너무 어려워""…국세청에 양도세 질의 2배 급증",네이버뉴스 등 3개 기사,""" 부동산 세금 , 너무 어려워""…국세청에 양도세 질의 2배 급증",https://view.asiae.co.kr/article/2026091407530663471,네이버뉴스,view.asiae.co.kr,국세청 부동산 세법 질의 급증… 양도세 는 작년 동기의 2배,https://www.yna.co.kr/view/AKR20260913026000002?input=1195m,네이버뉴스,yna.co.kr,다주택자 양도세 중과 재개에 세금 문의 '껑충',http://mbnmoney.mbn.co.kr/news/view?news_no=MM1005921230,네이버뉴스,mbnmoney.mbn.co.kr,미작성,미발행,,,,
ffd7c4246080e715,2026-09-14,경제 · 미국 주식,일반,"연준 인상 경계에도 엔화가 눌렀다… 원/달러 환율, 1330원대 진입할까",네이버뉴스 등 3개 기사,"연준 인상 경계에도 엔화가 눌렀다… 원/달러 환율, 1330원대 진입할까",http://www.the-biz.co.kr/news/articleView.html?idxno=727803,네이버뉴스,the-biz.co.kr,"연준 인상도 못 꺾나…월가, AI 투자 ‘ 증시 방파제’ 주목",https://www.g-enews.com/view.php?ud=2026091321032761539a1f309431_1,네이버뉴스,g-enews.com,[뉴욕 증시 전망] 연준 금리 인상 가능성 촉각…美 국채 10년물 5% 근접,https://www.thefairnews.co.kr/news/articleView.html?idxno=87883,네이버뉴스,thefairnews.co.kr,미작성,미발행,,,,
663f1da9b64b558e,2026-09-14,경제 · 미국 주식,일반,스페이스X 흥행 이을 다음 글로벌 IPO 대어는?…앤트로픽·오픈AI 등 주목,네이버뉴스 등 3개 기사,스페이스X 흥행 이을 다음 글로벌 IPO 대어는?…앤트로픽·오픈AI 등 주목,https://www.digitaltoday.co.kr/news/articleView.html?idxno=700026,네이버뉴스,digitaltoday.co.kr,‘AI 대어’ 앤트로픽 상장 임박… 2조弗 몸값 시험대 [마이머니],https://www.segye.com/newsView/20260913508893?OutUrl=naver,네이버뉴스,segye.com,[기업家] 오픈AI ㅣ IPO보다 AI 안전…금융·정부·사이버보안까지 영토...,https://www.cbci.co.kr/news/articleView.html?idxno=606394,네이버뉴스,cbci.co.kr,미작성,미발행,,,,
22188c3eda136214,2026-09-14,경제 · 미국 주식,일반,[KFT 모닝 브리프] 2026.09.14 — 오늘 꼭 알아야 할 국내외 경제·시장 ...,네이버뉴스 등 3개 기사,[KFT 모닝 브리프] 2026.09.14 — 오늘 꼭 알아야 할 국내외 경제·시장 ...,https://www.fntimes.com/html/view.php?ud=202609140720582367141825007d_18,네이버뉴스,fntimes.com,"[N2 모닝 경제 브리핑-9월 14일] 美 증시, 5거래일 만에 3대 지수 반등…...",https://www.news2day.co.kr/article/20260913500013,네이버뉴스,news2day.co.kr,"'9월 0.094' 양의지답지 않았다…시즌 20호포가 반등 신호탄 될까 ""컨디션 더 끌어올려 순위 싸움 보탬 되겠다""",https://biz.chosun.com/sports/baseball/2026/09/14/MQ4DKMJWMU4DCZDEG4YWCYJXGM/,Chosunbiz,biz.chosun.com,미작성,미발행,,,,
fc6e8aa15f8785d4,2026-09-14,경제 · 미국 주식,일반,[ 미국 특징주] 닷컴버블 기시감? 월가 ' 주식 보유' 고수,네이버뉴스 등 3개 기사,[ 미국 특징주] 닷컴버블 기시감? 월가 ' 주식 보유' 고수,https://www.newspim.com/news/view/20260914000052,네이버뉴스,newspim.com,"美 증시 , 닷컴버블 직전 닮았다…월가 ""그래도 주식 팔지 마라""",https://www.ebn.co.kr/news/articleView.html?idxno=1724053,네이버뉴스,ebn.co.kr,[G-돋보기] 월가 '빚투 거품' 경고등…닷컴버블·금융위기·코로나19 직...,https://www.g-enews.com/view.php?ud=202609140615107207e250e8e188_1,네이버뉴스,g-enews.com,미작성,미발행,,,,
b22bc2db1da973e4,2026-09-14,경제 · 미국 주식,일반,"S&P 500, 금리 인상 굳었는데 반등...유가·국채 수익률이 '복병'",네이버뉴스 등 3개 기사,"S&P 500, 금리 인상 굳었는데 반등...유가·국채 수익률이 '복병'",http://coinreaders.com/257969,네이버뉴스,coinreaders.com,일본은행 금리 인상 전망…'엔 캐리 청산' 공포 재점화될까,https://www.hankyung.com/article/202609131321i,한국경제 | 뉴스 | 증권,hankyung.com,S&P500 2027년 21% 조정 가능성…금리 5% 변수,https://www.tokenpost.kr/news/market/407327,네이버뉴스,tokenpost.kr,미작성,미발행,,,,
808a4d0a5a347dc1,2026-09-14,건강 · 최신 이슈,일반,형이 걸리면 동생도 위험?…1형 당뇨병의 숨은 유전력 [헬스체크],네이버뉴스 등 3개 기사,형이 걸리면 동생도 위험?…1형 당뇨병의 숨은 유전력 [헬스체크],https://www.fnnews.com/news/202609131517458321,네이버뉴스,fnnews.com,"""형제자매가 1형 당뇨라면""…소아 발병 위험 10배 이상 높았다",https://www.kizmom.com/news/articleView.html?idxno=112698,네이버뉴스,kizmom.com,"소아 '1형 당뇨병' 형제·자매, 같은 질환 발병 위험 10배↑",https://www.mt.co.kr/thebio/2026/09/13/2026091308545380972,네이버뉴스,mt.co.kr,미작성,미발행,,,,
26f287ad18fc18f7,2026-09-14,건강 · 최신 이슈,일반,"1형 당뇨병환자 형제·자매, 발병 위험 10배 이상 높다",청년의사 - 전체기사 등 3개 기사,"1형 당뇨병환자 형제·자매, 발병 위험 10배 이상 높다",http://www.docdocdoc.co.kr/news/articleView.html?idxno=3042739,청년의사 - 전체기사,docdocdoc.co.kr,"1형 당뇨 환자 형제·자매, 일반 소아보다 발병 위험 10배 이상 높아",https://www.rapportian.com/news/articleView.html?idxno=240265,네이버뉴스,rapportian.com,"소아 청소년 1형 당뇨병 환자의 형제·자매, 발병 위험 10배 이상",https://www.thereport.co.kr/news/articleView.html?idxno=91326,네이버뉴스,thereport.co.kr,미작성,미발행,,,,
e2abdb2e719e39cc,2026-09-14,건강 · 최신 이슈,연예인 건강,"이필모 부친상…“母 별세, 아버지께 못 알려” 가슴 아픈 사연 재조명",네이버뉴스 등 3개 기사,"이필모 부친상…“母 별세, 아버지께 못 알려” 가슴 아픈 사연 재조명",https://www.sportsseoul.com/news/read/1634770?ref=naver,네이버뉴스,sportsseoul.com,"이필모, 12일 부친상.. 母 별세 3년 만 비보",https://www.tvreport.co.kr/star/article/1075370/,네이버뉴스,tvreport.co.kr,"이필모, 지난 12일 부친상 비보",https://www.bntnews.co.kr/article/view/bnt202609130060,네이버뉴스,bntnews.co.kr,미작성,미발행,,,,
94e178b82212769a,2026-09-14,건강 · 최신 이슈,연예인 건강,생일에 1억 쾌척…TXT 연준 “과분한 사랑 나누고파”,네이버뉴스 등 3개 기사,생일에 1억 쾌척…TXT 연준 “과분한 사랑 나누고파”,https://biz.heraldcorp.com/article/10871886?ref=naver,네이버뉴스,biz.heraldcorp.com,"TXT 연준, 생일 맞아 1억 기부… '아너 소사이어티' 가입",https://www.hidomin.com/news/articleView.html?idxno=720811,네이버뉴스,hidomin.com,"고액기부자 됐다…투바투 연준, 생일 맞아 1억원 쾌척",https://www.mk.co.kr/article/12151269,네이버뉴스,mk.co.kr,미작성,미발행,,,,
04ac73860bb67ec1,2026-09-14,건강 · 최신 이슈,연예인 건강,배우 이필모 부친상...모친상 3년 만에 비보 '먹먹',네이버뉴스 등 3개 기사,배우 이필모 부친상...모친상 3년 만에 비보 '먹먹',https://mhnse.com/news/articleView.html?idxno=1542566,네이버뉴스,mhnse.com,이필모 12일 부친상…3년전 어머니 별세 이어 비보,https://www.news1.kr/entertain/celebrity-topic/6288967,네이버뉴스,news1.kr,"이필모, 부친상…母 별세 3년 만 비보",https://www.mk.co.kr/article/12151568,네이버뉴스,mk.co.kr,미작성,미발행,,,,
e5a029848e004dfa,2026-09-14,건강 · 생활 건강 정보,일반,근시 환자 절반 이상 '소아·청소년',네이버뉴스 등 3개 기사,근시 환자 절반 이상 '소아·청소년',https://www.dailymedi.com/news/news_view.php?wr_id=936146,네이버뉴스,dailymedi.com,치매 환자 100만명 시대…60세 이상 정기검사 필요 [ 건강 칼럼],https://www.kyeonggi.com/article/20260907580146,네이버뉴스,kyeonggi.com,"뷰노, 19일 소아 환자안전 심포지엄 개최…AI 경보시스템 활용 모색",http://www.docdocdoc.co.kr/news/articleView.html?idxno=3042690,청년의사 - 전체기사,docdocdoc.co.kr,미작성,미발행,,,,
cee52cc77d07fd34,2026-09-14,건강 · 생활 건강 정보,일반,“혈압 낮추고 쾌변 도와”…제철 무화과가 몸에 좋은 이유 4가지,코메디닷컴 등 3개 기사,“혈압 낮추고 쾌변 도와”…제철 무화과가 몸에 좋은 이유 4가지,https://kormedi.com/2865069/,코메디닷컴,kormedi.com,"당뇨병 예방에 좋은 식품 5… ""공복혈당 낮추고 인슐린 저항성 개선""",https://news.hidoc.co.kr/news/articleView.html?idxno=67299,네이버뉴스,news.hidoc.co.kr,"요즘 산 가는 사람 많던데… '등산' 몸에 왜 좋은지, 핵심만 정리했다",https://www.wikitree.co.kr/articles/1158882,네이버뉴스,wikitree.co.kr,미작성,미발행,,,,
da56d5c60efd25bc,2026-09-14,건강 · 생활 건강 정보,일반,"“돈 없어 비만약 끊었더니 다시 체중 증가”…역시 식습관, 운동 이 최...",네이버뉴스 등 3개 기사,"“돈 없어 비만약 끊었더니 다시 체중 증가”…역시 식습관, 운동 이 최...",https://kormedi.com/?p=2865527,네이버뉴스,kormedi.com,마운자로 끊었더니 살 다시 쪘다…이런 사람들 ‘요요’ 없이 공짜로 살...,https://www.sedaily.com/article/20090153?ref=naver,네이버뉴스,sedaily.com,노화 늦출 수 있을까… 식단 ·운동부터 당뇨·비만약까지 살펴보니,https://www.kpanews.co.kr/news/articleView.html?idxno=543380,네이버뉴스,kpanews.co.kr,미작성,미발행,,,,
28262941345215ce,2026-09-14,건강 · 생활 건강 정보,일반,[ 건강 라이프] 당뇨치료제 늘었는데 조절되지 않는 혈당…핵심은 '췌장 ...,네이버뉴스 등 3개 기사,[ 건강 라이프] 당뇨치료제 늘었는데 조절되지 않는 혈당…핵심은 '췌장 ...,https://www.thegolftimes.co.kr/news/articleView.html?idxno=81957,네이버뉴스,thegolftimes.co.kr,"""당뇨약 먹는데 왜?""…혈당 조절 방해하는 잘못된 습관 5가지",https://www.newsis.com/view/NISX20260912_0003786838,네이버뉴스,newsis.com,"당뇨, 건강검진 후 수치 확인과 지속 관리 가 중요",https://www.hemophilia.co.kr/news/articleView.html?idxno=44397,네이버뉴스,hemophilia.co.kr,미작성,미발행,,,,
8d6dbadecbd5792e,2026-09-14,건강 · 생활 건강 정보,일반,* 9월 14일 오늘의 운세 *,네이버뉴스 등 3개 기사,* 9월 14일 오늘의 운세 *,https://www.pointdaily.co.kr/news/articleView.html?idxno=318284,네이버뉴스,pointdaily.co.kr,오늘의 운세-띠별(9월14일),http://www.kjdaily.com/article.php?aid=1789311601686663227,네이버뉴스,kjdaily.com,[오늘의 띠별 운세] 2026년 9월 13일 일요일,https://www.public25.com/news/articleView.html?idxno=54609,네이버뉴스,public25.com,미작성,미발행,,,,
3b658f277bc1d5fd,2026-09-13,패션뷰티,일반,"홍대 한복판서 무신사 뷰티와 온누리약국이 만났다, 왜?",네이버뉴스 등 3개 기사,"홍대 한복판서 무신사 뷰티와 온누리약국이 만났다, 왜?",https://www.hitnews.co.kr/news/articleView.html?idxno=79085,네이버뉴스,hitnews.co.kr,약국 품은 '무신사 뷰티 홍대'…K뷰티 성지 될까,http://www.mkhealth.co.kr/news/articleView.html?idxno=80032,네이버뉴스,mkhealth.co.kr,올리브영 천국 홍대 앞에 던진 무신사 뷰티의 승부수,https://byline.network/?p=9004111222619403,네이버뉴스,byline.network,미작성,미발행,,,,
df63034991899132,2026-09-13,패션뷰티,일반,"코스맥스, 바쿠치올 고형제 안정화 기술로 롱제비티 시장 공략",네이버뉴스 등 3개 기사,"코스맥스, 바쿠치올 고형제 안정화 기술로 롱제비티 시장 공략",https://www.thebk.co.kr/news/articleView.html?idxno=311627,네이버뉴스,thebk.co.kr,"코스맥스, 바쿠치올 '굳히기' 성공…고기능 멀티밤 시장 노크",https://www.megaeconomy.co.kr/news/newsview.php?ncode=1065595232148913,네이버뉴스,megaeconomy.co.kr,"코스맥스, 레티놀 대비 열·빛에 대한 안정성 우수…'바쿠치올 멀티밤'...",http://www.sisacast.kr/news/articleView.html?idxno=99954,네이버뉴스,sisacast.kr,미작성,미발행,,,,
e29e5a0054e9e22c,2026-09-13,패션뷰티,일반,"'차세대 레티놀' 바쿠치올을 스틱으로…코스맥스, 식약처 기능성 허가",네이버뉴스 등 3개 기사,"'차세대 레티놀' 바쿠치올을 스틱으로…코스맥스, 식약처 기능성 허가",https://www.ddaily.co.kr/page/view/2026091117292043275,네이버뉴스,ddaily.co.kr,"코스맥스, 바쿠치올 스틱형 주름개선 화장품 식약처 허가",https://www.viva100.com/article/20260911500884,네이버뉴스,viva100.com,"코스맥스, ‘바쿠치올 스틱형’ 주름개선 기능성 허가 획득",https://www.joongang.co.kr/article/25461110,네이버뉴스,joongang.co.kr,미작성,미발행,,,,
79b14327d364067a,2026-09-13,패션뷰티,일반,"""명절 선물로도 실하네""...뷰티업계, 추석 맞이 기획세트 잇단 출시",네이버뉴스 등 3개 기사,"""명절 선물로도 실하네""...뷰티업계, 추석 맞이 기획세트 잇단 출시",https://www.youthdaily.co.kr/news/article.html?no=226911,네이버뉴스,youthdaily.co.kr,추석 선물도 이제는 '뷰티 시대' [최기자의 화장품 털기],https://www.meconomynews.com/news/articleView.html?idxno=201543,네이버뉴스,meconomynews.com,"풍성하게 추석준비…""소중한 마음을 선물 하세요""",https://www.asiatoday.co.kr/kn/view.php?key=20260910010004074,네이버뉴스,asiatoday.co.kr,미작성,미발행,,,,
fe06f8a11f2d7ff2,2026-09-13,카테크 · 자동차,일반,"기아 ‘PV5’, 출시 13개월 만에 글로벌 5만대 판매",네이버뉴스 등 3개 기사,"기아 ‘PV5’, 출시 13개월 만에 글로벌 5만대 판매",https://www.sentv.co.kr/article/view/sentv202609130007,네이버뉴스,sentv.co.kr,"기아 첫 PBV 'PV5', 출시 13개월만에 글로벌 판매량 5만대 돌파",https://www.yna.co.kr/view/AKR20260911151100003?input=1195m,네이버뉴스,yna.co.kr,"EV6로 시작, 20만대 넘었다…기아 ‘순수 전기차 ’ 5년의 질주 [여車저車...",https://biz.heraldcorp.com/article/10870538?ref=naver,네이버뉴스,biz.heraldcorp.com,미작성,미발행,,,,
7ea7d3fe772c284f,2026-09-13,카테크 · IT,일반,아이폰18 든 로제에 삼성 등판…‘진짜 폰 필요하면 말하지 그랬어?’,네이버뉴스 등 3개 기사,아이폰18 든 로제에 삼성 등판…‘진짜 폰 필요하면 말하지 그랬어?’,https://www.segye.com/newsView/20260913502457?OutUrl=naver,네이버뉴스,segye.com,"‘아이폰 18 프로’ 든 로제, 삼성전자가 작정한 돌직구…18만 좋아요 폭...",https://www.mk.co.kr/article/12151079,네이버뉴스,mk.co.kr,"아이폰18·첫 폴더블 출격…삼성·LGD, 하반기 '애플 효과' 볼까",https://www.yna.co.kr/view/AKR20260911129300003?input=1195m,네이버뉴스,yna.co.kr,미작성,미발행,,,,
bffbfee150c931d2,2026-09-13,카테크 · IT,일반,삼성·애플 ‘2라운드’…7년 만에 시작된 폴더블 전쟁,네이버뉴스 등 3개 기사,삼성·애플 ‘2라운드’…7년 만에 시작된 폴더블 전쟁,https://www.news2day.co.kr/article/20260911500172,네이버뉴스,news2day.co.kr,"""팀 쿡이 갤럭시폰으로 바꿨습니다""…애플 폴더블폰에 삼성의 견제구",https://view.asiae.co.kr/article/2026091213200210783,네이버뉴스,view.asiae.co.kr,애플 폴더블폰 시장 진입 공격에 삼성 '팀 쿡' 카드로 맞불,https://www.aitimes.com/news/articleView.html?idxno=215183,네이버뉴스,aitimes.com,미작성,미발행,,,,
8f37e223bab9f3fb,2026-09-13,카테크 · IT,일반,"롯데하이마트, '아이폰18 프로 시리즈' 사전예약···도난·분실 케어 ...",네이버뉴스 등 3개 기사,"롯데하이마트, '아이폰18 프로 시리즈' 사전예약···도난·분실 케어 ...",http://www.finomy.com/news/articleView.html?idxno=261451,네이버뉴스,finomy.com,"롯데하이마트, '아이폰18 프로' 사전예약…도난·분실 보장 케어서비스...",https://www.nextdaily.co.kr/news/articleView.html?idxno=253034,네이버뉴스,nextdaily.co.kr,"롯데하이마트, 아이폰18 프로 시리즈 사전예약 진행",https://www.news1.kr/industry/distribution/6288091,네이버뉴스,news1.kr,미작성,미발행,,,,
e4fd28ee21f5cd75,2026-09-13,카테크 · IT,일반,“환율 1300원인데 1500원 적용”…‘아이폰 듀오’ 사상 첫 500만 원대 ...,네이버뉴스 등 3개 기사,“환율 1300원인데 1500원 적용”…‘아이폰 듀오’ 사상 첫 500만 원대 ...,https://www.sentv.co.kr/article/view/sentv202609110118,네이버뉴스,sentv.co.kr,환율 내려도 가격은 고공행진…아이폰 충성도 이번에도(?),https://it.chosun.com/news/articleView.html?idxno=2023092169955,네이버뉴스,it.chosun.com,"""애플도 접었다"" 아이폰 듀오 출격…부품株 실적 탄력 붙나",https://www.newsway.co.kr/news/view?ud=2026091115143352609,네이버뉴스,newsway.co.kr,미작성,미발행,,,,
527f3fb209a22a95,2026-09-13,스포츠,일반,"이정후, 4타수 1안타…대수비 송성문, 1타수 무안타",네이버뉴스 등 3개 기사,"이정후, 4타수 1안타…대수비 송성문, 1타수 무안타",https://www.yna.co.kr/view/AKR20260913009800007?input=1195m,네이버뉴스,yna.co.kr,"호수비에 막힌 이정후, 4타수 무안타…송성문은 대수비 출전",https://www.newsis.com/view/NISX20260912_0003786784,스포츠,newsis.com,"샌프란시스코 이정후, 4타수 무안타…시즌 타율 0.279",https://news.sbs.co.kr/news/endPage.do?news_id=N1008749901&plink=RSSLINK&cooper=RSSREADER,스포츠 - SBS 뉴스 섹션,news.sbs.co.kr,미작성,미발행,,,,
dc2ce169d2a7600c,2026-09-13,스포츠,일반,"[오피셜]KBO, 최소 경기 1100만 관중 돌파...그러나 '꿈의' 1300만 위해선...",네이버뉴스 등 3개 기사,"[오피셜]KBO, 최소 경기 1100만 관중 돌파...그러나 '꿈의' 1300만 위해선...",https://mhnse.com/news/articleView.html?idxno=1541241,네이버뉴스,mhnse.com,"'역대급 흥행' 프로야구 , 역대 최소 '626경기' 만에 1100만 관중",https://www.newdaily.co.kr/site/data/html/2026/09/13/2026091300004.html,네이버뉴스,newdaily.co.kr,"프로야구 , 역대 최소 경기 1100만 관중",http://www.hansbiz.co.kr/news/articleView.html?idxno=864627,네이버뉴스,hansbiz.co.kr,미작성,미발행,,,,
e55bf2727ee9e9d9,2026-09-13,스포츠,일반,[아시안게임] 대만과 첫판 D-8…'산속 요새' 오카자키 야구 장 직접 가보...,네이버뉴스 등 3개 기사,[아시안게임] 대만과 첫판 D-8…'산속 요새' 오카자키 야구 장 직접 가보...,https://www.yna.co.kr/view/AKR20260913008400007?input=1195m,네이버뉴스,yna.co.kr,"U-18 야구대표팀, 아시아선수권 결승서 일본과 맞대결(종합)",https://www.newsis.com/view/NISX20260912_0003786988,스포츠,newsis.com,"18세 이하 야구대표팀, 필리핀 꺾고 아시아청소년선수권 결승행",https://news.sbs.co.kr/news/endPage.do?news_id=N1008750002&plink=RSSLINK&cooper=RSSREADER,스포츠 - SBS 뉴스 섹션,news.sbs.co.kr,미작성,미발행,,,,
1c10b2b7514c9f00,2026-09-13,스포츠,일반,'이재성 전반 출전' 마인츠 시즌 첫 패…'설영우 교체' 아우크스부르크...,네이버뉴스 등 3개 기사,'이재성 전반 출전' 마인츠 시즌 첫 패…'설영우 교체' 아우크스부르크...,http://www.yonhapnewstv.co.kr/news/AKR202609130749365UU,네이버뉴스,yonhapnewstv.co.kr,"'이재성 선발' 마인츠, 프랑크푸르트에 1-3 완패…시즌 첫 패배",https://www.yna.co.kr/view/AKR20260913006000007?input=1195m,네이버뉴스,yna.co.kr,"백승호, 교체 투입 4분 만에 시즌 첫 골…버밍엄시티는 더비카운티에 2...",http://www.thesportstimes.co.kr/news/articleView.html?idxno=375655,네이버뉴스,thesportstimes.co.kr,미작성,미발행,,,,
8730cfd54c55cae4,2026-09-13,방송연예,일반,"조이, 29살에 찾아온 불안…""어리지 않고 예쁘지 않으면 안 찾아줄까 봐...",네이버뉴스 등 3개 기사,"조이, 29살에 찾아온 불안…""어리지 않고 예쁘지 않으면 안 찾아줄까 봐...",https://www.tenasia.co.kr/article/2026091202994,네이버뉴스,tenasia.co.kr,"30살 된 조이 ""어리고 예쁘지 않으면 안 찾아줄까 불안했다"" (고막남친)",https://www.xportsnews.com/article/2194937,네이버뉴스,xportsnews.com,"'뼈말라' 조이 ""예쁘지 않으면 나를 찾아주지 않을까 불안""",https://news.jtbc.co.kr/article/NB12318059?influxDiv=NAVER,네이버뉴스,news.jtbc.co.kr,미작성,미발행,,,,
d55012ddddf1a2eb,2026-09-13,방송연예,일반,"안정환 딸 뉴욕대 졸업 후 韓서 취업…""출근 이틀 차""",연예 등 3개 기사,"안정환 딸 뉴욕대 졸업 후 韓서 취업…""출근 이틀 차""",https://www.newsis.com/view/NISX20260913_0003787030,연예,newsis.com,"안정환 딸, 뉴욕대 졸업 후 한국서 취업…""돈 모아야겠다고"" (놀뭐)[전일...",https://www.xportsnews.com/article/2195125,네이버뉴스,xportsnews.com,"안정환, 딸 리원 뉴욕대 졸업→韓 취업 턱…""돈 쓸 때 가장 기뻐"" ('놀뭐...",https://www.tenasia.co.kr/article/2026091204504,네이버뉴스,tenasia.co.kr,미작성,미발행,,,,
4d2627f488f9423b,2026-09-13,방송연예,일반,"‘전참시’ 허성범, AI 월 구독료 100만 원",네이버뉴스 등 3개 기사,"‘전참시’ 허성범, AI 월 구독료 100만 원",https://www.bntnews.co.kr/article/view/bnt202609130008,네이버뉴스,bntnews.co.kr,"허성범, IQ 151 사랑법…""공인 여친 사귈 때, AI에 연애 상담"" ('전참시'...",https://www.tenasia.co.kr/article/2026091204234,네이버뉴스,tenasia.co.kr,"허성범, IQ 151·영재학교 상위 1%…수학 풀이 영상은 '389만뷰' (전참시...",https://www.xportsnews.com/article/2195110,네이버뉴스,xportsnews.com,미작성,미발행,,,,
73a2283cf23f8f7c,2026-09-13,방송연예,일반,"‘장애 고백’ 이지아, 오랜만에 근황 공개…“더 예뻐졌다”",네이버뉴스 등 3개 기사,"‘장애 고백’ 이지아, 오랜만에 근황 공개…“더 예뻐졌다”",https://www.sportsseoul.com/news/read/1634622?ref=naver,네이버뉴스,sportsseoul.com,"안정환, 딸 리원 근황 공개 ""뉴욕대 졸업→한국서 취직..출근 2일 차"" [놀...",https://www.starnewskorea.com/broadcast-show/2026/09/12/2026091218530794661,네이버뉴스,starnewskorea.com,시청률 65.8% 명배우였는데…오랜만에 '백발' 근황 포착된 '원조 한류스...,https://www.wikitree.co.kr/articles/1159064,네이버뉴스,wikitree.co.kr,미작성,미발행,,,,
0a32b38e5bb9c0a6,2026-09-13,방송연예,일반,"[금주 OTT 신작 ] '로또 1등', '너 말고 다른 연애', '피지컬 100: 이탈리아...",네이버뉴스 등 3개 기사,"[금주 OTT 신작 ] '로또 1등', '너 말고 다른 연애', '피지컬 100: 이탈리아...",https://www.newspim.com/news/view/20260911000855,네이버뉴스,newspim.com,"'너 말고 다른 연애' 안은진·서강준, 사랑할수록 초라해진 10년의 끝 (첫...",http://www.tvdaily.co.kr/read.php3?aid=17892195601802010002,네이버뉴스,tvdaily.co.kr,"[안방 OTT , 주말n명화] '피지컬100' 이탈리아 상륙…현빈·정우성도 다시...",https://www.wolyo.co.kr/news/articleView.html?idxno=317674,네이버뉴스,wolyo.co.kr,미작성,미발행,,,,
f4ed11bdd003e70b,2026-09-13,고생물,일반,"보성군, '코리아노사우루스' 골격 화석 천연기념물 지정",네이버뉴스 등 3개 기사,"보성군, '코리아노사우루스' 골격 화석 천연기념물 지정",https://www.newsfreezone.co.kr/news/articleView.html?idxno=708042,네이버뉴스,newsfreezone.co.kr,"'코리아' 학명 인정된 공룡 화석 ... 보성 골격 화석 , 마침내 천연기념물...",https://www.insight.co.kr/news/571980,네이버뉴스,insight.co.kr,"보성서 찾은 한반도 최초 조각류 공룡 골격, 천연기념물 됐다",https://www.newsis.com/view/NISX20260907_0003779031,네이버뉴스,newsis.com,미작성,미발행,,,,
905b991ba7bd2c25,2026-09-13,고생물,일반,공룡 멸종했는데 새는 생존...똥 화석 에 숨겨진 단서 발견,네이버뉴스 등 3개 기사,공룡 멸종했는데 새는 생존...똥 화석 에 숨겨진 단서 발견,http://www.wowtv.co.kr/NewsCenter/News/Read?articleId=A202609110312&t=NN,네이버뉴스,wowtv.co.kr,"[사이테크+] "" 공룡 똥 화석 속 6천600만년 전 새 깃털…조류 생존 비결 단...",https://www.yna.co.kr/view/AKR20260910143000017?input=1195m,네이버뉴스,yna.co.kr,"우리나라에서 발견 된 공룡 화석 , 천연기념물 됐어요",https://kids.donga.com/news/articleView.html?idxno=169786,네이버뉴스,kids.donga.com,미작성,미발행,,,,
bc2b3fcbc4f84dba,2026-09-13,경제 · 한국 주식,일반,"이대호 이후 4년 만에 롯데 20홈런 ‘-1’, 하지만 '포스트 이대호'는 아쉬움이 더 크다 “더 잘 할 수 있었는데…”",Chosunbiz 등 3개 기사,"이대호 이후 4년 만에 롯데 20홈런 ‘-1’, 하지만 '포스트 이대호'는 아쉬움이 더 크다 “더 잘 할 수 있었는데…”",https://biz.chosun.com/sports/baseball/2026/09/13/GU4WCMJRMM2WKNDEGE2WEYRTGA/,Chosunbiz,biz.chosun.com,"'열흘 만에 -20%' 개미들 비명…""줍줍 기회"" 증권가 콕 집었다 [종목+]",https://www.hankyung.com/article/2026091194266,한국경제 | 뉴스 | 증권,hankyung.com,"신동빈, 롯데쇼핑 20만3150주 장내매도",https://www.mk.co.kr/news/business/12150725,매일경제 : 기업/경영,mk.co.kr,미작성,미발행,,,,
541e4d53449b0724,2026-09-13,경제 · 한국 주식,일반,박스피에 '파킹형' ETF로 일주일 새 1.5조 유입,네이버뉴스 등 3개 기사,박스피에 '파킹형' ETF로 일주일 새 1.5조 유입,http://mbnmoney.mbn.co.kr/news/view?news_no=MM1005920932,네이버뉴스,mbnmoney.mbn.co.kr,"갈 곳 잃은 증시 자금, 파킹형 ETF로…일주일새 1.5조 몰렸다",https://www.mediapen.com/news/view/1123104,네이버뉴스,mediapen.com,'길 잃은 자금' 어디로?…파킹형 ETF에 일주일간 1.5조 뭉칫돈,https://biz.sbs.co.kr/article_hub/20000334251?division=NAVER,네이버뉴스,biz.sbs.co.kr,미작성,미발행,,,,
e6099230f486b4aa,2026-09-13,경제 · 한국 주식,일반,"AI가 끌어올린 코스피 , 중동·금리에 발목… 이번주 'FOMC 쇼크' 오나",네이버뉴스 등 3개 기사,"AI가 끌어올린 코스피 , 중동·금리에 발목… 이번주 'FOMC 쇼크' 오나",https://www.pinpointnews.co.kr/news/articleView.html?idxno=486452,네이버뉴스,pinpointnews.co.kr,"돌아오던 외국인, 이틀 새 4.9조 팔았다…전쟁·유가·금리에 코스피 흔...",https://www.kbmaeil.com/article/20260913500045,네이버뉴스,kbmaeil.com,[주간증시전망] 유가 100달러·美 10년물 금리 5% 돌파… FOMC도 대기,https://biz.chosun.com/stock/stock_general/2026/09/13/COR4LOJTZVA2JB5NFGHJZFR65Q/,Chosunbiz,biz.chosun.com,미작성,미발행,,,,
1cd1f9014b43e9b0,2026-09-13,경제 · 한국 주식,일반,"""이제 어디 투자할까?""…삼전닉스 개미들 5개월 만에 '팔자'",네이버뉴스 등 3개 기사,"""이제 어디 투자할까?""…삼전닉스 개미들 5개월 만에 '팔자'",http://www.wowtv.co.kr/NewsCenter/News/Read?articleId=A202609130031&t=NN,네이버뉴스,wowtv.co.kr,삼전·닉스 떠나는 개미들…9월들어 5개월 만에 '팔자' 전환,https://www.yna.co.kr/view/AKR20260911170800008?input=1195m,네이버뉴스,yna.co.kr,"""한국 가서 3개월 만에 우승했다"" KIA에선 행운 누렸는데…다저스에선 강제로 시즌 아웃 '시한부 임무 끝'",https://biz.chosun.com/sports/baseball/2026/09/13/MEYTAZLEMIZWMNJVGZTDGMZZMY/,Chosunbiz,biz.chosun.com,미작성,미발행,,,,
aa7fb7ffdcecb18e,2026-09-13,경제 · 한국 주식,일반,"""금리 흔들려도 AI 성장 유효""…코스피 7000선 안착할까 [주간전망]",한국경제 | 뉴스 | 증권 등 3개 기사,"""금리 흔들려도 AI 성장 유효""…코스피 7000선 안착할까 [주간전망]",https://www.hankyung.com/article/2026091179876,한국경제 | 뉴스 | 증권,hankyung.com,"[주간증시전망] 코스피, 7000선 안착할까…AI 훈풍 vs 고유가·고금리 '변...",https://www.ajunews.com/view/20260911171312680,네이버뉴스,ajunews.com,유가 100달러·美금리 5% 눈앞…FOMC가 ‘7000피’ 안착 시험대[선데이머...,https://www.sedaily.com/article/20090161?ref=naver,네이버뉴스,sedaily.com,미작성,미발행,,,,
1d62ac559b0f1171,2026-09-13,경제 · 한국 정책 이슈,일반,이형일 부총리 후보자 이번주 청문…' 비거주 1주택 '· 부동산 세 제 도마...,네이버뉴스 등 3개 기사,이형일 부총리 후보자 이번주 청문…' 비거주 1주택 '· 부동산 세 제 도마...,https://www.news1.kr/economy/trend/6288170,네이버뉴스,news1.kr,[다음주 경제] 이형일 부총리 후보자 인사청문회…금통위 의사록 공개,https://biz.sbs.co.kr/article_hub/20000334248?division=NAVER,네이버뉴스,biz.sbs.co.kr,복사도 안 된다더니...장관 후보자 줄줄이 ' 부동산 의혹',https://www.ytn.co.kr/_ln/0101_202609130509152877,네이버뉴스,ytn.co.kr,미작성,미발행,,,,
62a6bd5994c48b30,2026-09-13,경제 · 한국 정책 이슈,일반,이번주 2기 개각 청문회 슈퍼위크 돌입…김승원·용혜인 검증 '주목',네이버뉴스 등 3개 기사,이번주 2기 개각 청문회 슈퍼위크 돌입…김승원·용혜인 검증 '주목',https://www.news1.kr/politics/assembly/6288006,네이버뉴스,news1.kr,용혜인 청문회 표류·김승원 로비 공방…추석 앞두고 ‘검증 슈퍼위크’,https://www.kbmaeil.com/article/20260913500018,네이버뉴스,kbmaeil.com,인사청문 슈퍼위크 개막…용혜인 낙마위기속 김승원 생환여부 주목,https://www.yna.co.kr/view/AKR20260912036800001?input=1195m,네이버뉴스,yna.co.kr,미작성,미발행,,,,
1f156053d4dec1ec,2026-09-13,경제 · 한국 정책 이슈,일반,서울·충남·경남 '탄소중립 우수 지자체'…지방 정부 정책 이 달라지고 ...,네이버뉴스 등 3개 기사,서울·충남·경남 '탄소중립 우수 지자체'…지방 정부 정책 이 달라지고 ...,https://www.esgeconomy.com/news/articleView.html?idxno=16705,네이버뉴스,esgeconomy.com,"이사철 전세절벽에 서울 아파트값 최장 상승각, 국토부-서울시 정책 엇...",https://www.businesspost.co.kr/BP?command=article_view&num=447015,네이버뉴스,businesspost.co.kr,서울 아파트값 86주째 상승… 文정부 최장 기록 넘었다,https://biz.chosun.com/real_estate/real_estate_general/2026/09/13/AVZLPG7LX5DVHNEAKJGFP7ARW4/,Chosunbiz,biz.chosun.com,미작성,미발행,,,,
19ae5862c1dbd71b,2026-09-13,경제 · 한국 정책 이슈,일반,“43억 집에 안 살면 종부세 1천200만원”…내년 세금 400만원 더 낸다,네이버뉴스 등 3개 기사,“43억 집에 안 살면 종부세 1천200만원”…내년 세금 400만원 더 낸다,https://www.kyeonggi.com/article/20260913580016,네이버뉴스,kyeonggi.com,"""공시가 30억 비거주 1주택 내년 종부세 1천204만원""…429만원↑",https://www.yna.co.kr/view/AKR20260912044400002?input=1195m,네이버뉴스,yna.co.kr,공시가 30억 1주택 종부세 775만→1204만원…내년 55% 뛴다,https://biz.heraldcorp.com/article/10871382?ref=naver,네이버뉴스,biz.heraldcorp.com,미작성,미발행,,,,
fab5acc2b78eaa2f,2026-09-13,경제 · 한국 정책 이슈,일반,'충격의 월드컵 탈락+협회장 선거 혼란' 한국 축구 택한 모레노...입국장서 '직접 지원'한 이유 밝힐까,Chosunbiz 등 3개 기사,'충격의 월드컵 탈락+협회장 선거 혼란' 한국 축구 택한 모레노...입국장서 '직접 지원'한 이유 밝힐까,https://biz.chosun.com/sports/baseball/2026/09/13/GZRWIOJZMJTGCMDDGM4DKZRSGQ/,Chosunbiz,biz.chosun.com,‘韓바라기’ 자처한 테네시주 부지사…“한국기업 성공 끝까지 지원” [제27회 세계지식포럼],https://www.mk.co.kr/news/economy/12150263,매일경제 : 경제,mk.co.kr,"피임 지원엔 못 쓴다고 막은 5억달러…트럼프, 선거 앞두고 100만명에 푼...",https://www.newsis.com/view/NISX20260910_0003784151,네이버뉴스,newsis.com,미작성,미발행,,,,
48d1f4c7edf4abfb,2026-09-13,경제 · 재테크,일반,“퇴직금 10년 묵혀도 소용없다”… 연금 수령 절세 법 [머니 트레이스],네이버뉴스 등 3개 기사,“퇴직금 10년 묵혀도 소용없다”… 연금 수령 절세 법 [머니 트레이스],https://www.sedaily.com/article/20090094?ref=naver,네이버뉴스,sedaily.com,퇴직연금 500조 시대…AI 시대의 연금 투자 법에 답하다,https://www.news1.kr/life-culture/book/6286920,네이버뉴스,news1.kr,같은 듯 같지 않은 퇴직금·퇴직 연금 …어떻게 다른가 [이병희의 연금 술...,https://economist.co.kr/article/view/ecn202609110037,네이버뉴스,economist.co.kr,미작성,미발행,,,,
afee61276de7ac4a,2026-09-13,경제 · 재테크,일반,[여의도단신]한국 투자 증권·NH 투자 증권·미래에셋자산운용,네이버뉴스 등 3개 기사,[여의도단신]한국 투자 증권·NH 투자 증권·미래에셋자산운용,https://www.imaeil.com/page/view/2026091014095892251,네이버뉴스,imaeil.com,"NH 투자 증권, 패밀리오피스 세미나 성료",https://biz.heraldcorp.com/article/10868972?ref=naver,네이버뉴스,biz.heraldcorp.com,퇴직 연금 으로 개인 투자 용 국채 산다…하나은행·미래에셋 등 금융권 9월...,http://www.dailypop.kr/news/articleView.html?idxno=102429,네이버뉴스,dailypop.kr,미작성,미발행,,,,
5c7b2a74b6a3fc48,2026-09-13,경제 · 재테크,일반,"[단독] ""착한 기업에 투자했더니""…국민연금 6년 수익률 '깜짝'",한국경제 | 뉴스 | 증권 등 3개 기사,"[단독] ""착한 기업에 투자했더니""…국민연금 6년 수익률 '깜짝'",https://www.hankyung.com/article/2026091196011,한국경제 | 뉴스 | 증권,hankyung.com,연 4.8% 수익에 세액공제 혜택까지...퇴직 연금 서 개인 투자 용 국채 첫 청...,https://www.joongang.co.kr/article/25460455,네이버뉴스,joongang.co.kr,"[가장 보통의 투자 ] 국제 금값 올랐는데, 내 금 수익률은 왜 떨어졌나",https://bizhankook.com/articles/gold-price-rise-low-yield.html,네이버뉴스,bizhankook.com,미작성,미발행,,,,
668557f21eafa593,2026-09-13,경제 · 재테크,일반,"""예금 이자론 성 안 차""…은행 퇴직 연금 , '국채' 품고 반격할까",네이버뉴스 등 3개 기사,"""예금 이자론 성 안 차""…은행 퇴직 연금 , '국채' 품고 반격할까",https://www.dailian.co.kr/news/view/1688375/?sc=Naver,네이버뉴스,dailian.co.kr,"[기획] 퇴직 연금 개인 투자 용 국채, 예금·ETF보다 나을까",https://www.tleaves.co.kr/news/articleView.html?idxno=9816,네이버뉴스,tleaves.co.kr,퇴직 연금 으로 국채 산다…20년 보유 땐 161% 수익,https://www.joongang.co.kr/article/25460556,네이버뉴스,joongang.co.kr,미작성,미발행,,,,
36e0fe1245a999b6,2026-09-13,경제 · 재테크,일반,"""반도체 산업은 항상 사이클""…현재 국면에서 투자 전략은?",한국경제 | 뉴스 | 증권 등 3개 기사,"""반도체 산업은 항상 사이클""…현재 국면에서 투자 전략은?",https://www.hankyung.com/article/202609119361i,한국경제 | 뉴스 | 증권,hankyung.com,"[증권 & Now] 한국 투자 증권, '피델리티·핌코·칼라일'과 전략적 협력 등",https://www.ebn.co.kr/news/articleView.html?idxno=1723780,네이버뉴스,ebn.co.kr,"코스피 최대낙폭 -39% … 퇴직연금, 반도체 변동성 잡을 ETF 전략은",https://biz.newdaily.co.kr/site/data/html/2026/09/08/2026090800057.html,네이버뉴스,biz.newdaily.co.kr,미작성,미발행,,,,
3d4f7dff54e37b3b,2026-09-13,경제 · 부동산,일반,인사시스템 문제 없나…장관 후보 6명 '줄 논란',네이버뉴스 등 3개 기사,인사시스템 문제 없나…장관 후보 6명 '줄 논란',http://www.sisafocus.co.kr/news/articleView.html?idxno=364871,네이버뉴스,sisafocus.co.kr,[사설] 장관 후보 '부동산 변칙'… 국민 신뢰 무너진다,https://www.asiatoday.co.kr/kn/view.php?key=20260910010004095,네이버뉴스,asiatoday.co.kr,부동산 잡겠다는 李정부…장관 후보자들은 '영끌·갭투자·특별분양' 논...,https://www.news1.kr/politics/assembly/6286667,네이버뉴스,news1.kr,미작성,미발행,,,,
b1337de8277d7e2f,2026-09-13,경제 · 부동산,일반,"강신철, 특공 의혹 계속…줄줄이 '부동산 뇌관'",네이버뉴스 등 3개 기사,"강신철, 특공 의혹 계속…줄줄이 '부동산 뇌관'",http://www.yonhapnewstv.co.kr/news/MYH20260911190557iGb,네이버뉴스,yonhapnewstv.co.kr,산 넘어 산…이형일·강신철·홍지선·이소영 '부동산 의혹',http://www.newstomato.com/ReadNews.aspx?no=1313336&inflow=N,네이버뉴스,newstomato.com,부친·형·고모도 철거민?…‘강신철 특공’ 쟁점은?,https://news.kbs.co.kr/news/pc/view/view.do?ncd=8660629&ref=A,네이버뉴스,news.kbs.co.kr,미작성,미발행,,,,
ef7a68d862a6716c,2026-09-13,경제 · 부동산,일반,“대출·세금 복잡해도 역세권은 못 참지”…청약 경쟁률 수백 대 1 아파...,네이버뉴스 등 3개 기사,“대출·세금 복잡해도 역세권은 못 참지”…청약 경쟁률 수백 대 1 아파...,https://www.mk.co.kr/article/12151052,네이버뉴스,mk.co.kr,대형 건설사 ‘브랜드타운’ 인기⋯청약 경쟁률 비브랜드의 4배,https://www.etoday.co.kr/news/view/2624372,네이버뉴스,etoday.co.kr,' 아파트 말고 새 집 산다' 대출 규제 속 편리한 거주 가능한 수도권 핵...,https://edu.donga.com/news/articleView.html?idxno=111779,네이버뉴스,edu.donga.com,미작성,미발행,,,,
374f895ad8c9c92a,2026-09-13,경제 · 부동산,일반,"' 집값 급등' 동탄·기흥, 전셋값도 만만찮네…서울 7.6% 오를 때 10% '쑥...",네이버뉴스 등 3개 기사,"' 집값 급등' 동탄·기흥, 전셋값도 만만찮네…서울 7.6% 오를 때 10% '쑥...",https://www.mt.co.kr/estate/2026/09/12/2026091110402775255,네이버뉴스,mt.co.kr,강남 꺾이고 성북·구로 뛴다…서울 집값 상승축 ‘대이동’,https://www.g-enews.com/view.php?ud=20260911114413167514b1077807_1,네이버뉴스,g-enews.com,83주간 집값 상승 ‘톱10’에 한강벨트-셔세권… 지방은 더 하락,https://www.donga.com/news/Economy/article/all/20260911/134647002/2,네이버뉴스,donga.com,미작성,미발행,,,,
107aed35dcaf1e2d,2026-09-13,경제 · 부동산,일반,""" 종부세 공제 12억원 복원됐지만… 양도세 장특공 한도 신설이 복병""",네이버뉴스 등 3개 기사,""" 종부세 공제 12억원 복원됐지만… 양도세 장특공 한도 신설이 복병""",https://www.newsis.com/view/NISX20260911_0003785218,네이버뉴스,newsis.com,[김대호 진단] 양도세 와 장특공제,https://www.g-enews.com/view.php?ud=202609070900584082906806b77b_1,네이버뉴스,g-enews.com,양도세 · 종부세 모두 강화하는 것이 맞나 [2026 국감이슈],http://www.joseilbo.com/news/news_read.php?uid=575426&class=7&grp=,네이버뉴스,joseilbo.com,미작성,미발행,,,,
0e1e4679f16bbb13,2026-09-13,경제 · 미국 주식,일반,서학개미의 변심?…환율 하락에도 이달 美증시 순매도 전환,네이버뉴스 등 3개 기사,서학개미의 변심?…환율 하락에도 이달 美증시 순매도 전환,https://www.yna.co.kr/view/AKR20260912019200008?input=1195m,네이버뉴스,yna.co.kr,코스피 1.76% 하락 마감 뒤 미 CPI 공개…뉴욕 증시 3대 지수는 일제히 반...,https://www.cbci.co.kr/news/articleView.html?idxno=606310,네이버뉴스,cbci.co.kr,"뉴욕 증시 , 5거래일 만 반등...유가 하락·CPI 불확실 해소 덕",https://www.fnnews.com/news/202609120913025965,네이버뉴스,fnnews.com,미작성,미발행,,,,
dea0cf54160efa5b,2026-09-13,경제 · 미국 주식,일반,삼성전자·SK하이닉스·알테오젠 하락…코스피·코스닥 내렸는데 뉴욕증...,네이버뉴스 등 3개 기사,삼성전자·SK하이닉스·알테오젠 하락…코스피·코스닥 내렸는데 뉴욕증...,https://www.cbci.co.kr/news/articleView.html?idxno=606201,네이버뉴스,cbci.co.kr,"""금리 올리면 SK하이닉스, 동결하면 삼성전자""...FOMC 앞두고 갈린 투자 ...",https://www.ebn.co.kr/news/articleView.html?idxno=1724016,네이버뉴스,ebn.co.kr,"[해외시황] 뉴욕증시, 유가 하락·CPI 안도에 5거래일 만에 '반등'…나스...",http://www.newsprime.co.kr/news/article.html?no=747477,네이버뉴스,newsprime.co.kr,미작성,미발행,,,,
ce1640ee6b8d0ac6,2026-09-13,경제 · 미국 주식,일반,다우 509포인트 급등…유가 하락·물가 지표 소화하며 4거래일 하락세 ...,네이버뉴스 등 3개 기사,다우 509포인트 급등…유가 하락·물가 지표 소화하며 4거래일 하락세 ...,https://www.fntoday.co.kr/news/articleView.html?idxno=392892,네이버뉴스,fntoday.co.kr,유가 급등세 진정에 뉴욕 증시 반등…다우 509포인트 올라,https://www.kbmaeil.com/article/20260912500003,네이버뉴스,kbmaeil.com,"美 CPI 예상치 부합·유가 진정...뉴욕 증시 , 5거래일 만에 반등",http://www.metroseoul.co.kr/article/20260912500006,네이버뉴스,metroseoul.co.kr,미작성,미발행,,,,
f4e0ab2d146c5986,2026-09-13,경제 · 미국 주식,일반,[뉴욕증시-주간전망] 금리 인상 재료는 갖춰졌다…이제 워시의 시간,네이버뉴스 등 3개 기사,[뉴욕증시-주간전망] 금리 인상 재료는 갖춰졌다…이제 워시의 시간,https://news.einfomax.co.kr/news/articleView.html?idxno=4434568,네이버뉴스,news.einfomax.co.kr,"워시, 금리 인상 갈림길…물가·시장·트럼프 압박",https://www.g-enews.com/view.php?ud=2026091220560411089a1f309431_1,네이버뉴스,g-enews.com,美 물가 심상찮다…9월 금리 인상 확률 '88%'까지 치솟아,https://www.ebn.co.kr/news/articleView.html?idxno=1724015,네이버뉴스,ebn.co.kr,미작성,미발행,,,,
639e5bb32fb36c03,2026-09-13,경제 · 미국 주식,일반,"""환율 내렸는데 왜?""…미장서 발 빼는 서학개미",네이버뉴스 등 3개 기사,"""환율 내렸는데 왜?""…미장서 발 빼는 서학개미",http://www.wowtv.co.kr/NewsCenter/News/Read?articleId=A202609130033&t=NN,네이버뉴스,wowtv.co.kr,환율 호재도 소용없었다…서학개미 '공격 투자 ' 멈춘 신호,https://www.pinpointnews.co.kr/news/articleView.html?idxno=486440,네이버뉴스,pinpointnews.co.kr,"환율 내려도 美 주식 ‘팔자’…서학개미, ‘속슬’ 대량 매도에 방향 틀...",https://www.kbmaeil.com/article/20260913500023,네이버뉴스,kbmaeil.com,미작성,미발행,,,,
40df5ee949ac530e,2026-09-13,건강 · 최신 이슈,연예인 건강,"이필모, 오늘(12일) 부친상…슬픔 속 빈소 지켜",네이버뉴스 등 3개 기사,"이필모, 오늘(12일) 부친상…슬픔 속 빈소 지켜",http://www.tvdaily.co.kr/read.php3?aid=17892244501802013002,네이버뉴스,tvdaily.co.kr,"이필모, 오늘(12일) 부친상… 투병 父에 끝내 母 별세 못 알려",https://sports.donga.com/ent/article/all/20260912/134655456/1,네이버뉴스,sports.donga.com,"이필모, 오늘(12일) 부친상…3년 전 모친상 이어 비보",https://www.xportsnews.com/article/2195091,네이버뉴스,xportsnews.com,미작성,미발행,,,,
9a6debe956cc7b92,2026-09-13,건강 · 최신 이슈,연예인 건강,"이필모, 부친상 비보…母 부고 못 전한 사연",네이버뉴스 등 3개 기사,"이필모, 부친상 비보…母 부고 못 전한 사연",http://enews.imbc.com/News/RetrieveNewsInfo/518086,네이버뉴스,enews.imbc.com,"이필모, 오늘(12일) 부친상..母 죽음도 알리지 못했던 '가슴 아픈 사연'",https://www.sportschosun.com/entertainment/2026-09-12/202609120100085070005559,네이버뉴스,sportschosun.com,"[공식] 이필모, 오늘(12일) 부친상..""' 투병 ' 父에 母 부고 못 전해"" 고백...",https://www.starnewskorea.com/star/2026/09/12/2026091222445547399,네이버뉴스,starnewskorea.com,미작성,미발행,,,,
75be421cb4b0788f,2026-09-13,건강 · 생활 건강 정보,일반,"이렇게 걸으면 아무리 해도 건강 에 해롭다, 잘못된 걷기 7",네이버뉴스 등 3개 기사,"이렇게 걸으면 아무리 해도 건강 에 해롭다, 잘못된 걷기 7",https://www.gqkorea.co.kr/2026/09/13/%ec%9d%b4%eb%a0%87%ea%b2%8c-%ea%b1%b8%ec%9c%bc%eb%a9%b4-%ec%95%84%eb%ac%b4%eb%a6%ac-%ed%95%b4%eb%8f%84-%ea%b1%b4%ea%b0%95%ec%97%90-%ed%95%b4%eb%a1%ad%eb%8b%a4-%ec%9e%98%eb%aa%bb%eb%90%9c-%ea%b1%b7/?utm_source=naver&utm_medium=partnership,네이버뉴스,gqkorea.co.kr,"[허찬솔의 생활 건강 ] 운동 하기 전 '5분 걷기 ', 준비 운동 될까",https://weekly.hankooki.com/news/articleView.html?idxno=7183412,네이버뉴스,weekly.hankooki.com,"딸이 챙기는 엄마의 건강 , 하루 10분 걷기",https://bravo.etoday.co.kr/view/atc_view/19935,네이버뉴스,bravo.etoday.co.kr,미작성,미발행,,,,
2b864ea557f296f0,2026-09-13,건강 · 생활 건강 정보,일반,"고도비만 수술, 체중 27% 줄이고 당뇨병·고혈압까지 개선",네이버뉴스 등 3개 기사,"고도비만 수술, 체중 27% 줄이고 당뇨병·고혈압까지 개선",https://www.edaily.co.kr/News/Read?newsId=01800726645579464&mediaCodeNo=257&utm_source=naver&utm_medium=referral&utm_campaign=news_syndication&utm_content=original_article,네이버뉴스,edaily.co.kr,수술 없이 안구돌출 개선…표적치료가 연 갑상선안병증 새 시대,http://www.docdocdoc.co.kr/news/articleView.html?idxno=3042687,청년의사 - 전체기사,docdocdoc.co.kr,"당뇨병·고혈압·고지혈증 '내과 3高 질환', 전문가와 함께 포괄적인 관...",https://www.eroun.net/news/articleView.html?idxno=89795,네이버뉴스,eroun.net,미작성,미발행,,,,
d8771f28dd3b8f98,2026-09-13,건강 · 생활 건강 정보,일반,"“79세 몸 맞아?” 정영숙, 20대처럼 유연하고 탄탄…근육 지킨 ‘이 운동’은?",코메디닷컴 등 3개 기사,"“79세 몸 맞아?” 정영숙, 20대처럼 유연하고 탄탄…근육 지킨 ‘이 운동’은?",https://kormedi.com/2863999/,코메디닷컴,kormedi.com,"79세 정영숙, 이 동작이 된다고?…“저 정도면 신체나이 20대” [셀럽 건...",https://www.seoul.co.kr/news/entertainment/starinterN/2026/09/10/20260910500261?wlog_tag3=naver,네이버뉴스,seoul.co.kr,"""살 빼려다 자격증까지""… 정영주가 푹 빠진 운동 , 뭐야?",https://health.chosun.com/site/data/html_dir/2026/09/11/2026091101398.html,네이버뉴스,health.chosun.com,미작성,미발행,,,,
c803e65c8578727c,2026-09-13,건강 · 생활 건강 정보,일반,* 9월 13일 오늘의 운세 *,네이버뉴스 등 3개 기사,* 9월 13일 오늘의 운세 *,https://www.pointdaily.co.kr/news/articleView.html?idxno=318281,네이버뉴스,pointdaily.co.kr,[오늘의 띠별 운세] 2026년 9월 13일 일요일,https://www.public25.com/news/articleView.html?idxno=54609,네이버뉴스,public25.com,오늘의 운세 띠별 운세 9월13일,https://www.bntnews.co.kr/article/view/bnt202609120132,네이버뉴스,bntnews.co.kr,미작성,미발행,,,,
df63034991899132,2026-09-12,패션뷰티,일반,"코스맥스, 바쿠치올 고형제 안정화 기술로 롱제비티 시장 공략",네이버뉴스 등 3개 기사,"코스맥스, 바쿠치올 고형제 안정화 기술로 롱제비티 시장 공략",https://www.thebk.co.kr/news/articleView.html?idxno=311627,네이버뉴스,thebk.co.kr,"코스맥스, 바쿠치올 '굳히기' 성공…고기능 멀티밤 시장 노크",https://www.megaeconomy.co.kr/news/newsview.php?ncode=1065595232148913,네이버뉴스,megaeconomy.co.kr,"코스맥스, 레티놀 대비 열·빛에 대한 안정성 우수…'바쿠치올 멀티밤'...",http://www.sisacast.kr/news/articleView.html?idxno=99954,네이버뉴스,sisacast.kr,미작성,미발행,,,,
8c439a8482bcc669,2026-09-12,패션뷰티,일반,올리브영 천국 홍대 앞에 던진 무신사 뷰티의 승부수,네이버뉴스 등 3개 기사,올리브영 천국 홍대 앞에 던진 무신사 뷰티의 승부수,https://byline.network/?p=9004111222619403,네이버뉴스,byline.network,"[현장] 무신사, 홍대 뷰티 판 흔든다…약국 품은 400평 첫 단독점",http://www.ktnews.com/news/articleView.html?idxno=148503,네이버뉴스,ktnews.com,"콜롬비아 뷰티 시장, K- 뷰티 다음 승부처는 ‘ODM’",http://dream.kotra.or.kr/kotranews/cms/news/actionKotraBoardDetail.do?SITE_NO=3&MENU_ID=180&CONTENTS_NO=1&bbsGbn=243&bbsSn=243&pNttSn=243892,네이버뉴스,dream.kotra.or.kr,미작성,미발행,,,,
03b972191b4a8094,2026-09-12,패션뷰티,일반,"'차세대 레티놀' 바쿠치올을 스틱으로…코스맥스, 식약처 기능성 허가",네이버뉴스 등 3개 기사,"'차세대 레티놀' 바쿠치올을 스틱으로…코스맥스, 식약처 기능성 허가",https://www.ddaily.co.kr/page/view/2026091117292043275,네이버뉴스,ddaily.co.kr,"코스맥스, 바쿠치올 스틱형 화장품 식약처 기능성 허가",https://www.mdtoday.co.kr/news/articleView.html?idxno=611720,네이버뉴스,mdtoday.co.kr,"코스맥스, 바쿠치올 스틱형 주름개선 화장품 식약처 허가",https://www.viva100.com/article/20260911500884,네이버뉴스,viva100.com,미작성,미발행,,,,
79b14327d364067a,2026-09-12,패션뷰티,일반,"""명절 선물로도 실하네""...뷰티업계, 추석 맞이 기획세트 잇단 출시",네이버뉴스 등 3개 기사,"""명절 선물로도 실하네""...뷰티업계, 추석 맞이 기획세트 잇단 출시",https://www.youthdaily.co.kr/news/article.html?no=226911,네이버뉴스,youthdaily.co.kr,추석 선물도 이제는 '뷰티 시대' [최기자의 화장품 털기],https://www.meconomynews.com/news/articleView.html?idxno=201543,네이버뉴스,meconomynews.com,"풍성하게 추석준비…""소중한 마음을 선물 하세요""",https://www.asiatoday.co.kr/kn/view.php?key=20260910010004074,네이버뉴스,asiatoday.co.kr,미작성,미발행,,,,
54807fbf35cb1cec,2026-09-12,카테크 · 자동차,일반,"한국앤컴퍼니그룹, 2026 하반기 신입사원 공개 채용",모터그래프코리아 - 전체기사 등 3개 기사,"한국앤컴퍼니그룹, 2026 하반기 신입사원 공개 채용",https://www.motorgraph.com/news/articleView.html?idxno=44503,모터그래프코리아 - 전체기사,motorgraph.com,"한국타이어, FIA 최고등급 환경인증 2028년까지 연장… 라우펜은 '레온'...",http://www.biztribune.co.kr/news/articleView.html?idxno=358858,네이버뉴스,biztribune.co.kr,"블라우풍트 코리아, IFA 2026서 신제품 공개…유럽 협력도 모색",https://theviewers.co.kr/View.aspx?No=4222881,네이버뉴스,theviewers.co.kr,미작성,미발행,,,,
d8b8aa143c629dd4,2026-09-12,카테크 · 자동차,일반,액셀 잘못 밟는 車 사고 증가… 안전장치 달면 보험 료 할인,네이버뉴스 등 3개 기사,액셀 잘못 밟는 車 사고 증가… 안전장치 달면 보험 료 할인,https://biz.chosun.com/stock/finance/2026/09/12/FWHRW54IM5E3TOUK4KXRDPSY24/?utm_source=naver&utm_medium=original&utm_campaign=biz,네이버뉴스,biz.chosun.com,"금감원 보험 소비자 분쟁 증가에 직접 나서, 보험 사들은 민원·분쟁 관리 ...",https://www.businesspost.co.kr/BP?command=article_view&num=447007,네이버뉴스,businesspost.co.kr,중고차 성능 보험 손해율 99.3%→58.1% 급감…사고 늘었는데 보험 금 지급...,https://www.updownnews.co.kr/news/articleView.html?idxno=318747,네이버뉴스,updownnews.co.kr,미작성,미발행,,,,
dd1fbec71c354cda,2026-09-12,카테크 · 자동차,일반,"신기술이 집약된 제네시스 GV90 네오룬, GV90 일반 공개",모터그래프코리아 - 전체기사 등 3개 기사,"신기술이 집약된 제네시스 GV90 네오룬, GV90 일반 공개",https://www.motorgraph.com/news/articleView.html?idxno=44504,모터그래프코리아 - 전체기사,motorgraph.com,"현대모비스, 차세대 신기술 60여종 공개…'R&D 테크데이' 개최",https://www.todayenergy.kr/news/articleView.html?idxno=302923,네이버뉴스,todayenergy.kr,"[이주의 모빌리티] 제네시스, 수지서 GV90 국내 첫 전시 外",https://dealsite.co.kr/articles/168867,네이버뉴스,dealsite.co.kr,미작성,미발행,,,,
0097b3cd1af2e67e,2026-09-12,카테크 · 자동차,일반,“남녀노소 만족할 전기차 ”…기본기 탄탄한 베스트셀링 SUV [시승기-폭...,네이버뉴스 등 3개 기사,“남녀노소 만족할 전기차 ”…기본기 탄탄한 베스트셀링 SUV [시승기-폭...,https://biz.heraldcorp.com/article/10870818?ref=naver,네이버뉴스,biz.heraldcorp.com,[시승기] 전기차 느낌 하이브리드…BYD 씨라이언 6 DM-i 타보니,https://www.cnbizm.com/news/articleView.html?idxno=314845,네이버뉴스,cnbizm.com,"제네시스, GV90 국내 첫 공개..고급 전기 SUV 공략",http://www.4th.kr/news/articleView.html?idxno=2117894,네이버뉴스,4th.kr,미작성,미발행,,,,
bd5918a5eff29d2e,2026-09-12,카테크 · 자동차,일반,"'별들의 전쟁' 챔스가 '글로벌 쇼룸' 된다⋯현대차, 축구로 유럽 전기차 ...",네이버뉴스 등 3개 기사,"'별들의 전쟁' 챔스가 '글로벌 쇼룸' 된다⋯현대차, 축구로 유럽 전기차 ...",http://www.inews24.com/view/2003576,네이버뉴스,inews24.com,앱티브가 택한 스트라드비젼 AI…中 전기차 유럽 진출 돕는다,https://www.dailian.co.kr/news/view/1689444/?sc=Naver,네이버뉴스,dailian.co.kr,현대차 38만원선 약세…파업 생산차질·글로벌 위험회피에 2%대 하락,https://www.job-post.co.kr/news/articleView.html?idxno=227156,네이버뉴스,job-post.co.kr,미작성,미발행,,,,
f2e9cff9691a7f30,2026-09-12,카테크 · IT,일반,"이마트, 아이폰18 라인업 사전예약…전국 75개점서 진행",네이버뉴스 등 3개 기사,"이마트, 아이폰18 라인업 사전예약…전국 75개점서 진행",http://www.econonews.co.kr/news/articleView.html?idxno=444224,네이버뉴스,econonews.co.kr,"이마트, iPhone 18 사전예약…Apple 매출 1~8월 30%↑",http://www.kdfnews.com/news/articleView.html?idxno=187905,네이버뉴스,kdfnews.com,"이통3사, 아이폰18 프로 12일부터 사전예약...혜택 총력전",http://www.ftoday.co.kr/news/articleView.html?idxno=365289,네이버뉴스,ftoday.co.kr,미작성,미발행,,,,
772c68f40b666fb5,2026-09-12,카테크 · IT,일반,"롯데카드, 띵샵 내 Apple 브랜드관 론칭... 아이폰 18 프로 출격",네이버뉴스 등 3개 기사,"롯데카드, 띵샵 내 Apple 브랜드관 론칭... 아이폰 18 프로 출격",http://www.newslock.co.kr/news/articleView.html?idxno=136104,네이버뉴스,newslock.co.kr,아이폰18 프로 사전예약 시작…이통3사 할인·보상 경쟁,https://www.cstimes.com/news/articleView.html?idxno=720376,네이버뉴스,cstimes.com,"쿠팡, 아이폰 18 프로·프로맥스 사전예약 12일 시작",https://www.sentv.co.kr/article/view/sentv202609110195,네이버뉴스,sentv.co.kr,미작성,미발행,,,,
35a9aeb208ca1bc8,2026-09-12,카테크 · IT,일반,"‘애플식 환율’이 뭐길래…듀오는 美보다 비싸고, 구형도 최대 50만원...",네이버뉴스 등 3개 기사,"‘애플식 환율’이 뭐길래…듀오는 美보다 비싸고, 구형도 최대 50만원...",https://www.ekn.kr/web/view.php?key=20260911028443428,네이버뉴스,ekn.kr,"""접으면서 맥북 급 성능"" 애플 아이폰 듀오·18프로, 타협은 없었다",https://www.econovill.com/news/articleView.html?idxno=750376,네이버뉴스,econovill.com,"애플, 폴더블 스마트폰 '아이폰 듀오' 공개 ""시장 판도 바뀌나""",https://www.gamevu.co.kr/news/articleView.html?idxno=60752,네이버뉴스,gamevu.co.kr,미작성,미발행,,,,
30d31466d1251326,2026-09-12,카테크 · IT,일반,"7년 먼저 접은 삼성, 애플과 폴더블 왕좌 정면승부",네이버뉴스 등 3개 기사,"7년 먼저 접은 삼성, 애플과 폴더블 왕좌 정면승부",https://www.etoday.co.kr/news/view/2624414,네이버뉴스,etoday.co.kr,애플 참전으로 불붙은 '폴더블' 판세…'7년 뚝심' 삼성전자가 웃는 이유,https://www.financialpost.co.kr/news/articleView.html?idxno=275218,네이버뉴스,financialpost.co.kr,"""팀 쿡이 갤럭시로 바꿨다""…삼성, 애플 폴더블폰에 '깜짝 반격'",https://www.newsis.com/view/NISX20260911_0003786555,네이버뉴스,newsis.com,미작성,미발행,,,,
7b38fc21041b7c75,2026-09-12,스포츠,일반,"휠라(FILA), 성수동 서울숲에 러닝 특화 매장 ‘휠라 러닝 클럽(FILA RUNNI...",네이버뉴스 등 3개 기사,"휠라(FILA), 성수동 서울숲에 러닝 특화 매장 ‘휠라 러닝 클럽(FILA RUNNI...",https://sports.khan.co.kr/article/202609120441003?pt=nv,네이버뉴스,sports.khan.co.kr,"휠라(FILA), 성수동 서울숲 러닝 특화 매장 '러닝 클럽(FILA RUNNING CLUB)' ...",http://www.sisacast.kr/news/articleView.html?idxno=99973,네이버뉴스,sisacast.kr,"“러너 성지되겠네”…휠라, 성수동 서울숲에 러닝 특화 매장 열어",https://www.mk.co.kr/article/12150822,네이버뉴스,mk.co.kr,미작성,미발행,,,,
a64486f81ec5c72b,2026-09-12,스포츠,일반,"황희찬, 샬케04 데뷔전서 도움…정우영과의 '코리안 더비'서 웃었다",연합뉴스TV :: 대한민국 뉴스의 시작. 채널 23 » 스포츠 등 3개 기사,"황희찬, 샬케04 데뷔전서 도움…정우영과의 '코리안 더비'서 웃었다",https://www.yonhapnewstv.co.kr/news/AKR202609120821084UK,연합뉴스TV :: 대한민국 뉴스의 시작. 채널 23 » 스포츠,yonhapnewstv.co.kr,"황희찬, 샬케 데뷔전서 도움…우니온전 3-1 승리 쐐기",https://www.mediafine.co.kr/news/articleView.html?idxno=89577,네이버뉴스,mediafine.co.kr,"황희찬, 독일 데뷔전서 첫 도움…샬케는 시즌 첫 승리",https://www.slist.kr/news/articleView.html?idxno=765592,네이버뉴스,slist.kr,미작성,미발행,,,,
f0fa809686d954f9,2026-09-12,스포츠,일반,제46회 전국장애인체육대회 제주서 개막…6일간의 열전 돌입,연합뉴스TV :: 대한민국 뉴스의 시작. 채널 23 » 스포츠 등 3개 기사,제46회 전국장애인체육대회 제주서 개막…6일간의 열전 돌입,https://www.yonhapnewstv.co.kr/news/AKR20260912081116ksS,연합뉴스TV :: 대한민국 뉴스의 시작. 채널 23 » 스포츠,yonhapnewstv.co.kr,"전국장애인체전, 사상 첫 제주 개최…11일 개막",https://www.newsis.com/view/NISX20260911_0003785533,스포츠,newsis.com,"‘2026 제28회 DAEJEON IRO WEEK’ KAIST서 개막…전국 학생 약 1,200명 참...",https://www.livesnews.com/news/article.html?no=64137,네이버뉴스,livesnews.com,미작성,미발행,,,,
a2db4ca7e5904074,2026-09-12,스포츠,일반,남자배구 한일전 성사…아시아선수권 4강전 격돌,연합뉴스TV :: 대한민국 뉴스의 시작. 채널 23 » 스포츠 등 3개 기사,남자배구 한일전 성사…아시아선수권 4강전 격돌,https://www.yonhapnewstv.co.kr/news/AKR20260912080841T1W,연합뉴스TV :: 대한민국 뉴스의 시작. 채널 23 » 스포츠,yonhapnewstv.co.kr,"남자 농구, 인니 대파…한일전 앞두고 '아시안게임 2연승'",https://www.newsis.com/view/NISX20260911_0003786235,스포츠,newsis.com,"3대3 남자 농구대표팀, 아시안게임 앞두고 U-23 월드컵 출전",https://news.sbs.co.kr/news/endPage.do?news_id=N1008748921&plink=RSSLINK&cooper=RSSREADER,스포츠 - SBS 뉴스 섹션,news.sbs.co.kr,미작성,미발행,,,,
bc524e4c94e6bc02,2026-09-12,스포츠,일반,김도영 퇴원 → KIA 3연패 탈출 → 1~4위 맞대결 → 3위 탈환까지? [어제...,네이버뉴스 등 3개 기사,김도영 퇴원 → KIA 3연패 탈출 → 1~4위 맞대결 → 3위 탈환까지? [어제...,https://www.donga.com/news/Sports/article/all/20260912/134654333/1,네이버뉴스,donga.com,"KIA 김도영, 코뼈 수술 후 퇴원해 밝은 표정으로 선수단 합류 …13일 한...",http://www.thesportstimes.co.kr/news/articleView.html?idxno=375609,네이버뉴스,thesportstimes.co.kr,"KIA 김도영, 코뼈 수술 후 퇴원…""13일 복귀, 당일 컨디션 살필 것""",https://www.yonhapnewstv.co.kr/news/MYH202609112322489O0,연합뉴스TV :: 대한민국 뉴스의 시작. 채널 23 » 스포츠,yonhapnewstv.co.kr,미작성,미발행,,,,
117b744cc6b3fa87,2026-09-12,방송연예,일반,"이동건, 제주 카페 방치 논란에 ""정리하고 나와""",네이버뉴스 등 3개 기사,"이동건, 제주 카페 방치 논란에 ""정리하고 나와""",https://www.mediafine.co.kr/news/articleView.html?idxno=89555,네이버뉴스,mediafine.co.kr,"2억 빚내서 차린 카페, 녹조연못 논란에 이동건 해명…""영업종료 절차 ...",https://www.fnnews.com/news/202609111643446983,네이버뉴스,fnnews.com,"이동건 '2억 대출' 제주 카페 근황…녹조빛 연못에 ""벌레 바글바글""",https://www.newsis.com/view/NISX20260911_0003785493,연예,newsis.com,미작성,미발행,,,,
693c51b65caf00e7,2026-09-12,방송연예,일반,"이관희♥유시은, 공개 연애 두 달-커플 일상 공유",네이버뉴스 등 3개 기사,"이관희♥유시은, 공개 연애 두 달-커플 일상 공유",https://www.mediafine.co.kr/news/articleView.html?idxno=89554,네이버뉴스,mediafine.co.kr,"‘방송 당시엔 다른 커플’ 이관희·유시은, 깜짝 ‘합가’ 선언 “둘이...",https://www.mk.co.kr/article/12150897,네이버뉴스,mk.co.kr,"장근석, 편의점 장보기 일상 공개…예능·밴드 활동 잇는 근황",https://www.topstarnews.net/news/articleView.html?idxno=16190197,네이버뉴스,topstarnews.net,미작성,미발행,,,,
0e712d143435fe9e,2026-09-12,방송연예,일반,"라이머, 이혼 3년 만에 재혼 의지 ""아이 너무 좋아해""",연예 등 3개 기사,"라이머, 이혼 3년 만에 재혼 의지 ""아이 너무 좋아해""",https://www.newsis.com/view/NISX20260912_0003786658,연예,newsis.com,"지연과 이혼 황재균, ""카페 5달-또 3달 만에 문 닫아""",https://www.mediafine.co.kr/news/articleView.html?idxno=89568,네이버뉴스,mediafine.co.kr,"서인영, 과거 욕설 논란부터 이혼·재혼까지…'비서진'서 전격 고백",https://news.sbs.co.kr/news/endPage.do?news_id=N1008748728&plink=RSSLINK&cooper=RSSREADER,방송/연예 - SBS 뉴스 섹션,news.sbs.co.kr,미작성,미발행,,,,
f879ecd79f2ac70b,2026-09-12,방송연예,일반,[클로즈업 필름]이창동 '가능한 사랑' 황금사자상 보인다,연예 등 3개 기사,[클로즈업 필름]이창동 '가능한 사랑' 황금사자상 보인다,https://www.newsis.com/view/NISX20260911_0003786412,연예,newsis.com,"이창동 '가능한 사랑' 베니스서 호평…""다만 평단 평가와 수상은 별개""",https://www.mediatoday.co.kr/news/articleView.html?idxno=337049,네이버뉴스,mediatoday.co.kr,"'가능한 사랑' 조인성-조여정, 개봉 전 이동진 평론가 만난다…스페셜 ...",https://www.topstarnews.net/news/articleView.html?idxno=16189797,네이버뉴스,topstarnews.net,미작성,미발행,,,,
323167517fe742f7,2026-09-12,방송연예,일반,"[브라보 문화 이슈] ‘유인나에게’ 아이유 MV, 김영옥·나문희여야 했...",네이버뉴스 등 3개 기사,"[브라보 문화 이슈] ‘유인나에게’ 아이유 MV, 김영옥·나문희여야 했...",https://bravo.etoday.co.kr/view/atc_view/20041,네이버뉴스,bravo.etoday.co.kr,"""유인나에게""…아이유, 음원차트 싹쓸이 속 절친 위한 노래 화제",https://star.ytn.co.kr/_sn/0117_202609111513053771,네이버뉴스,star.ytn.co.kr,"'경찰 변신' 아이유, 제복 자태에 경례까지…나문희 옆 손하트까지 '애...",https://www.sportschosun.com/entertainment/2026-09-11/202609110100078740005101,네이버뉴스,sportschosun.com,미작성,미발행,,,,
f4ed11bdd003e70b,2026-09-12,고생물,일반,"보성군, '코리아노사우루스' 골격 화석 천연기념물 지정",네이버뉴스 등 3개 기사,"보성군, '코리아노사우루스' 골격 화석 천연기념물 지정",https://www.newsfreezone.co.kr/news/articleView.html?idxno=708042,네이버뉴스,newsfreezone.co.kr,"'코리아' 학명 인정된 공룡 화석 ... 보성 골격 화석 , 마침내 천연기념물...",https://www.insight.co.kr/news/571980,네이버뉴스,insight.co.kr,"보성서 찾은 한반도 최초 조각류 공룡 골격, 천연기념물 됐다",https://www.newsis.com/view/NISX20260907_0003779031,네이버뉴스,newsis.com,미작성,미발행,,,,
905b991ba7bd2c25,2026-09-12,고생물,일반,공룡 멸종했는데 새는 생존...똥 화석 에 숨겨진 단서 발견,네이버뉴스 등 3개 기사,공룡 멸종했는데 새는 생존...똥 화석 에 숨겨진 단서 발견,http://www.wowtv.co.kr/NewsCenter/News/Read?articleId=A202609110312&t=NN,네이버뉴스,wowtv.co.kr,"[사이테크+] "" 공룡 똥 화석 속 6천600만년 전 새 깃털…조류 생존 비결 단...",https://www.yna.co.kr/view/AKR20260910143000017?input=1195m,네이버뉴스,yna.co.kr,"우리나라에서 발견 된 공룡 화석 , 천연기념물 됐어요",https://kids.donga.com/news/articleView.html?idxno=169786,네이버뉴스,kids.donga.com,미작성,미발행,,,,
21e94cf557b374aa,2026-09-12,경제 · 한국 주식,일반,유가 하락·CPI 안도에 '숨통'…5일 만에 반등 [뉴욕증시 브리핑],한국경제 | 뉴스 | 증권 등 3개 기사,유가 하락·CPI 안도에 '숨통'…5일 만에 반등 [뉴욕증시 브리핑],https://www.hankyung.com/article/2026091200027,한국경제 | 뉴스 | 증권,hankyung.com,"뉴욕증시, 유가 급락에 5거래일 만에 반등…나스닥 0.96%↑",https://biz.chosun.com/international/international_economy/2026/09/12/NBZZTPDXBJAJZGQ3NCQKANUBI4/,Chosunbiz,biz.chosun.com,[AI MY 증시전망] 뉴욕증시 4거래일 연속 하락…외인 수급·유가·美 CPI ...,https://www.newspim.com/news/view/20260911000075,네이버뉴스,newspim.com,미작성,미발행,,,,
7a912be2b022e456,2026-09-12,경제 · 한국 주식,일반,유가 100달러 넘었는데… 호르무즈 협상 깨지면 '120달러' 공포,네이버뉴스 등 3개 기사,유가 100달러 넘었는데… 호르무즈 협상 깨지면 '120달러' 공포,https://www.pinpointnews.co.kr/news/articleView.html?idxno=486346,네이버뉴스,pinpointnews.co.kr,[EBN 오늘 (11일) 이슈 종합] 국제유가 100달러 돌파·포스코 120시간 파업...,https://www.ebn.co.kr/news/articleView.html?idxno=1723995,네이버뉴스,ebn.co.kr,[매크로 인사이트] “유가 100달러 돌파에 9월 FOMC 인상 가능성 고개…...,http://www.wowtv.co.kr/NewsCenter/News/Read?articleId=A202609110534&t=NN,네이버뉴스,wowtv.co.kr,미작성,미발행,,,,
323ecd10d3a5fa02,2026-09-12,경제 · 한국 주식,일반,"삼전닉스부터 미국 메모리·소부장까지…자산운용사, 반도체 ETF 차별화",네이버뉴스 등 3개 기사,"삼전닉스부터 미국 메모리·소부장까지…자산운용사, 반도체 ETF 차별화",https://www.newspim.com/news/view/20260911000732,네이버뉴스,newspim.com,"미국증시, 유가 3% 급락에 반등…CPI 부담에도 엔비디아·반도체주 상승",https://www.topstarnews.net/news/articleView.html?idxno=16190353,네이버뉴스,topstarnews.net,변동장에 파킹형 상품 자금몰이…반도체·원전 ETF 강세 [ETF 브리핑],https://news.mtn.co.kr/news-detail/2026091116263425700,네이버뉴스,news.mtn.co.kr,미작성,미발행,,,,
9486c226b2965f35,2026-09-12,경제 · 한국 주식,일반,"목표가 사라진 팀이라도, 이렇게 무기력해도 될까…'흑역사 9년' 롯데는 2026년 무엇을 남길까",Chosunbiz 등 3개 기사,"목표가 사라진 팀이라도, 이렇게 무기력해도 될까…'흑역사 9년' 롯데는 2026년 무엇을 남길까",https://biz.chosun.com/sports/baseball/2026/09/12/MI4DGOJYGNTGCNDFGBSGKZJRME/,Chosunbiz,biz.chosun.com,"신동빈, 롯데쇼핑 20만3150주 장내매도",https://www.mk.co.kr/news/business/12150725,매일경제 : 기업/경영,mk.co.kr,[머니무브 2026]“무엇을 살까”보다 “무엇을 볼까”…4인의 전문가가...,https://www.fntimes.com/html/view.php?ud=202609111501371952a735e27af_18,네이버뉴스,fntimes.com,미작성,미발행,,,,
f89c41c9487fd781,2026-09-12,경제 · 한국 주식,일반,[주간 거래소 기관] 삼성전자 SK하이닉스 한미반도체 두산에너빌리티 '...,네이버뉴스 등 3개 기사,[주간 거래소 기관] 삼성전자 SK하이닉스 한미반도체 두산에너빌리티 '...,https://www.pinpointnews.co.kr/news/articleView.html?idxno=486350,네이버뉴스,pinpointnews.co.kr,삼성전자·SK하이닉스 하락…주식 약세 마감,http://www.kjdaily.com/article.php?aid=1789116302686639227,네이버뉴스,kjdaily.com,美기술주 삭풍에 삼전닉스도 휘청…삼성전자 3.53%↓ 하이닉스 2.21%↓,https://www.tjb.co.kr/news05/bodo/view/id/103522,네이버뉴스,tjb.co.kr,미작성,미발행,,,,
46f8dee46ea804e5,2026-09-12,경제 · 한국 정책 이슈,일반,환율 하락에 수입 물가 3개월 연속 내리나[한은 미리보기],네이버뉴스 등 3개 기사,환율 하락에 수입 물가 3개월 연속 내리나[한은 미리보기],https://www.edaily.co.kr/News/Read?newsId=01564566645579464&mediaCodeNo=257&utm_source=naver&utm_medium=referral&utm_campaign=news_syndication&utm_content=original_article,네이버뉴스,edaily.co.kr,"한은, 추가 금리 인상 예고 ""물가 상당기간 2% 웃돌 것""",https://www.mk.co.kr/news/economy/12149643,매일경제 : 경제,mk.co.kr,서울 집값 83주 연속 상승…강남3구 일제히 하락,http://www.yonhapnewstv.co.kr/news/MYH20260910143352Bqb,네이버뉴스,yonhapnewstv.co.kr,미작성,미발행,,,,
a3e41e545b813eb6,2026-09-12,경제 · 한국 정책 이슈,일반,전쟁 장기화에 유가·금리 급등…글로벌 긴축 부채질,네이버뉴스 등 3개 기사,전쟁 장기화에 유가·금리 급등…글로벌 긴축 부채질,https://www.sidae.com/article/2026091115001589020,네이버뉴스,sidae.com,"반도체株, 유가 급등·美 금리 상승에 장 초반 '약세'",https://www.hankyung.com/article/2026091182076,한국경제 | 뉴스 | 증권,hankyung.com,선제적 금리 인상 vs 821조 예산 폭탄… 엇박자에 장기금리 ‘발작’,https://biz.chosun.com/it-science/general_policy/2026/09/12/DR6NFQEXHFDO3ILZABSF3GPVYA/,Chosunbiz,biz.chosun.com,미작성,미발행,,,,
4aa0339e1bfad8af,2026-09-12,경제 · 한국 정책 이슈,일반,모두가 불행한 ‘ 주택 시장 정상화’[부동산취재로그],네이버뉴스 등 3개 기사,모두가 불행한 ‘ 주택 시장 정상화’[부동산취재로그],https://www.edaily.co.kr/News/Read?newsId=01571126645579464&mediaCodeNo=257&utm_source=naver&utm_medium=referral&utm_campaign=news_syndication&utm_content=original_article,네이버뉴스,edaily.co.kr,"국토 장관 “韓 주택 시장, 日 ‘잃어버린 30년’과 비슷하게 갈 수도”",https://biz.chosun.com/policy/policy_sub/2026/09/11/G24QG7YPOBACXMU4K7FQ3MIWNQ/?utm_source=naver&utm_medium=original&utm_campaign=biz,네이버뉴스,biz.chosun.com,김윤덕 “尹정부 3~4년간 주택공급 절벽”… 부동산 논란 ‘尹탓’,https://www.joongang.co.kr/article/25461152,네이버뉴스,joongang.co.kr,미작성,미발행,,,,
bc79096e5932c4db,2026-09-12,경제 · 한국 정책 이슈,일반,[뉴스분석] '슈퍼 청문위크' 막 오른다…장관 후보자 6인 줄줄이 인사 검...,네이버뉴스 등 3개 기사,[뉴스분석] '슈퍼 청문위크' 막 오른다…장관 후보자 6인 줄줄이 인사 검...,https://www.newspim.com/news/view/20260910000497,네이버뉴스,newspim.com,장관 후보자 잇단 검증 논란…용혜인·김승원 이어 홍지선까지,https://www.kbmaeil.com/article/20260911500255,네이버뉴스,kbmaeil.com,"코스피, 다음주 '슈퍼위크 시험대' 오른다…美·日 금리 결정",https://www.hankyung.com/article/202609119212i,한국경제 | 뉴스 | 증권,hankyung.com,미작성,미발행,,,,
77c06b34701a0802,2026-09-12,경제 · 한국 정책 이슈,일반,[경제 포커스] 金 쓸어담는 중앙은행·수퍼리치… “美 국채 신뢰 하락”,Chosunbiz 등 3개 기사,[경제 포커스] 金 쓸어담는 중앙은행·수퍼리치… “美 국채 신뢰 하락”,https://biz.chosun.com/policy/policy_sub/2026/09/12/U4RIVIZRZFDRJOJLKTMLBS2RT4/,Chosunbiz,biz.chosun.com,유가·국채금리 급등에 무너진 투심…美 3대증시 하락 [월가월부],https://www.mk.co.kr/news/economy/12150011,매일경제 : 경제,mk.co.kr,유가·美 국채금리 급등에 일제 하락…반도체주 급락 [뉴욕증시 브리핑],https://www.hankyung.com/article/2026091178316,한국경제 | 뉴스 | 증권,hankyung.com,미작성,미발행,,,,
c7e08c41d117f818,2026-09-12,경제 · 재테크,일반,퇴직연금 500조 시대…AI 시대의 연금 투자 법에 답하다,네이버뉴스 등 3개 기사,퇴직연금 500조 시대…AI 시대의 연금 투자 법에 답하다,https://www.news1.kr/life-culture/book/6286920,네이버뉴스,news1.kr,빗장 풀린 퇴직 연금 국채 투자 … 금융권 유치전 가열,https://www.segye.com/newsView/20260909516882?OutUrl=naver,네이버뉴스,segye.com,퇴직 연금 으로 개인 투자 용 국채 산다…하나은행·미래에셋 등 금융권 9월...,http://www.dailypop.kr/news/articleView.html?idxno=102429,네이버뉴스,dailypop.kr,미작성,미발행,,,,
8cbb58f58c13c214,2026-09-12,경제 · 재테크,일반,같은 듯 같지 않은 퇴직금·퇴직 연금 …어떻게 다른가 [이병희의 연금 술...,네이버뉴스 등 3개 기사,같은 듯 같지 않은 퇴직금·퇴직 연금 …어떻게 다른가 [이병희의 연금 술...,https://economist.co.kr/article/view/ecn202609110037,네이버뉴스,economist.co.kr,"""예금 이자론 성 안 차""…은행 퇴직 연금 , '국채' 품고 반격할까",https://www.dailian.co.kr/news/view/1688375/?sc=Naver,네이버뉴스,dailian.co.kr,퇴직 연금 으로 국채 산다…20년 보유 땐 161% 수익,https://www.joongang.co.kr/article/25460556,네이버뉴스,joongang.co.kr,미작성,미발행,,,,
1b3659b23bda6727,2026-09-12,경제 · 재테크,일반,全国晴れ内陸で日較差10〜15度 PM良好,Chosunbiz 등 3개 기사,全国晴れ内陸で日較差10〜15度 PM良好,https://biz.chosun.com/jp/jp-society/2026/09/12/NFH3XUWH3RED7L2CVIASYAUJDA/,Chosunbiz,biz.chosun.com,10년·20년물 국채를 DC·IRP 계좌로… 15일까지 영업점 청약,https://www.newscammp.co.kr/news/articleView.html?idxno=6886,네이버뉴스,newscammp.co.kr,"미래에셋증권, 9~15일 개인 국채 청약…10·20년물 퇴직 연금 투자 가능",https://www.cbci.co.kr/news/articleView.html?idxno=605138,네이버뉴스,cbci.co.kr,미작성,미발행,,,,
5c7b2a74b6a3fc48,2026-09-12,경제 · 재테크,일반,"[단독] ""착한 기업에 투자했더니""…국민연금 6년 수익률 '깜짝'",한국경제 | 뉴스 | 증권 등 3개 기사,"[단독] ""착한 기업에 투자했더니""…국민연금 6년 수익률 '깜짝'",https://www.hankyung.com/article/2026091196011,한국경제 | 뉴스 | 증권,hankyung.com,연 4.8% 수익에 세액공제 혜택까지...퇴직 연금 서 개인 투자 용 국채 첫 청...,https://www.joongang.co.kr/article/25460455,네이버뉴스,joongang.co.kr,"[가장 보통의 투자 ] 국제 금값 올랐는데, 내 금 수익률은 왜 떨어졌나",https://bizhankook.com/articles/gold-price-rise-low-yield.html,네이버뉴스,bizhankook.com,미작성,미발행,,,,
36e0fe1245a999b6,2026-09-12,경제 · 재테크,일반,"""반도체 산업은 항상 사이클""…현재 국면에서 투자 전략은?",한국경제 | 뉴스 | 증권 등 3개 기사,"""반도체 산업은 항상 사이클""…현재 국면에서 투자 전략은?",https://www.hankyung.com/article/202609119361i,한국경제 | 뉴스 | 증권,hankyung.com,"[증권 & Now] 한국 투자 증권, '피델리티·핌코·칼라일'과 전략적 협력 등",https://www.ebn.co.kr/news/articleView.html?idxno=1723780,네이버뉴스,ebn.co.kr,"코스피 최대낙폭 -39% … 퇴직연금, 반도체 변동성 잡을 ETF 전략은",https://biz.newdaily.co.kr/site/data/html/2026/09/08/2026090800057.html,네이버뉴스,biz.newdaily.co.kr,미작성,미발행,,,,
4a5c94c2bf231331,2026-09-12,경제 · 부동산,일반,"구윤철 "" 부동산 세제개편, 거주 중심 주택시장 위한 것…징벌 아냐""(종...",네이버뉴스 등 3개 기사,"구윤철 "" 부동산 세제개편, 거주 중심 주택시장 위한 것…징벌 아냐""(종...",https://www.newsis.com/view/NISX20260911_0003786469,네이버뉴스,newsis.com,"구윤철 부총리 ""주택 정책, 보유에 인센티브 줘선 안돼""",https://www.mt.co.kr/economy/2026/09/11/2026091114141659736,네이버뉴스,mt.co.kr,비거주·영끌 ‘나쁜 1주택자’ 장관 후보들... 李정부의 부동산 자승자...,https://www.chosun.com/politics/politics_general/2026/09/10/GGI6U74BGZCHHFMIC4AALJAGSI/?utm_source=naver&utm_medium=referral&utm_campaign=naver-news,네이버뉴스,chosun.com,미작성,미발행,,,,
b1337de8277d7e2f,2026-09-12,경제 · 부동산,일반,"강신철, 특공 의혹 계속…줄줄이 '부동산 뇌관'",네이버뉴스 등 3개 기사,"강신철, 특공 의혹 계속…줄줄이 '부동산 뇌관'",http://www.yonhapnewstv.co.kr/news/MYH20260911190557iGb,네이버뉴스,yonhapnewstv.co.kr,산 넘어 산…이형일·강신철·홍지선·이소영 '부동산 의혹',http://www.newstomato.com/ReadNews.aspx?no=1313336&inflow=N,네이버뉴스,newstomato.com,부친·형·고모도 철거민?…‘강신철 특공’ 쟁점은?,https://news.kbs.co.kr/news/pc/view/view.do?ncd=8660629&ref=A,네이버뉴스,news.kbs.co.kr,미작성,미발행,,,,
1afeb36ec28ca76d,2026-09-12,경제 · 부동산,일반,“이대로는 집값 폭등”…‘명픽’ 부동산 전문가마저 변심?,네이버뉴스 등 3개 기사,“이대로는 집값 폭등”…‘명픽’ 부동산 전문가마저 변심?,https://www.mk.co.kr/article/12150381,네이버뉴스,mk.co.kr,"""이대로 가면 집값 폭등…발언 접겠다"" 李 콕 집었던 부동산 전문가도 ...",https://view.asiae.co.kr/article/2026091008383167598,네이버뉴스,view.asiae.co.kr,"""이대로면 집값 폭등""…'하락론자' 이광수, 정부 부동산 정책 직격",https://www.newspim.com/news/view/20260910001129,네이버뉴스,newspim.com,미작성,미발행,,,,
44dff5569e9661c8,2026-09-12,경제 · 부동산,일반,‘철거민 딱지’ 수렁에 빠진 강신철 국방장관 후보자,네이버뉴스 등 3개 기사,‘철거민 딱지’ 수렁에 빠진 강신철 국방장관 후보자,https://biz.heraldcorp.com/article/10870461?ref=naver,네이버뉴스,biz.heraldcorp.com,[설왕설래] 철거민 딱지,https://www.segye.com/newsView/20260910516025?OutUrl=naver,네이버뉴스,segye.com,"국방위, 강신철 인사청문회 16일 개최…여야, '증인 채택' 신경전",https://news.tf.co.kr/read/ptoday/2364306.htm,네이버뉴스,news.tf.co.kr,미작성,미발행,,,,
374f895ad8c9c92a,2026-09-12,경제 · 부동산,일반,"' 집값 급등' 동탄·기흥, 전셋값도 만만찮네…서울 7.6% 오를 때 10% '쑥...",네이버뉴스 등 3개 기사,"' 집값 급등' 동탄·기흥, 전셋값도 만만찮네…서울 7.6% 오를 때 10% '쑥...",https://www.mt.co.kr/estate/2026/09/12/2026091110402775255,네이버뉴스,mt.co.kr,강남 꺾이고 성북·구로 뛴다…서울 집값 상승축 ‘대이동’,https://www.g-enews.com/view.php?ud=20260911114413167514b1077807_1,네이버뉴스,g-enews.com,83주간 집값 상승 ‘톱10’에 한강벨트-셔세권… 지방은 더 하락,https://www.donga.com/news/Economy/article/all/20260911/134647002/2,네이버뉴스,donga.com,미작성,미발행,,,,
5111967aefa5ae01,2026-09-12,경제 · 미국 주식,일반,"암호화폐 시장, 美 증시 반등에 동반 상승…이더리움 2.7% 뛰며 비트코인...",네이버뉴스 등 3개 기사,"암호화폐 시장, 美 증시 반등에 동반 상승…이더리움 2.7% 뛰며 비트코인...",http://coinreaders.com/257868,네이버뉴스,coinreaders.com,[美증시] 유가하락·AI인프라 투자 폭발에 3대 지수 동반 상승…서버·반...,https://www.mediapen.com/news/view/1123070,네이버뉴스,mediapen.com,유가 진정·물가 예상 부합... 미국 뉴욕 증시 반등,https://www.thefairnews.co.kr/news/articleView.html?idxno=87831,네이버뉴스,thefairnews.co.kr,미작성,미발행,,,,
9d297e517dfc2a6c,2026-09-12,경제 · 미국 주식,일반,"미국증시 , 유가 3% 가까이 반락에 안도…금리 뛰어도 나스닥 0.96%↑",네이버뉴스 등 3개 기사,"미국증시 , 유가 3% 가까이 반락에 안도…금리 뛰어도 나스닥 0.96%↑",https://www.topstarnews.net/news/articleView.html?idxno=16190637,네이버뉴스,topstarnews.net,유가 진정·美 CPI 안도... 미국증시 3대 지수 '활짝',http://www.choicenews.co.kr/news/articleView.html?idxno=171204,네이버뉴스,choicenews.co.kr,"뉴욕증시, 유가 하락에 상승 출발…CPI 발표 후 금리인상 가능성↑",https://www.hankyung.com/article/2026091199217,한국경제 | 뉴스 | 증권,hankyung.com,미작성,미발행,,,,
c79fb126365ab802,2026-09-12,경제 · 미국 주식,일반,다음주 증시 ...유가 향방 · 美 FOMC가 최대 변수?,네이버뉴스 등 3개 기사,다음주 증시 ...유가 향방 · 美 FOMC가 최대 변수?,http://www.choicenews.co.kr/news/articleView.html?idxno=171207,네이버뉴스,choicenews.co.kr,"AI만 보던 美 증시 , 다시 금리 ·유가 등 주요 변수 주목",https://www.newspim.com/news/view/20260911000668,네이버뉴스,newspim.com,유가 급등세 진정에 뉴욕 증시 반등…다우 509포인트 올라,https://www.kbmaeil.com/article/20260912500003,네이버뉴스,kbmaeil.com,미작성,미발행,,,,
2a792c40d96fd01f,2026-09-12,경제 · 미국 주식,일반,"나스닥, 크라켄 모회사 페이워드에 1억달러 투자 …토큰화 주식 협력 확...",네이버뉴스 등 3개 기사,"나스닥, 크라켄 모회사 페이워드에 1억달러 투자 …토큰화 주식 협력 확...",https://www.digitaltoday.co.kr/news/articleView.html?idxno=700151,네이버뉴스,digitaltoday.co.kr,"나스닥, 가상화폐 거래소 크라켄의 모회사에 1억달러 투자",https://www.hankyung.com/article/202609119205i,한국경제 | 뉴스 | 증권,hankyung.com,주식 창만 보던 최 씨의 채권 투자 입문기,https://shindonga.donga.com/3/all/13/6378628/1,네이버뉴스,shindonga.donga.com,미작성,미발행,,,,
175f7c5fc0803852,2026-09-12,경제 · 미국 주식,일반,"나스닥 100 '상승'...애플 '활짝', 엔비디아는 '약보합'",네이버뉴스 등 3개 기사,"나스닥 100 '상승'...애플 '활짝', 엔비디아는 '약보합'",http://www.choicenews.co.kr/news/articleView.html?idxno=171206,네이버뉴스,choicenews.co.kr,"뉴욕증시, CPI 예상 부합에 상승 출발…유가 100달러 아래로",https://biz.chosun.com/international/international_economy/2026/09/11/US6QNFXBDBA6VGTVBLMX47EMVY/?utm_source=naver&utm_medium=original&utm_campaign=biz,네이버뉴스,biz.chosun.com,[뉴욕증시 마감시황] 유가 100달러·美 10년물 5% 눈앞…나스닥 등 나흘...,https://www.moneystorm.kr/news/articleView.html?idxno=6408,네이버뉴스,moneystorm.kr,미작성,미발행,,,,
ad5892d08d03f8d0,2026-09-12,건강 · 최신 이슈,일반,"사노피, 고령층 겨냥 고용량 독감 백신 '에플루엘다' 전국 공급",네이버뉴스 등 3개 기사,"사노피, 고령층 겨냥 고용량 독감 백신 '에플루엘다' 전국 공급",https://www.kpanews.co.kr/news/articleView.html?idxno=543676,네이버뉴스,kpanews.co.kr,"사노피 ""고령층 고용량 독감 백신, 국내 공급 개시""",https://biz.sbs.co.kr/article_hub/20000334118?division=NAVER,네이버뉴스,biz.sbs.co.kr,"사노피, 65세 이상 고용량 독감백신 ‘에플루엘다’ 전국 공급 개시",https://www.sentv.co.kr/article/view/sentv202609110055,네이버뉴스,sentv.co.kr,미작성,미발행,,,,
6cdde6aed6133674,2026-09-12,건강 · 최신 이슈,일반,독감·코로나19 '트윈데믹' 경고등… 21일부터 독감 예방접종,네이버뉴스 등 3개 기사,독감·코로나19 '트윈데믹' 경고등… 21일부터 독감 예방접종,https://www.newscj.com/news/articleView.html?idxno=3432000,네이버뉴스,newscj.com,"독감·코로나19 동시 급증, 개학철 '트윈데믹' 현실화...예방접종은 언...",https://www.fnnews.com/news/202609110828225817,네이버뉴스,fnnews.com,"코로나19·독감 이례적 동반 증가, 추석 앞두고 '비상'…""콧속 방어력 높...",https://news.hidoc.co.kr/news/articleView.html?idxno=67417,네이버뉴스,news.hidoc.co.kr,미작성,미발행,,,,
ac8d071394950c2b,2026-09-12,건강 · 최신 이슈,일반,"GC녹십자, '코로나 mRNA 백신 물질' 2상 식약처 승인 획득",네이버뉴스 등 3개 기사,"GC녹십자, '코로나 mRNA 백신 물질' 2상 식약처 승인 획득",http://www.newstomato.com/ReadNews.aspx?no=1313374&inflow=N,네이버뉴스,newstomato.com,"GC녹십자 코로나19 mRNA 백신, 임상 2상 식약처 승인 받아",https://www.newsquest.co.kr/news/articleView.html?idxno=300727,네이버뉴스,newsquest.co.kr,"[제약 레이더] SK바이오팜·GC녹십자·휴온스그룹, 임상 대응·백신 2상...",http://www.thevaluenews.co.kr/news/view.php?idx=201503,네이버뉴스,thevaluenews.co.kr,미작성,미발행,,,,
a1bdc020ba57758e,2026-09-12,건강 · 최신 이슈,연예인 건강,"이유영, 두 딸 엄마 됐다…둘째 출산 “산모·아이 모두 건강 ” [공식]",네이버뉴스 등 3개 기사,"이유영, 두 딸 엄마 됐다…둘째 출산 “산모·아이 모두 건강 ” [공식]",https://www.mydaily.co.kr/page/view/2026091208285959667,네이버뉴스,mydaily.co.kr,"이유영, 두 딸 엄마 됐다 ""둘째 출산, 산모·아이 모두 건강 ""[공식입장]",https://www.spotvnews.co.kr/news/articleView.html?idxno=1006999,네이버뉴스,spotvnews.co.kr,"이유영 두딸 엄마 됐다 “둘째 딸 출산, 산모 아이 모두 건강 ”[공식]",https://www.newsen.com/news_view.php?uid=202609111735126710,네이버뉴스,newsen.com,미작성,미발행,,,,
0bc46d5b7f17acea,2026-09-12,건강 · 최신 이슈,연예인 건강,원로 배우 故 김인태 사망 8년…아내 백수련 “내 100억 사기빚 때문에 ...,네이버뉴스 등 3개 기사,원로 배우 故 김인태 사망 8년…아내 백수련 “내 100억 사기빚 때문에 ...,https://www.newsen.com/news_view.php?uid=202609120801432110,네이버뉴스,newsen.com,"원로 배우 故 김인태, 오늘(12일) 8주기…아내 백수련·아들 김수현",https://www.topstarnews.net/news/articleView.html?idxno=16190610,네이버뉴스,topstarnews.net,"원로 배우 故 김인태, 오늘(12일) 8주기…백수련 ""'100억 빚' 탓"" 죄책감 ...",https://www.xportsnews.com/article/2194894,네이버뉴스,xportsnews.com,미작성,미발행,,,,
9395f5bad05754d9,2026-09-12,건강 · 생활 건강 정보,일반,샤워도 씻을 타이밍이 있다…“ 수면 ·피부 건강 챙긴다면 밤 샤워가 유...,네이버뉴스 등 3개 기사,샤워도 씻을 타이밍이 있다…“ 수면 ·피부 건강 챙긴다면 밤 샤워가 유...,https://www.etnews.com/20260911000314,네이버뉴스,etnews.com,"삼성전자, 갤럭시 워치로 심장 건강 살핀다…수면 중 변화도 체크",https://www.seoultimes.news/news/article.html?no=2000099698,네이버뉴스,seoultimes.news,"삼성전자, 갤럭시 워치로 부모님 심장 건강 까지 챙긴다",https://www.pointdaily.co.kr/news/articleView.html?idxno=318681,네이버뉴스,pointdaily.co.kr,미작성,미발행,,,,
22ff16bb5034b24f,2026-09-12,건강 · 생활 건강 정보,일반,"대한심부전학회 ""심부전, 국가관리 질환ㆍ전문질환군 포함해야""",네이버뉴스 등 3개 기사,"대한심부전학회 ""심부전, 국가관리 질환ㆍ전문질환군 포함해야""",http://www.newsmp.com/news/articleView.html?idxno=258071,네이버뉴스,newsmp.com,"법에 빠진 ‘심부전’, 지원 사업서도 빠질라…""국가 관리 명시해야""",http://www.docdocdoc.co.kr/news/articleView.html?idxno=3042717,청년의사 - 전체기사,docdocdoc.co.kr,"""중증질환 '심부전', 국가관리 사각지대 벗어나야""",https://www.k-health.com/news/articleView.html?idxno=101132,네이버뉴스,k-health.com,미작성,미발행,,,,
310dac35a51de74d,2026-09-12,건강 · 생활 건강 정보,일반,"단순 암 치료 넘어 일상 유지까지…삼성서울병원, '노인종양학' 시스템 구축",청년의사 - 전체기사 등 3개 기사,"단순 암 치료 넘어 일상 유지까지…삼성서울병원, '노인종양학' 시스템 구축",http://www.docdocdoc.co.kr/news/articleView.html?idxno=3042728,청년의사 - 전체기사,docdocdoc.co.kr,피부와 두피를 넘어 일상을 관리하는 남성들의 롱제비티,https://www.wkorea.com/2026/09/11/%ed%94%bc%eb%b6%80%ec%99%80-%eb%91%90%ed%94%bc%eb%a5%bc-%eb%84%98%ec%96%b4-%ec%9d%bc%ec%83%81%ec%9d%84-%ea%b4%80%eb%a6%ac%ed%95%98%eb%8a%94-%eb%82%a8%ec%84%b1%eb%93%a4%ec%9d%98-%eb%a1%b1%ec%a0%9c/?utm_source=naver&utm_medium=partnership,네이버뉴스,wkorea.com,"삼성전자, 갤럭시 워치 심장 건강 관리 강화…혈압·심전도 넘어 '예방...",https://www.slist.kr/news/articleView.html?idxno=764776,네이버뉴스,slist.kr,미작성,미발행,,,,
2b864ea557f296f0,2026-09-12,건강 · 생활 건강 정보,일반,"고도비만 수술, 체중 27% 줄이고 당뇨병·고혈압까지 개선",네이버뉴스 등 3개 기사,"고도비만 수술, 체중 27% 줄이고 당뇨병·고혈압까지 개선",https://www.edaily.co.kr/News/Read?newsId=01800726645579464&mediaCodeNo=257&utm_source=naver&utm_medium=referral&utm_campaign=news_syndication&utm_content=original_article,네이버뉴스,edaily.co.kr,수술 없이 안구돌출 개선…표적치료가 연 갑상선안병증 새 시대,http://www.docdocdoc.co.kr/news/articleView.html?idxno=3042687,청년의사 - 전체기사,docdocdoc.co.kr,"당뇨병·고혈압·고지혈증 '내과 3高 질환', 전문가와 함께 포괄적인 관...",https://www.eroun.net/news/articleView.html?idxno=89795,네이버뉴스,eroun.net,미작성,미발행,,,,
634a9f5438e7cfb5,2026-09-12,건강 · 생활 건강 정보,일반,50대 직장인의 고민(5) 건강 관리 [홍석환의 커리어 멘토링],네이버뉴스 등 3개 기사,50대 직장인의 고민(5) 건강 관리 [홍석환의 커리어 멘토링],https://www.fntimes.com/html/view.php?ud=202609120016309754c1c16452b0_18,네이버뉴스,fntimes.com,“의인인술의 마음으로 한인사회 건강 관리 책임”,http://www.koreatimes.com/article/1629260,네이버뉴스,koreatimes.com,"[ 건강 정보] 긁을수록 심해지는 가려움, 우리 아이 아토피 제대로 관리하...",http://www.doctorstimes.com/news/articleView.html?idxno=239976,네이버뉴스,doctorstimes.com,미작성,미발행,,,,
3b6b3cc52dd0e370,2026-09-11,패션뷰티,일반,"풍성하게 추석준비…""소중한 마음을 선물 하세요""",네이버뉴스 등 3개 기사,"풍성하게 추석준비…""소중한 마음을 선물 하세요""",https://www.asiatoday.co.kr/kn/view.php?key=20260910010004074,네이버뉴스,asiatoday.co.kr,"[유통소식] 롯데百, '숙성·발효' 미학 담은 추석 선물 선봬",http://www.4th.kr/news/articleView.html?idxno=2117800,네이버뉴스,4th.kr,"롯데온, ‘온마음 추석’ 명절 선물 큐레이션 外 NS홈쇼핑‧현대홈쇼핑...",https://www.kukinews.com/article/view/kuk202609040123,네이버뉴스,kukinews.com,미작성,미발행,,,,
59f63ddf778b136a,2026-09-11,패션뷰티,일반,"토니모리, 호주 3대 유통체인→셀퓨전씨, 동남아 세포라 입점",네이버뉴스 등 3개 기사,"토니모리, 호주 3대 유통체인→셀퓨전씨, 동남아 세포라 입점",https://www.slist.kr/news/articleView.html?idxno=765234,네이버뉴스,slist.kr,"토니모리, 호주 1220개 매장에 K-뷰티 제품 공급… 일상 유통망 공략",http://www.lawissue.co.kr/view.php?ud=20260910172808935807f28b58b8_12,네이버뉴스,lawissue.co.kr,"콜스·케이마트·타깃에 K뷰티 18종…토니모리, 호주 유통망 확대",https://www.sportsseoul.com/news/read/1634274?ref=naver,네이버뉴스,sportsseoul.com,미작성,미발행,,,,
636691477bd7cee7,2026-09-11,패션뷰티,일반,"콜롬비아 뷰티시장, K-뷰티 다음 승부처는 ‘ODM’",네이버뉴스 등 3개 기사,"콜롬비아 뷰티시장, K-뷰티 다음 승부처는 ‘ODM’",http://dream.kotra.or.kr/kotranews/cms/news/actionKotraBoardDetail.do?SITE_NO=3&MENU_ID=180&CONTENTS_NO=1&bbsGbn=243&bbsSn=243&pNttSn=243892,네이버뉴스,dream.kotra.or.kr,약국 품고 인디 브랜드 띄운다…‘무신사 뷰티 홍대’로 던진 승부수,https://www.etoday.co.kr/news/view/2624137,네이버뉴스,etoday.co.kr,[르포] 올영 맞선 무신사 뷰티의 승부수…‘인디 화장품 ·약사 상담’ 전...,https://www.asiatoday.co.kr/kn/view.php?key=20260910010004136,네이버뉴스,asiatoday.co.kr,미작성,미발행,,,,
eb11945100eda928,2026-09-11,패션뷰티,일반,“외국인들 화장품 쇼핑 여기서 끝내겠네”…무신사 400평 뷰티 매장 가...,네이버뉴스 등 3개 기사,“외국인들 화장품 쇼핑 여기서 끝내겠네”…무신사 400평 뷰티 매장 가...,https://www.mk.co.kr/article/12150068,네이버뉴스,mk.co.kr,약국 품은 무신사 뷰티 11일 오픈…외국인 K뷰티 쇼핑' 승부[르포],https://www.newsway.co.kr/news/view?ud=2026091016045956961,네이버뉴스,newsway.co.kr,"[현장]인디 브랜드부터 약국 화장품 까지…무신사 뷰티, 홍대 첫 매장 내...",https://www.donga.com/news/Economy/article/all/20260910/134644363/2,네이버뉴스,donga.com,미작성,미발행,,,,
f81eff6003a05cbb,2026-09-11,카테크 · 자동차,일반,"현대모비스, '배터리·액추에이터' 미래 기술 60종 공개…""車 넘어 로봇...",네이버뉴스 등 3개 기사,"현대모비스, '배터리·액추에이터' 미래 기술 60종 공개…""車 넘어 로봇...",https://www.gpkorea.com/news/articleView.html?idxno=146585,네이버뉴스,gpkorea.com,"현대모비스, 미래차·로봇 신기술 60종 공개⋯'히어로 제품'으로 수주전",https://www.autodaily.co.kr/news/articleView.html?idxno=600348,네이버뉴스,autodaily.co.kr,"현대모비스, 전동화·SDV 넘어 로보틱스로...차세대 기술 60종 공개",https://www.joongangenews.com/news/articleView.html?idxno=547254,네이버뉴스,joongangenews.com,미작성,미발행,,,,
909f310a79c6cc18,2026-09-11,카테크 · 자동차,일반,"미국 기름값 역대 최고…현대차·기아, 하이브리드 승부수",네이버뉴스 등 3개 기사,"미국 기름값 역대 최고…현대차·기아, 하이브리드 승부수",http://www.segyebiz.com/newsView/20260910519145?OutUrl=naver,네이버뉴스,segyebiz.com,"美 기름값 '역대 최고', 전기차 까지 주춤… 현대차·기아, '하이브리드 ...",https://www.newsis.com/view/NISX20260910_0003784161,네이버뉴스,newsis.com,기아 전기차 129% 급증…현대차와 격차 벌린 '대중형 라인업',https://www.newsway.co.kr/news/view?ud=2026091015163849539,네이버뉴스,newsway.co.kr,미작성,미발행,,,,
c326f1e5599e09fa,2026-09-11,카테크 · 자동차,일반,"[소비자민원평가-손해 보험 ] ""왜 보험 금 안줘"" 민원 3건 중 1건은 미지급...",네이버뉴스 등 3개 기사,"[소비자민원평가-손해 보험 ] ""왜 보험 금 안줘"" 민원 3건 중 1건은 미지급...",http://www.consumernews.co.kr/news/articleView.html?idxno=763461,네이버뉴스,consumernews.co.kr,"금감원, 보험 사 '분쟁 민원 관리 ' 현장점검… KB·DB손보 첫 타자",https://www.insnews.co.kr/news/articleView.html?idxno=92755,네이버뉴스,insnews.co.kr,"[이슈] 보험 분쟁 민원 48% 급증…금감원, 생·손보사 14곳 현장점검",https://www.polinews.co.kr/news/articleView.html?idxno=742707,네이버뉴스,polinews.co.kr,미작성,미발행,,,,
4178a96466008fe9,2026-09-11,카테크 · 자동차,일반,"""KB·DB손보부터 전격 출동""… 금감원 '릴레이 암행반'이 보험 사 문지방...",네이버뉴스 등 3개 기사,"""KB·DB손보부터 전격 출동""… 금감원 '릴레이 암행반'이 보험 사 문지방...",https://www.cbci.co.kr/news/articleView.html?idxno=605418,네이버뉴스,cbci.co.kr,"금감원, 보험 분쟁 급증에 현장점검… KB손보·DB손보부터 14개사 점검",http://www.biztribune.co.kr/news/articleView.html?idxno=358754,네이버뉴스,biztribune.co.kr,"금감원, 보험 사 '분쟁 민원 관리 ' 현장점검..KB손보·DB손보부터",https://www.smarttoday.co.kr/ko-kr/articles/111427,네이버뉴스,smarttoday.co.kr,미작성,미발행,,,,
5e3a10f38627683d,2026-09-11,카테크 · IT,일반,"접으면 아이폰, 펼치면 미니 아이패드… 가장 싼게 329만원",네이버뉴스 등 3개 기사,"접으면 아이폰, 펼치면 미니 아이패드… 가장 싼게 329만원",https://www.chosun.com/economy/tech_it/2026/09/11/Q2CW7W6A4ZHDLNQHRDNQVPNHMM/?utm_source=naver&utm_medium=referral&utm_campaign=naver-news,네이버뉴스,chosun.com,베일 벗은 ‘접는 아이폰’…갤폴드보다 101만원 비싸네,https://www.joongang.co.kr/article/25460904,네이버뉴스,joongang.co.kr,첫 폴더블 아이폰 '509만원'…기본형도 삼성보다 100만원 비싸다,https://www.edaily.co.kr/News/Read?newsId=03653926645578808&mediaCodeNo=257&utm_source=naver&utm_medium=referral&utm_campaign=news_syndication&utm_content=original_article,네이버뉴스,edaily.co.kr,미작성,미발행,,,,
668b1b6d2889fc68,2026-09-11,카테크 · IT,일반,"또 뛴 아이폰 가격…AI發 메모리값, 스마트폰 가격 밀어올린다",네이버뉴스 등 3개 기사,"또 뛴 아이폰 가격…AI發 메모리값, 스마트폰 가격 밀어올린다",https://www.newsis.com/view/NISX20260910_0003784911,네이버뉴스,newsis.com,“ 스마트폰 언제 이렇게 비싸졌지” 애플도 결국 올렸다…메모리 직격...,https://www.sedaily.com/article/20089457?ref=naver,네이버뉴스,sedaily.com,"아이폰18 프로·프로맥스, 카메라·성능 업그레이드에 가격도 전모델 10...",https://www.wikitree.co.kr/articles/1158739,네이버뉴스,wikitree.co.kr,미작성,미발행,,,,
4fea9838751929b5,2026-09-11,카테크 · IT,일반,"[투데이온] 삼성 '갤럭시 Z8' 시리즈, 유럽서 흥행 돌풍…폴드8 판매량 ...",네이버뉴스 등 3개 기사,"[투데이온] 삼성 '갤럭시 Z8' 시리즈, 유럽서 흥행 돌풍…폴드8 판매량 ...",https://www.the-today.com/news/articleView.html?idxno=89926,네이버뉴스,the-today.com,"삼성바이오로직스, 유럽 제약사와 3508억원 규모 CMO 장기계약 체결",https://www.etnews.com/20260910000392,오늘의뉴스 - 이티뉴스,etnews.com,"[IFA 2026-결산] 삼성·LG, 유럽 집에 맞추다",https://www.pointdaily.co.kr/news/articleView.html?idxno=318767,네이버뉴스,pointdaily.co.kr,미작성,미발행,,,,
dfe4fcf2080b18f3,2026-09-11,카테크 · IT,일반,"""원조는 삼성인데"" 중국폰에 애플까지 가세…폴더블 판 흔들린다",네이버뉴스 등 3개 기사,"""원조는 삼성인데"" 중국폰에 애플까지 가세…폴더블 판 흔들린다",https://www.mt.co.kr/tech/2026/09/11/2026091016151273317,네이버뉴스,mt.co.kr,"애플 '폴더블 아이폰'은 329만원…삼성은 ""우리 것 재탕 끝나면 알려줘...",http://weekly.chosun.com/news/articleView.html?idxno=55152,네이버뉴스,weekly.chosun.com,[뉴스 줌인] 애플 가세에 폴더블폰 대중화 속도…판 커진다,https://www.etnews.com/20260910000324,오늘의뉴스 - 이티뉴스,etnews.com,미작성,미발행,,,,
befd5bcaee6cdeda,2026-09-11,카테크 · IT,일반,"""애플 전혀 새롭지 않다"" 美 통신사 CEO '냉랭' [여의도 Pick!]",네이버뉴스 등 3개 기사,"""애플 전혀 새롭지 않다"" 美 통신사 CEO '냉랭' [여의도 Pick!]",https://news.mtn.co.kr/news-detail/2026091108001512182,네이버뉴스,news.mtn.co.kr,접는 아이폰으로 첫 인사! 존 터너스 애플 CEO,https://kids.donga.com/news/articleView.html?idxno=169824,네이버뉴스,kids.donga.com,"[9월10일] 애플 새 CEO 첫 무대…""AI 시대에도 결국 아이폰이 개인 AI 허...",https://www.aitimes.com/news/articleView.html?idxno=215083,네이버뉴스,aitimes.com,미작성,미발행,,,,
fad42b2617a947d2,2026-09-11,스포츠,일반,"바이에른 뮌헨, 보되 꺾고 챔피언스리그 '순조로운 출발'",스포츠 - SBS 뉴스 섹션 등 3개 기사,"바이에른 뮌헨, 보되 꺾고 챔피언스리그 '순조로운 출발'",https://news.sbs.co.kr/news/endPage.do?news_id=N1008748042&plink=RSSLINK&cooper=RSSREADER,스포츠 - SBS 뉴스 섹션,news.sbs.co.kr,"'김민재 결장' 바이에른 뮌헨, 챔스 첫 경기서 보되글림트 5-0 대파",https://www.yonhapnewstv.co.kr/news/AKR20260911060727wss,연합뉴스TV :: 대한민국 뉴스의 시작. 채널 23 » 스포츠,yonhapnewstv.co.kr,"‘김민재 결장’ 뮌헨, UCL 첫 경기서 ‘보되 완파’",https://biz.heraldcorp.com/article/10869870?ref=naver,네이버뉴스,biz.heraldcorp.com,미작성,미발행,,,,
8785442a4aece7d7,2026-09-11,스포츠,일반,"멀티히트 김하성, 애틀랜타 3연패 탈출 견인",네이버뉴스 등 3개 기사,"멀티히트 김하성, 애틀랜타 3연패 탈출 견인",https://www.dailian.co.kr/news/view/1689078/?sc=Naver,네이버뉴스,dailian.co.kr,"김하성, 2타점 적시타 포함 2안타…애틀랜타 3연패 탈출",https://news.sbs.co.kr/news/endPage.do?news_id=N1008748098&plink=RSSLINK&cooper=RSSREADER,스포츠 - SBS 뉴스 섹션,news.sbs.co.kr,"애틀랜타, 탬파베이에 2-7로 져 3연패…김하성, 두 경기 연속 결장",https://www.newsis.com/view/NISX20260910_0003783986,스포츠,newsis.com,미작성,미발행,,,,
207122abbcf8e134,2026-09-11,스포츠,일반,"日 야구 개척자→전설의 잇단 별세 ""앗파레!"" 장애와 차별, ""그 어떤 장벽...",네이버뉴스 등 3개 기사,"日 야구 개척자→전설의 잇단 별세 ""앗파레!"" 장애와 차별, ""그 어떤 장벽...",https://www.sportschosun.com/baseball/2026-09-11/202609110100076460004948,네이버뉴스,sportschosun.com,"""재일 한국인 야구 전설 장훈, 86세로 별세… 그의 빛나는 기록과 삶""",https://www.gokorea.kr/news/articleView.html?idxno=878019,네이버뉴스,gokorea.kr,"'NPB 야구 전설' 장훈 별세에 日 언론도 애도…""거성이 졌다""",https://www.newsis.com/view/NISX20260910_0003784275,스포츠,newsis.com,미작성,미발행,,,,
b986170dd8f93b36,2026-09-11,스포츠,일반,"kt, 롯데 16-3 대파하고 선두 탈환··· 이강철 감독 통산 600승",네이버뉴스 등 3개 기사,"kt, 롯데 16-3 대파하고 선두 탈환··· 이강철 감독 통산 600승",https://www.mediafine.co.kr/news/articleView.html?idxno=89460,네이버뉴스,mediafine.co.kr,"프로야구 kt, 롯데 꺾고 3연승 선두 탈환…이강철 감독 통산 600승",https://news.sbs.co.kr/news/endPage.do?news_id=N1008747826&plink=RSSLINK&cooper=RSSREADER,스포츠 - SBS 뉴스 섹션,news.sbs.co.kr,"'19안타' KT, 롯데 16-3 완파하고 선두 탈환…이강철 감독 600승",https://www.newsis.com/view/NISX20260910_0003784990,스포츠,newsis.com,미작성,미발행,,,,
428ede7d18640af8,2026-09-11,스포츠,일반,"MLB 김하성, 탬파베이전서 결승 2타점 적시타…타율 0.126",스포츠 등 3개 기사,"MLB 김하성, 탬파베이전서 결승 2타점 적시타…타율 0.126",https://www.newsis.com/view/NISX20260911_0003785143,스포츠,newsis.com,"'2타점 중전타' 김하성, 타율 0.126로 애틀랜타 연패 저지",https://www.topstarnews.net/news/articleView.html?idxno=16189489,네이버뉴스,topstarnews.net,"김하성, 멀티히트·2타점 '타율 0.126'…애틀랜타 3연패 탈출",https://www.slist.kr/news/articleView.html?idxno=765281,네이버뉴스,slist.kr,미작성,미발행,,,,
f8a1fc1ac48f52fd,2026-09-11,방송연예,일반,"이종석 생각나는 가사‥아이유, 결별 후 첫 신곡 ‘이 별로부터’ 음원...",네이버뉴스 등 3개 기사,"이종석 생각나는 가사‥아이유, 결별 후 첫 신곡 ‘이 별로부터’ 음원...",https://www.newsen.com/news_view.php?uid=202609110808395710,네이버뉴스,newsen.com,"아이유, 1년 만에 본업 컴백 …오늘(10일) 신곡 ‘이 별로부터’ 공개",https://www.mk.co.kr/article/12149362,네이버뉴스,mk.co.kr,"아이유, 1년 만에 신곡 발매... 김영옥 MV 깜짝 등장",https://www.insight.co.kr/news/572930,네이버뉴스,insight.co.kr,미작성,미발행,,,,
674405fc57645049,2026-09-11,방송연예,일반,"아이유, 차트 1위에 뜬 '이 별'…'솔메이트' 품고 정상 직행",연예 등 3개 기사,"아이유, 차트 1위에 뜬 '이 별'…'솔메이트' 품고 정상 직행",https://www.newsis.com/view/NISX20260911_0003785187,연예,newsis.com,"아이유, 신곡 ‘이 별로부터’ 음원차트 정상…해외서도 뜨거운 반응",http://www.beyondpost.co.kr/view.php?ud=202609110815134057d3244b4fed_30,네이버뉴스,beyondpost.co.kr,"‘역시 음원퀸’ 아이유, 신곡 ‘이 별로부터’ 국내외 차트 장악",https://www.sportsworldi.com/newsView/20260911502911,네이버뉴스,sportsworldi.com,미작성,미발행,,,,
c31d33be60ebb7c5,2026-09-11,방송연예,일반,"김신영 '나 혼자 산다' 하차설 직접 일축… ""다음 주에 어김없이 만납니...",네이버뉴스 등 3개 기사,"김신영 '나 혼자 산다' 하차설 직접 일축… ""다음 주에 어김없이 만납니...",https://www.stardailynews.co.kr/news/articleView.html?idxno=549671,네이버뉴스,stardailynews.co.kr,"""아닙니다"" 김신영, '나 혼자 산다' 하차·불참설 직접 일축 [이슈&톡]",http://www.tvdaily.co.kr/read.php3?aid=17890049091801680002,네이버뉴스,tvdaily.co.kr,"김신영, 하차설 일축 ""아닙니다…다음 주에 만나요""",https://www.newsis.com/view/NISX20260910_0003783858,연예,newsis.com,미작성,미발행,,,,
d3d388e0c08e2eaa,2026-09-11,방송연예,일반,"“대놓고 럽스타그램” 안은진♥서강준, 스킨십 사진 18장…서강준도 못...",네이버뉴스 등 3개 기사,"“대놓고 럽스타그램” 안은진♥서강준, 스킨십 사진 18장…서강준도 못...",https://www.sportsseoul.com/news/read/1634381?ref=naver,네이버뉴스,sportsseoul.com,"안은진·서강준, 실제 연인인가…이마 맞대고 팔짱까지",https://www.newsis.com/view/NISX20260910_0003784572,연예,newsis.com,"서강준, 필름도 뚫고 나오는 미모에 충격…안은진도 ‘좋아요’",https://www.heraldmuse.com/article/10869536?ref=naver,네이버뉴스,heraldmuse.com,미작성,미발행,,,,
4eaa321da8270cde,2026-09-11,방송연예,일반,"""닿으면 충전, 사랑에 감전!""…김영광X채수빈 '나를 충전해줘', 10월 9일 공개",방송/연예 - SBS 뉴스 섹션 등 3개 기사,"""닿으면 충전, 사랑에 감전!""…김영광X채수빈 '나를 충전해줘', 10월 9일 공개",https://news.sbs.co.kr/news/endPage.do?news_id=N1008747078&plink=RSSLINK&cooper=RSSREADER,방송/연예 - SBS 뉴스 섹션,news.sbs.co.kr,"아이유, 오늘(10일) 1년 만에 컴백 …MV엔 심달기·김영옥 열연",https://isplus.com/article/view/isp202609100035,네이버뉴스,isplus.com,경찰 제복 입은 아이유·수갑 찬 김영옥…오늘(10일) 1년 만 가수 컴백,https://www.xportsnews.com/article/2194078,네이버뉴스,xportsnews.com,미작성,미발행,,,,
f4ed11bdd003e70b,2026-09-11,고생물,일반,"보성군, '코리아노사우루스' 골격 화석 천연기념물 지정",네이버뉴스 등 3개 기사,"보성군, '코리아노사우루스' 골격 화석 천연기념물 지정",https://www.newsfreezone.co.kr/news/articleView.html?idxno=708042,네이버뉴스,newsfreezone.co.kr,"'코리아' 학명 인정된 공룡 화석 ... 보성 골격 화석 , 마침내 천연기념물...",https://www.insight.co.kr/news/571980,네이버뉴스,insight.co.kr,"보성서 찾은 한반도 최초 조각류 공룡 골격, 천연기념물 됐다",https://www.newsis.com/view/NISX20260907_0003779031,네이버뉴스,newsis.com,미작성,미발행,,,,
905b991ba7bd2c25,2026-09-11,고생물,일반,공룡 멸종했는데 새는 생존...똥 화석 에 숨겨진 단서 발견,네이버뉴스 등 3개 기사,공룡 멸종했는데 새는 생존...똥 화석 에 숨겨진 단서 발견,http://www.wowtv.co.kr/NewsCenter/News/Read?articleId=A202609110312&t=NN,네이버뉴스,wowtv.co.kr,"[사이테크+] "" 공룡 똥 화석 속 6천600만년 전 새 깃털…조류 생존 비결 단...",https://www.yna.co.kr/view/AKR20260910143000017?input=1195m,네이버뉴스,yna.co.kr,"우리나라에서 발견 된 공룡 화석 , 천연기념물 됐어요",https://kids.donga.com/news/articleView.html?idxno=169786,네이버뉴스,kids.donga.com,미작성,미발행,,,,
7aaf01b08bfe0859,2026-09-11,경제 · 한국 주식,일반,퇴근길 주식 거래 확대..KRX 애프터마켓 14일 개장,네이버뉴스 등 3개 기사,퇴근길 주식 거래 확대..KRX 애프터마켓 14일 개장,https://kpenews.com/View.aspx?No=4222638,네이버뉴스,kpenews.com,“코스피 하락에”…전남광주 투자 자 3달 연속 주식 거래 줄여,http://www.kwangju.co.kr/article.php?aid=1789030800803232005,네이버뉴스,kwangju.co.kr,"코스피· 코스닥 저녁 8시까지 개장, 애프터마켓 문 연다...넥스트레이드...",https://www.thepublic.kr/news/articleView.html?idxno=318333,네이버뉴스,thepublic.kr,미작성,미발행,,,,
b3ba9689fc64a828,2026-09-11,경제 · 한국 주식,일반,"코스피 지수 8000→9000 기여율, 삼전·하이닉스가 99%",네이버뉴스 등 3개 기사,"코스피 지수 8000→9000 기여율, 삼전·하이닉스가 99%",https://www.datasom.co.kr/news/articleView.html?idxno=209885,네이버뉴스,datasom.co.kr,외국인 삼전·하이닉스 3.2조 팔았다…마이크론 4.7%↓·유가 107달러,https://www.greened.kr/news/articleView.html?idxno=349810,네이버뉴스,greened.kr,"코스피 지수, 네 마녀의 날·ETF리밸런싱에도 7000선 방어",https://www.hankyung.com/article/202609107093i,한국경제 | 뉴스 | 증권,hankyung.com,미작성,미발행,,,,
a587642735a56d88,2026-09-11,경제 · 한국 주식,일반,[AI MY 증시전망] 뉴욕증시 4거래일 연속 하락…외인 수급·유가·美 CPI ...,네이버뉴스 등 3개 기사,[AI MY 증시전망] 뉴욕증시 4거래일 연속 하락…외인 수급·유가·美 CPI ...,https://www.newspim.com/news/view/20260911000075,네이버뉴스,newspim.com,"뉴욕증시, 4거래일 연속 하락…유가·국채금리 동반 급등",https://biz.chosun.com/international/international_general/2026/09/11/SFELKM2B2FEBHN5E74VFZIWFSY/,Chosunbiz,biz.chosun.com,유가·美 국채금리 급등에 일제 하락…반도체주 급락 [뉴욕증시 브리핑],https://www.hankyung.com/article/2026091178316,한국경제 | 뉴스 | 증권,hankyung.com,미작성,미발행,,,,
c88888018601cc68,2026-09-11,경제 · 한국 주식,일반,"[ 증시 전망 대] 유가·미 금리 '이중 악재'… 코스피 7,000선 방어 시험대",네이버뉴스 등 3개 기사,"[ 증시 전망 대] 유가·미 금리 '이중 악재'… 코스피 7,000선 방어 시험대",http://www.newsroad.co.kr/news/articleView.html?idxno=64140,네이버뉴스,newsroad.co.kr,유가 100달러·美금리 5% 육박… 코스피 ‘7000선 방어’ 시험대,https://www.kbmaeil.com/article/20260911500040,네이버뉴스,kbmaeil.com,"코스피, 중동發 유가·금리 충격에도 7,000선 방어…원·달러 1천340원 안...",https://www.youthdaily.co.kr/news/article.html?no=226875,네이버뉴스,youthdaily.co.kr,미작성,미발행,,,,
3afe3c1dd1d182e7,2026-09-11,경제 · 한국 정책 이슈,일반,"귀국한 李앞, 산적한 난제… 국정 시험대, 결단의 시간",네이버뉴스 등 3개 기사,"귀국한 李앞, 산적한 난제… 국정 시험대, 결단의 시간",https://www.mt.co.kr/politics/2026/09/11/2026091019563250722,네이버뉴스,mt.co.kr,李대통령 귀국…호르무즈부터 인사까지 '결단의 시간' 남아,https://www.newsworks.co.kr/news/articleView.html?idxno=853310,네이버뉴스,newsworks.co.kr,[이재명 대통령 귀국] 대내외 현안 '산적',https://www.sisaweek.com/news/articleView.html?idxno=237833,네이버뉴스,sisaweek.com,미작성,미발행,,,,
c9e2c3740ffbca61,2026-09-11,경제 · 한국 정책 이슈,일반,[포토] PF 현장 점검 나선 금융위원장,매일경제 : 경제 등 3개 기사,[포토] PF 현장 점검 나선 금융위원장,https://www.mk.co.kr/news/economy/12149644,매일경제 : 경제,mk.co.kr,"[포토] 최태원, 울산서 AX 현장 경영",https://www.hankyung.com/article/2026091076641,한국경제 | 뉴스 | 경제,hankyung.com,주택공급 숨통 틔운 금융위원회 … 김포 풍무역세권 'PF 밀착 지원' 현장...,https://www.ebn.co.kr/news/articleView.html?idxno=1723792,네이버뉴스,ebn.co.kr,미작성,미발행,,,,
1bd59833adfec8ff,2026-09-11,경제 · 한국 정책 이슈,일반,[속보] 국제유가 고공행진…WTI도 배럴당 100달러 돌파,매일경제 : 경제 등 3개 기사,[속보] 국제유가 고공행진…WTI도 배럴당 100달러 돌파,https://www.mk.co.kr/news/economy/12149898,매일경제 : 경제,mk.co.kr,[속보] 두바이·브렌트유 이어 WTI도 배럴당 100달러 돌파,https://www.hankyung.com/article/2026091076407,한국경제 | 뉴스 | 경제,hankyung.com,"불붙은 중동, 100달러 뚫은 유가...추석 코앞 韓 물가·성장 '빨간불'",https://www.newsway.co.kr/news/view?ud=2026091013495317182,네이버뉴스,newsway.co.kr,미작성,미발행,,,,
1f0935025bbfa714,2026-09-11,경제 · 한국 정책 이슈,일반,"KB금융, 블룸버그 손잡고 해외 사업 강화",매일경제 : 경제 등 3개 기사,"KB금융, 블룸버그 손잡고 해외 사업 강화",https://www.mk.co.kr/news/economy/12149646,매일경제 : 경제,mk.co.kr,"KB금융, 블룸버그와 자본시장 역량강화 협약",https://www.hankyung.com/article/2026091073501,한국경제 | 뉴스 | 경제,hankyung.com,"정부 , 'K-AI' 아프리카 진출 돕는다...사업 연결·금융 지원",https://www.newspim.com/news/view/20260910001055,네이버뉴스,newspim.com,미작성,미발행,,,,
8852a1ff979698ad,2026-09-11,경제 · 한국 정책 이슈,일반,"KB證 “삼성전자, HBM4 점유율↑·파운드리 수율 개선… 성장 기회 확대 전망”",Chosunbiz 등 3개 기사,"KB證 “삼성전자, HBM4 점유율↑·파운드리 수율 개선… 성장 기회 확대 전망”",https://biz.chosun.com/stock/stock_general/2026/09/11/X6HRTVHVGNCSFH27L3AVZHY4AE/,Chosunbiz,biz.chosun.com,"고작 0.5%p 격차…삼성, 파운드리 2위 자리도 '흔들'",https://www.hankyung.com/article/202609107434i,한국경제 | 뉴스 | 경제,hankyung.com,"""아세안 중산층 늘며 급속 성장 … 韓과 좋은 협력 기회 찾을것""",https://www.mk.co.kr/news/economy/12148607,매일경제 : 경제,mk.co.kr,미작성,미발행,,,,
1ae815cdac23f066,2026-09-11,경제 · 재테크,일반,"증권사, 2분기 순이익 5조 벌며 '분기 사상 최대 실적'",한국경제 | 뉴스 | 증권 등 3개 기사,"증권사, 2분기 순이익 5조 벌며 '분기 사상 최대 실적'",https://www.hankyung.com/article/202609106707i,한국경제 | 뉴스 | 증권,hankyung.com,"SK증권, 연금 저축 이전 고객에 최대 105만원 지급",https://www.megaeconomy.co.kr/news/newsview.php?ncode=1065597284962517,네이버뉴스,megaeconomy.co.kr,"상반기 잔치 끝난 증권주, '고 금리 ·거래 가뭄' 이중고…3분기 반등 시점...",https://www.widedaily.com/news/articleView.html?idxno=300626,네이버뉴스,widedaily.com,미작성,미발행,,,,
623d8da10e8ba2b9,2026-09-11,경제 · 재테크,일반,자산운용사 2분기 순익 2.7조… 운용자산 2777조원 돌파,Chosunbiz 등 3개 기사,자산운용사 2분기 순익 2.7조… 운용자산 2777조원 돌파,https://biz.chosun.com/stock/stock_general/2026/09/11/6SYE2KZGUFD2VAI474TRWFFCQY/,Chosunbiz,biz.chosun.com,“30년 운용하려면 자산 균형 재조정은 반드시 필요한 습관”,https://shindonga.donga.com/3/all/13/6381628/1,네이버뉴스,shindonga.donga.com,증권사 2분기 순익 첫 5조…하반기 실적은 둔화할 듯,https://www.hankyung.com/article/2026091073641,한국경제 | 뉴스 | 증권,hankyung.com,미작성,미발행,,,,
a65f5b07edd225e5,2026-09-11,경제 · 재테크,일반,갤럭시폴드보다 100만원 비싼 아이폰 폴더블…수혜주는 [분석+],한국경제 | 뉴스 | 증권 등 3개 기사,갤럭시폴드보다 100만원 비싼 아이폰 폴더블…수혜주는 [분석+],https://www.hankyung.com/article/2026091060836,한국경제 | 뉴스 | 증권,hankyung.com,"SK증권, 연금 저축·IRP 이전 이벤트…신규고객 최대 100만원",http://www.srtimes.kr/news/articleView.html?idxno=212037,네이버뉴스,srtimes.kr,"SK증권 "" 연금 저축 이전 시 최대 '105만원'""",https://www.fnnews.com/news/202609091613397334,네이버뉴스,fnnews.com,미작성,미발행,,,,
38a37d626b449f32,2026-09-11,경제 · 재테크,일반,[여의도단신]한국 투자 증권·NH 투자 증권·미래에셋자산운용,네이버뉴스 등 3개 기사,[여의도단신]한국 투자 증권·NH 투자 증권·미래에셋자산운용,https://www.imaeil.com/page/view/2026091014095892251,네이버뉴스,imaeil.com,"[증권 & Now] 한국 투자 증권, '피델리티·핌코·칼라일'과 전략적 협력 등",https://www.ebn.co.kr/news/articleView.html?idxno=1723780,네이버뉴스,ebn.co.kr,"한국투자증권, 핌코·피델리티와 함께 투자상품 만든다",https://www.hankyung.com/article/202609106526i,한국경제 | 뉴스 | 증권,hankyung.com,미작성,미발행,,,,
acae5135bee10abd,2026-09-11,경제 · 재테크,일반,[속보] 美 30년물 국채금리 5.35%로 급등…2007년 이후 최고,한국경제 | 뉴스 | 경제 등 3개 기사,[속보] 美 30년물 국채금리 5.35%로 급등…2007년 이후 최고,https://www.hankyung.com/article/2026091076667,한국경제 | 뉴스 | 경제,hankyung.com,10년·20년물 국채를 DC·IRP 계좌로… 15일까지 영업점 청약,https://www.newscammp.co.kr/news/articleView.html?idxno=6886,네이버뉴스,newscammp.co.kr,"미래에셋증권, 9~15일 개인 국채 청약…10·20년물 퇴직 연금 투자 가능",https://www.cbci.co.kr/news/articleView.html?idxno=605138,네이버뉴스,cbci.co.kr,미작성,미발행,,,,
4db905d40bc67fc9,2026-09-11,경제 · 부동산,일반,집 살 사람은 다 샀다? 뜨겁던 서울 부동산 에 '찬바람',네이버뉴스 등 3개 기사,집 살 사람은 다 샀다? 뜨겁던 서울 부동산 에 '찬바람',https://www.mt.co.kr/estate/2026/09/11/2026091021573651633,네이버뉴스,mt.co.kr,[서울&] 부동산 시장을 다시 ‘시장’으로 되돌려야,http://www.seouland.com/arti/society/society_general/24331.html,네이버뉴스,seouland.com,아무나 서울에 못 사나…비거주 '편가르기'가 불러올 비극[ 부동산 인사...,https://www.edaily.co.kr/News/Read?newsId=03650646645578480&mediaCodeNo=257&utm_source=naver&utm_medium=referral&utm_campaign=news_syndication&utm_content=original_article,네이버뉴스,edaily.co.kr,미작성,미발행,,,,
531fc9519dc2a844,2026-09-11,경제 · 부동산,일반,"반도체 쏠림·빚투에 수도권 집값 까지… 한은, 금융불균형 경고",네이버뉴스 등 3개 기사,"반도체 쏠림·빚투에 수도권 집값 까지… 한은, 금융불균형 경고",https://it.chosun.com/news/articleView.html?idxno=2023092169915,네이버뉴스,it.chosun.com,"‘반도체 돈’ 소비· 집값 으로 번진다…한은, 추가 금리인상 ‘저울질’",https://www.dt.co.kr/article/12083227?ref=naver,네이버뉴스,dt.co.kr,"경제는 빠르게 성장한다지만, 한은 “양극화, 집값 ·가계빚 다시 커질 ...",https://www.khan.co.kr/article/202609101613001,네이버뉴스,khan.co.kr,미작성,미발행,,,,
cb9d3c981f13f0cf,2026-09-11,경제 · 부동산,일반,[스타트 경제] 서울 국평 분양가 20억 '코앞'...아파트 분양가 신기록,네이버뉴스 등 3개 기사,[스타트 경제] 서울 국평 분양가 20억 '코앞'...아파트 분양가 신기록,https://www.ytn.co.kr/_ln/0102_202609110723173325,네이버뉴스,ytn.co.kr,"도시개발지구 아파트, 시세 강세 이어져…9월 천안·인천서도 잇단 분양",https://www.eroun.net/news/articleView.html?idxno=89794,네이버뉴스,eroun.net,“ 세금 더 내느니 물려 줄래”…20대 서울집 증여 9년만에 최대,https://biz.heraldcorp.com/article/10867556?ref=naver,네이버뉴스,biz.heraldcorp.com,미작성,미발행,,,,
7ef04db0c38b85cb,2026-09-11,경제 · 부동산,일반,[사설] 장관 후보 '부동산 변칙'… 국민 신뢰 무너진다,네이버뉴스 등 3개 기사,[사설] 장관 후보 '부동산 변칙'… 국민 신뢰 무너진다,https://www.asiatoday.co.kr/kn/view.php?key=20260910010004095,네이버뉴스,asiatoday.co.kr,부동산 잡겠다는 李정부…장관 후보자들은 '영끌·갭투자·특별분양' 논...,https://www.news1.kr/politics/assembly/6286667,네이버뉴스,news1.kr,비거주·영끌 ‘나쁜 1주택자’ 장관 후보들... 李정부의 부동산 자승자...,https://www.chosun.com/politics/politics_general/2026/09/10/GGI6U74BGZCHHFMIC4AALJAGSI/?utm_source=naver&utm_medium=referral&utm_campaign=naver-news,네이버뉴스,chosun.com,미작성,미발행,,,,
54e6ccc2dc69e6c8,2026-09-11,경제 · 부동산,일반,83주간 집값 상승 ‘톱10’에 한강벨트-셔세권… 지방은 더 하락,네이버뉴스 등 3개 기사,83주간 집값 상승 ‘톱10’에 한강벨트-셔세권… 지방은 더 하락,https://www.donga.com/news/Economy/article/all/20260911/134647002/2,네이버뉴스,donga.com,"""이대로면 집값 폭등""…'하락론자' 이광수, 정부 부동산 정책 직격",https://www.newspim.com/news/view/20260910001129,네이버뉴스,newspim.com,강남 대신 성북·중랑·노원…서울 집값 상승축 '중저가'로 이동,https://www.newsis.com/view/NISX20260909_0003783038,네이버뉴스,newsis.com,미작성,미발행,,,,
de70750dc162e923,2026-09-11,경제 · 미국 주식,일반,증시 활황에 운용사 순익 83% 늘었는데…10곳 중 4곳은 적자,Chosunbiz 등 3개 기사,증시 활황에 운용사 순익 83% 늘었는데…10곳 중 4곳은 적자,https://biz.chosun.com/stock/stock_general/2026/09/11/GU3TSYTFGYZTQMZVGAZDOYJXMQ/,Chosunbiz,biz.chosun.com,美 뉴욕 증시 하락 출발...PPI 상승·유가 100달러 돌파,https://www.thefairnews.co.kr/news/articleView.html?idxno=87692,네이버뉴스,thefairnews.co.kr,"뉴욕 증시 프리뷰, 미 주가선물 약세...유가 100달러 돌파에 PPI 촉각",https://www.newspim.com/news/view/20260910001201,네이버뉴스,newspim.com,미작성,미발행,,,,
33d2ddffc1025487,2026-09-11,경제 · 미국 주식,일반,"유가 100달러·10년물 5% 시대?…드러켄밀러 ""AI 붐, 후반"" [김현석의 월스트리트나우]",한국경제 | 뉴스 | 증권 등 3개 기사,"유가 100달러·10년물 5% 시대?…드러켄밀러 ""AI 붐, 후반"" [김현석의 월스트리트나우]",https://www.hankyung.com/article/202609117860i,한국경제 | 뉴스 | 증권,hankyung.com,[뉴욕 증시 마감시황] 유가 100달러·美 10년물 5% 눈앞… 나스닥 등 나흘...,https://www.moneystorm.kr/news/articleView.html?idxno=6408,네이버뉴스,moneystorm.kr,[속보]유가 107달러·10년물 5% 육박…뉴욕증시 나흘째 하락,https://www.edaily.co.kr/News/Read?newsId=01735126645579136&mediaCodeNo=257&utm_source=naver&utm_medium=referral&utm_campaign=news_syndication&utm_content=original_article,네이버뉴스,edaily.co.kr,미작성,미발행,,,,
574790fc53d22e94,2026-09-11,경제 · 미국 주식,일반,"[ 미국 특징주] 애플 폴더블 아이폰 듀오 후기...""인상적인 HW, 더 뛰어난...",네이버뉴스 등 3개 기사,"[ 미국 특징주] 애플 폴더블 아이폰 듀오 후기...""인상적인 HW, 더 뛰어난...",https://www.newspim.com/news/view/20260911000066,네이버뉴스,newspim.com,"“우리 거 재탕 끝내면 알려줘”…삼성전자, 애플 폴더블 향해 직격탄 날렸다",https://www.mk.co.kr/news/business/12149911,매일경제 : 기업/경영,mk.co.kr,"[ 미국 특징주] 차임, 전날 6.9% 상승 뒤 5.44% 하락",https://www.tokenpost.kr/news/market/406062,네이버뉴스,tokenpost.kr,미작성,미발행,,,,
89399b9cdbb68c2a,2026-09-11,경제 · 미국 주식,일반,[ 미국 특징주] 미국 국채 금리 급등에 지방채 시장도 '요동',네이버뉴스 등 3개 기사,[ 미국 특징주] 미국 국채 금리 급등에 지방채 시장도 '요동',https://www.newspim.com/news/view/20260911000065,네이버뉴스,newspim.com,[ 증시 전략] 유럽 금리인상 이어 FOMC 회의 앞두고 국채금리 급등,https://biz.sbs.co.kr/article_hub/20000334021?division=NAVER,네이버뉴스,biz.sbs.co.kr,"미국증시 , PPI·유가·국채 금리 충격에 하락…엔비디아·반도체주 약세",https://www.topstarnews.net/news/articleView.html?idxno=16189430,네이버뉴스,topstarnews.net,미작성,미발행,,,,
835768372a52c77f,2026-09-11,건강 · 최신 이슈,일반,"성인 3명 중 1명 고콜레스테롤혈증 ""국가 검진 주기 단축해야""",네이버뉴스 등 3개 기사,"성인 3명 중 1명 고콜레스테롤혈증 ""국가 검진 주기 단축해야""",http://www.newsmp.com/news/articleView.html?idxno=258054,네이버뉴스,newsmp.com,"성인 3명 중 1명 고콜레스테롤혈증…"" 검진 2년 주기·일차의료 관리 시...",http://www.bokuennews.com/news/article.html?no=284014,네이버뉴스,bokuennews.com,조용하지만 치명적인 '이상지질혈증'…검진주기 줄이고 국가관리 강화해...,https://www.k-health.com/news/articleView.html?idxno=101106,네이버뉴스,k-health.com,미작성,미발행,,,,
f761bb7009e8f3b8,2026-09-11,건강 · 최신 이슈,일반,“환자별 맞춤 치료·AI 대응 강화”⋯이상지질혈증 관리 체계 고도화,네이버뉴스 등 3개 기사,“환자별 맞춤 치료·AI 대응 강화”⋯이상지질혈증 관리 체계 고도화,https://www.viva100.com/article/20260910500978,네이버뉴스,viva100.com,성인 2명 중 1명 이상지질혈증…LDL-C 치료 강화에도 관리 과제 여전,https://www.medigatenews.com/news/1592073186,네이버뉴스,medigatenews.com,"당뇨 환자 보장 강화에 ""치료 사각지대 해소 기대…제도 발전 이어지길""",http://www.docdocdoc.co.kr/news/articleView.html?idxno=3042625,청년의사 - 전체기사,docdocdoc.co.kr,미작성,미발행,,,,
71ce72886973a1aa,2026-09-11,건강 · 최신 이슈,일반,"""독감·코로나 동시유행 우려""…최고의 방패 '이것'",네이버뉴스 등 3개 기사,"""독감·코로나 동시유행 우려""…최고의 방패 '이것'",https://www.newsis.com/view/NISX20260910_0003784629,네이버뉴스,newsis.com,독감·코로나 동시 유행 우려…'트윈데믹' 경고등에 대유행 전 접종 권...,http://news.lghellovision.net/news/articleView.html?idxno=554596,네이버뉴스,news.lghellovision.net,가을 환절기 독감‧코로나 동시 유행 '트윈데믹' 경고등,https://www.koreahealthlog.com/news/articleView.html?idxno=58947,네이버뉴스,koreahealthlog.com,미작성,미발행,,,,
d6a6cbeca3951bc6,2026-09-11,건강 · 최신 이슈,연예인 건강,장윤정 이름 팔아 3100만원 사기…모친 실형,네이버뉴스 등 3개 기사,장윤정 이름 팔아 3100만원 사기…모친 실형,https://www.bntnews.co.kr/article/view/bnt202609110007,네이버뉴스,bntnews.co.kr,장윤정 이름 내세워 3100만원 투자 사기…모친 1심 징역 10개월,https://www.donga.com/news/Society/article/all/20260910/134644197/1,네이버뉴스,donga.com,장윤정 이름 앞세워 3100만원 사기…친모 징역 10개월,https://www.kgnews.co.kr/news/article.html?no=911156,네이버뉴스,kgnews.co.kr,미작성,미발행,,,,
db852b0968f75b58,2026-09-11,건강 · 최신 이슈,연예인 건강,"가수 장윤정 어머니, 사기 혐의로 징역 선고…법정 드라마의 전말은?",네이버뉴스 등 3개 기사,"가수 장윤정 어머니, 사기 혐의로 징역 선고…법정 드라마의 전말은?",https://www.gokorea.kr/news/articleView.html?idxno=878018,네이버뉴스,gokorea.kr,"[잇슈 컬처] 가수 장윤정 친모, 1심서 징역형 선고",https://news.kbs.co.kr/news/pc/view/view.do?ncd=8660723&ref=A,네이버뉴스,news.kbs.co.kr,"‘딸 장윤정’ 이름 내세워 사기 친 모친, 징역 10개월 선고",https://www.munhwa.com/article/11616123?ref=naver,네이버뉴스,munhwa.com,미작성,미발행,,,,
040396a362d82cd7,2026-09-11,건강 · 생활 건강 정보,일반,"초슬림 루멘리스 기술, 심장의 고유 리듬을 깨우다",청년의사 - 전체기사 등 3개 기사,"초슬림 루멘리스 기술, 심장의 고유 리듬을 깨우다",http://www.docdocdoc.co.kr/news/articleView.html?idxno=3042662,청년의사 - 전체기사,docdocdoc.co.kr,"삼성전자, 갤럭시 워치·삼성 헬스로 심장 건강 관리 기술 공개",https://www.nextdaily.co.kr/news/articleView.html?idxno=252939,네이버뉴스,nextdaily.co.kr,"삼성전자, 갤럭시 워치 심장 건강 관리 기술 공개…심방세동 감지·맞춤...",https://www.cbci.co.kr/news/articleView.html?idxno=605193,네이버뉴스,cbci.co.kr,미작성,미발행,,,,
3e5cdb9cae87f0d3,2026-09-11,건강 · 생활 건강 정보,일반,"딸이 챙기는 엄마의 건강 , 하루 10분 걷기",네이버뉴스 등 3개 기사,"딸이 챙기는 엄마의 건강 , 하루 10분 걷기",https://bravo.etoday.co.kr/view/atc_view/19935,네이버뉴스,bravo.etoday.co.kr,"""내 건강 챙기던 워치, 이젠 부모님 손목으로""…삼성전자, 갤럭시 워치...",https://www.aitimes.kr/news/articleView.html?idxno=41836,네이버뉴스,aitimes.kr,""" 건강 챙기고 지구 살리고""… 서울 도심서 120명 '줍깅' 캠페인 열린다",https://www.etoday.co.kr/news/view/2623465,네이버뉴스,etoday.co.kr,미작성,미발행,,,,
af0aa38d4ed6efbf,2026-09-11,건강 · 생활 건강 정보,일반,"“뱃살 빠지고, 혈당도 떨어지고”…매일 걸으면 몸에 일어나는 좋은 변화 /“조용히 몸 망친다”…의사가 침실에서 당장 바꾸라고 한 3가지, 뭘까? / 박준형 수척해진 얼굴에 ‘건강이상설’⋯ 알고 보니 ‘이런 생활’ 탓?",코메디닷컴 등 3개 기사,"“뱃살 빠지고, 혈당도 떨어지고”…매일 걸으면 몸에 일어나는 좋은 변화 /“조용히 몸 망친다”…의사가 침실에서 당장 바꾸라고 한 3가지, 뭘까? / 박준형 수척해진 얼굴에 ‘건강이상설’⋯ 알고 보니 ‘이런 생활’ 탓?",https://kormedi.com/2864188/,코메디닷컴,kormedi.com,"“무조건 덜 먹기보다, 음식을 잘 골라라”… 매일 먹어도 좋은 10가지",https://health.chosun.com/site/data/html_dir/2026/09/08/2026090802197.html,네이버뉴스,health.chosun.com,"삼성전자, 갤럭시 워치로 심장 건강 살핀다…수면 중 변화도 체크",https://www.seoultimes.news/news/article.html?no=2000099698,네이버뉴스,seoultimes.news,미작성,미발행,,,,
bcacf9f0e85a35a8,2026-09-11,건강 · 생활 건강 정보,일반,"[써보니]""부모님 건강 상태도 공유""…혈압·심전도까지 챙기는 갤럭시 워...",네이버뉴스 등 3개 기사,"[써보니]""부모님 건강 상태도 공유""…혈압·심전도까지 챙기는 갤럭시 워...",https://view.asiae.co.kr/article/2026091013390320505,네이버뉴스,view.asiae.co.kr,"삼성전자, 부모님 심장까지 챙기는 갤럭시 워치…'손목 위 건강 망' 키운...",http://www.whitepaper.co.kr/news/articleView.html?idxno=266592,네이버뉴스,whitepaper.co.kr,"삼성전자, 갤럭시 워치 심장 건강 관리 강화…혈압·심전도 넘어 '예방...",https://www.slist.kr/news/articleView.html?idxno=764776,네이버뉴스,slist.kr,미작성,미발행,,,,
46cc9051ca3b4ac0,2026-09-11,건강 · 생활 건강 정보,일반,* 9월 11일 오늘의 운세 *,네이버뉴스 등 3개 기사,* 9월 11일 오늘의 운세 *,https://www.pointdaily.co.kr/news/articleView.html?idxno=318279,네이버뉴스,pointdaily.co.kr,오늘의 운세 띠별 운세 9월11일,https://www.bntnews.co.kr/article/view/bnt202609100191,네이버뉴스,bntnews.co.kr,[오늘의 별자리 운세] 9월 11일 총운…정리 끝내고 실행 기준 세울 때,https://www.topstarnews.net/news/articleView.html?idxno=16189359,네이버뉴스,topstarnews.net,미작성,미발행,,,,
bd51b3a9cec22c10,2026-09-10,패션뷰티,일반,중남미도 'K-뷰티' 열풍…한국 화장품 수출 2년 새 160% 증가,네이버뉴스 등 3개 기사,중남미도 'K-뷰티' 열풍…한국 화장품 수출 2년 새 160% 증가,http://mbn.mk.co.kr/pages/news/newsView.php?category=mbn00008&news_seq_no=5218248,네이버뉴스,mbn.mk.co.kr,중남미 여성 지갑 연 K-뷰티...한국 화장품 수출 2년 새 160%↑,https://www.ytn.co.kr/_ln/0104_202609100452477720,네이버뉴스,ytn.co.kr,한국산 아닌데 'K뷰티'?…흐려진 경계에 정체성 고민,https://news.mtn.co.kr/news-detail/2026090916262562874,네이버뉴스,news.mtn.co.kr,미작성,미발행,,,,
9c2a9af54931342f,2026-09-10,패션뷰티,일반,안티에이징 ' 성분 전쟁'… 레티놀·PDRN 이어 '블루펩타이드' 뜨나,네이버뉴스 등 3개 기사,안티에이징 ' 성분 전쟁'… 레티놀·PDRN 이어 '블루펩타이드' 뜨나,http://www.bokuennews.com/news/article.html?no=283929,네이버뉴스,bokuennews.com,레티놀ㆍPDRN을 넘어 '블루펩타이드'로… 안티에이징 시장이 선택한 새...,http://www.medisobizanews.com/news/articleView.html?idxno=142053,네이버뉴스,medisobizanews.com,PDRN·레티놀의 바톤을 이을 '블루펩타이드'… 피부 스스로의 힘을 깨우...,https://www.biotimes.co.kr/news/articleView.html?idxno=34367,네이버뉴스,biotimes.co.kr,미작성,미발행,,,,
3cf87338b7a90d73,2026-09-10,패션뷰티,일반,"무신사 뷰티, 내일 홍대에 단독 오프라인 매장 연다",네이버뉴스 등 3개 기사,"무신사 뷰티, 내일 홍대에 단독 오프라인 매장 연다",https://news.einfomax.co.kr/news/articleView.html?idxno=4434195,네이버뉴스,news.einfomax.co.kr,"""약국부터 K뷰티 1만2000개까지"" 무신사 뷰티, 홍대에 첫 단독 매장",https://www.newsis.com/view/NISX20260910_0003783518,네이버뉴스,newsis.com,"무신사 뷰티, 홍대서 첫 단독 매장…파머시 뷰티까지 도입",https://www.pinpointnews.co.kr/news/articleView.html?idxno=485598,네이버뉴스,pinpointnews.co.kr,미작성,미발행,,,,
d9b2be9f7aca8098,2026-09-10,패션뷰티,일반,[추석 선물 공식 바뀐다] 스킨 ·로션 세트 옛말…피부 고민까지 맞춘다,네이버뉴스 등 3개 기사,[추석 선물 공식 바뀐다] 스킨 ·로션 세트 옛말…피부 고민까지 맞춘다,https://daily.hankooki.com/news/articleView.html?idxno=1404354,네이버뉴스,daily.hankooki.com,"젬오리진 정보석 대표 ""40년 피부관리 노하우로 남성 스킨케어 빈자리 ...",http://www.ktnews.com/news/articleView.html?idxno=148421,네이버뉴스,ktnews.com,"스킨 1004, 日 큐텐 팝업서 기획 세트 전량 소진",http://www.apparelnews.co.kr/news/news_view/?idx=227535,네이버뉴스,apparelnews.co.kr,미작성,미발행,,,,
c14c37bcabe3ab28,2026-09-10,패션뷰티,일반,"""한 번으론 부족해""…서울 'N차 관광' 빠진 이유는 'K 뷰티",네이버뉴스 등 3개 기사,"""한 번으론 부족해""…서울 'N차 관광' 빠진 이유는 'K 뷰티",https://www.newsway.co.kr/news/view?ud=2026090911220129658,네이버뉴스,newsway.co.kr,"""K뷰티 미래 이끌 인재""…서울사이버대, 온라인 기능경기대회 개최",https://www.mt.co.kr/policy/2026/09/07/2026090715092947844,네이버뉴스,mt.co.kr,"""K-뷰티 미래, 손끝서 연다""… 서울사이버대, '2026 SCU 뷰티 온라인 대...",http://www.dailysmart.co.kr/news/articleView.html?idxno=129321,네이버뉴스,dailysmart.co.kr,미작성,미발행,,,,
48a0f5d1fdbefb0b,2026-09-10,카테크 · 자동차,일반,"코트라, 日 AISIN과 미래차 개발 협력·경제 4강(美·中·獨·日) '산업 A...",네이버뉴스 등 3개 기사,"코트라, 日 AISIN과 미래차 개발 협력·경제 4강(美·中·獨·日) '산업 A...",https://www.cstimes.com/news/articleView.html?idxno=720048,네이버뉴스,cstimes.com,"'연매출 45조원' 日 아이신과 K 소부장 기업, 미래차 개발 협력한다",https://www.fnnews.com/news/202609091649190103,네이버뉴스,fnnews.com,"코트라, 국내 미래차 부품기업 日 진출 지원…아이신과 협력 확대",https://www.etoday.co.kr/news/view/2623403,네이버뉴스,etoday.co.kr,미작성,미발행,,,,
a50a7cd0406c89a6,2026-09-10,카테크 · 자동차,일반,"보그워너, 유럽 및 중국서 신규 가변 캠 타이밍 프로그램 수주",모터그래프코리아 - 전체기사 등 3개 기사,"보그워너, 유럽 및 중국서 신규 가변 캠 타이밍 프로그램 수주",https://www.motorgraph.com/news/articleView.html?idxno=44489,모터그래프코리아 - 전체기사,motorgraph.com,[중국의 역습-자동차②] 유럽 차 삼킨 중국 자본… 한국 시장 노린다,https://www.mediapen.com/news/view/1122328,네이버뉴스,mediapen.com,"“중국 안 간다”…르노 저가 전기차 , 유럽 생산 돌입한 파격 이유",https://www.g-enews.com/view.php?ud=2026090910195110392bd56fbc3c_1,네이버뉴스,g-enews.com,미작성,미발행,,,,
d3262fd4edf68624,2026-09-10,카테크 · 자동차,일반,"금융당국, 급증하는 보험 분쟁 해결에 총력…AI 기술로 대응 강화",네이버뉴스 등 3개 기사,"금융당국, 급증하는 보험 분쟁 해결에 총력…AI 기술로 대응 강화",https://www.gokorea.kr/news/articleView.html?idxno=877890,네이버뉴스,gokorea.kr,"보험 분쟁 48% 폭증에…금감원, KB·DB손보부터 '현장 총점검' 돌입",http://www.newsroad.co.kr/news/articleView.html?idxno=64067,네이버뉴스,newsroad.co.kr,"금감원, 보험 사 '분쟁 민원 관리 ' 현장점검…KB·DB손보 첫 타자",https://www.yna.co.kr/view/AKR20260909186300002?input=1195m,네이버뉴스,yna.co.kr,미작성,미발행,,,,
45c45ca0fd373916,2026-09-10,카테크 · 자동차,일반,"'車 보험 자동 검증' 특허 취득한 초대형 GA...한화생명금융서비스, 최적...",네이버뉴스 등 3개 기사,"'車 보험 자동 검증' 특허 취득한 초대형 GA...한화생명금융서비스, 최적...",https://www.greened.kr/news/articleView.html?idxno=349628,네이버뉴스,greened.kr,"한화생명금융서비스, 자동차 보험료 '자동 검증' 기술 특허 취득",http://www.srtimes.kr/news/articleView.html?idxno=211965,네이버뉴스,srtimes.kr,"한화생명금융서비스, 자동차보험 료 '자동 검증' 특허… 보험 료 오차 줄인...",https://www.the-today.com/news/articleView.html?idxno=89790,네이버뉴스,the-today.com,미작성,미발행,,,,
ef2f2f2d63f10978,2026-09-10,카테크 · IT,일반,애플 첫 폴더블 ‘아이폰 듀오’ 출격…터너스 체제 첫 승부수,네이버뉴스 등 3개 기사,애플 첫 폴더블 ‘아이폰 듀오’ 출격…터너스 체제 첫 승부수,https://www.ddaily.co.kr/page/view/2026091008001064244,네이버뉴스,ddaily.co.kr,애플의 첫 폴더플 스마트폰 '아이폰 듀오',https://www.newsis.com/view/NISI20260910_0002235107,네이버뉴스,newsis.com,"애플, 첫 폴더블 '아이폰 듀오' 전격 공개… 사전예약 언제?",https://www.gukjenews.com/news/articleView.html?idxno=3690473,네이버뉴스,gukjenews.com,미작성,미발행,,,,
2143bedb1e799c6a,2026-09-10,카테크 · IT,일반,[경제인사이드] ' 가전 ' 넘은 'AI 홈·로봇'… 베를린 달군 IFA 2026,네이버뉴스 등 3개 기사,[경제인사이드] ' 가전 ' 넘은 'AI 홈·로봇'… 베를린 달군 IFA 2026,https://www.newscj.com/news/articleView.html?idxno=3431252,네이버뉴스,newscj.com,AI는 기본값…IFA가 가리킨 가전 승부처 '전기와 사업성',https://www.itdaily.kr/news/articleView.html?idxno=241501,네이버뉴스,itdaily.kr,[K-산업의 대중국 재역전] 이차전지· 가전 ·로봇 이어 반도체까지…中에...,http://www.segyebiz.com/newsView/20260909507646?OutUrl=naver,네이버뉴스,segyebiz.com,미작성,미발행,,,,
b0c1a4957bc43f26,2026-09-10,카테크 · IT,일반,"""이것이 아이폰 폴더블 스마트폰 """,네이버뉴스 등 3개 기사,"""이것이 아이폰 폴더블 스마트폰 """,https://www.newsis.com/view/NISI20260910_0002235105,네이버뉴스,newsis.com,아이폰 18·폴더블폰 공개한 애플…주가 반응 시큰둥? 0.3% 하락,https://www.slist.kr/news/articleView.html?idxno=764966,네이버뉴스,slist.kr,애플 첫 폴더블 1999달러…아이폰 가격도 올렸다,https://www.g-enews.com/view.php?ud=2026091007454054629a1f309431_1,네이버뉴스,g-enews.com,미작성,미발행,,,,
bdf44fd953e51fb1,2026-09-10,스포츠,일반,"이정후, 극적인 동점 2타점 2루타…멀티히트로 타율 0.281",네이버뉴스 등 3개 기사,"이정후, 극적인 동점 2타점 2루타…멀티히트로 타율 0.281",https://www.yna.co.kr/view/AKR20260910021600007?input=1195m,네이버뉴스,yna.co.kr,'1:6→7:6 기적의 8회 6득점' 이정후가 해냈다! 2사 풀카운트 동점 2타점...,https://www.starnewskorea.com/sports/2026/09/10/2026091005472023484,네이버뉴스,starnewskorea.com,"'대타 출전' 이정후, 만루 찬스서 뜬공…시즌 타율 0.279",https://www.newsis.com/view/NISX20260909_0003782523,스포츠,newsis.com,미작성,미발행,,,,
04bf93bee25008ca,2026-09-10,스포츠,일반,이번 닌텐도 다이렉트 메인디시는 '커비'와 '메트로이드',네이버뉴스 등 3개 기사,이번 닌텐도 다이렉트 메인디시는 '커비'와 '메트로이드',https://www.gameshot.net/common/con_view.php?code=GA6aa19abf09aab,네이버뉴스,gameshot.net,"[종합] 닌텐도 다이렉트, 커비에 메트로이드 신작까지!(게임이 너무 많...",https://www.inven.co.kr/webzine/news/?news=320637,네이버뉴스,inven.co.kr,[닌텐도 다이렉트] 소문난 잔치에 볼거리는 '별의 커비'뿐...,https://www.gametoc.co.kr/news/articleView.html?idxno=111353,네이버뉴스,gametoc.co.kr,미작성,미발행,,,,
69b21c73accb3b4b,2026-09-10,스포츠,일반,"이강인 아틀레티코 데뷔골, 라리가 '8월의 골' 선정",스포츠 - SBS 뉴스 섹션 등 3개 기사,"이강인 아틀레티코 데뷔골, 라리가 '8월의 골' 선정",https://news.sbs.co.kr/news/endPage.do?news_id=N1008746183&plink=RSSLINK&cooper=RSSREADER,스포츠 - SBS 뉴스 섹션,news.sbs.co.kr,"이강인 아틀레티코 데뷔골, 라리가 '8월의 골'로 선정",https://www.yna.co.kr/view/AKR20260910018500007?input=1195m,네이버뉴스,yna.co.kr,[오피셜] 이강인 해냈다! AT 데뷔전 데뷔골→라리가 '이달의 골' 수상 영...,https://www.starnewskorea.com/sports/2026/09/10/2026090922363582437,네이버뉴스,starnewskorea.com,미작성,미발행,,,,
dc90dac394c74ac0,2026-09-10,스포츠,일반,"KIA 김도영, 번트 타구 맞아 코뼈 골절…아시안게임 '비상'",네이버뉴스 등 3개 기사,"KIA 김도영, 번트 타구 맞아 코뼈 골절…아시안게임 '비상'",https://www.sidae.com/article/2026091008081271658,네이버뉴스,sidae.com,"번트 타구에 얼굴 맞은 KIA 김도영, 코뼈 골절 진단…""심각한 상태 아냐...",https://www.ajunews.com/view/20260910065732737,네이버뉴스,ajunews.com,김도영 타구 맞고 코뼈 골절…KIA·대표팀 '초비상',https://news.sbs.co.kr/news/endPage.do?news_id=N1008745920&plink=RSSLINK&cooper=RSSREADER,스포츠 - SBS 뉴스 섹션,news.sbs.co.kr,미작성,미발행,,,,
1e8765a6e217f612,2026-09-10,스포츠,일반,"'이강인 59분' 아틀레티코, 리버풀에 '1대 2' 역전패",스포츠 - SBS 뉴스 섹션 등 3개 기사,"'이강인 59분' 아틀레티코, 리버풀에 '1대 2' 역전패",https://news.sbs.co.kr/news/endPage.do?news_id=N1008746144&plink=RSSLINK&cooper=RSSREADER,스포츠 - SBS 뉴스 섹션,news.sbs.co.kr,"이강인 59분 분전했지만…아틀레티코, 리버풀에 1-2 역전패",https://www.sidae.com/article/2026091008004362540,네이버뉴스,sidae.com,"이강인, 리버풀 거친 압박에 고전…59분 활약 속 팀은 역전패",https://www.yonhapnewstv.co.kr/news/AKR202609100724044M6,연합뉴스TV :: 대한민국 뉴스의 시작. 채널 23 » 스포츠,yonhapnewstv.co.kr,미작성,미발행,,,,
6411dea7401e8065,2026-09-10,방송연예,일반,"아이유, 오늘 ‘이 별로부터’ 발매",네이버뉴스 등 3개 기사,"아이유, 오늘 ‘이 별로부터’ 발매",https://www.bntnews.co.kr/article/view/bnt202609100061,네이버뉴스,bntnews.co.kr,"아이유, 이종석과 결별 후 첫 신곡 ‘이 별로부터’…뮤비 속 男 누구?",https://www.newsen.com/news_view.php?uid=202609090916142410,네이버뉴스,newsen.com,"아이유, 결별 후 신곡 '이 별로부터'라니..의문의 외국男과 티저공개",http://www.osen.co.kr/article/G1112872311,네이버뉴스,osen.co.kr,미작성,미발행,,,,
9cc7ca163b22040a,2026-09-10,방송연예,일반,류준열·설경구 ‘들쥐’ 결국 1위 찍었다…공개 2주 차 심상찮은 반전,네이버뉴스 등 3개 기사,류준열·설경구 ‘들쥐’ 결국 1위 찍었다…공개 2주 차 심상찮은 반전,https://www.wikitree.co.kr/articles/1158471,네이버뉴스,wikitree.co.kr,[센터엔터] 류준열·설경구 '들쥐' 공개 2주 차 글로벌 정상 外,https://www.yonhapnewstv.co.kr/news/MYH20260909132442Bz9,연합뉴스TV :: 대한민국 뉴스의 시작. 채널 23 » 문화·연예,yonhapnewstv.co.kr,"류준열·설경구 '들쥐', 공개 2주 차에 글로벌 1위",https://www.newsis.com/view/NISX20260909_0003781866,연예,newsis.com,미작성,미발행,,,,
67f0e96fb58c8e2b,2026-09-10,방송연예,일반,경찰 제복 입은 아이유·수갑 찬 김영옥…오늘(10일) 1년 만 가수 컴백,네이버뉴스 등 3개 기사,경찰 제복 입은 아이유·수갑 찬 김영옥…오늘(10일) 1년 만 가수 컴백,https://www.xportsnews.com/article/2194078,네이버뉴스,xportsnews.com,"아이유, '이관개방증' 건강 악화 딛고 오늘(10일) 신곡 발매",https://www.spotvnews.co.kr/news/articleView.html?idxno=1006661,네이버뉴스,spotvnews.co.kr,"아이유, 전남친들과 얽힌 기막힌 컴백 …참 공교롭고 묘하다 [MD포커스]",https://www.mydaily.co.kr/page/view/2026090914085161027,네이버뉴스,mydaily.co.kr,미작성,미발행,,,,
9f7ce55f339a29db,2026-09-10,방송연예,일반,‘지금 불륜이 문제가 아닙니다’ 종영 후 아시아 6개국 톱10 휩쓴 진짜...,네이버뉴스 등 3개 기사,‘지금 불륜이 문제가 아닙니다’ 종영 후 아시아 6개국 톱10 휩쓴 진짜...,https://www.wikitree.co.kr/articles/1158447,네이버뉴스,wikitree.co.kr,"김혜수·조여정 '지금 불륜이 문제가 아닙니다', 인니 2위·亞 6개국 톱...",https://www.topstarnews.net/news/articleView.html?idxno=16187496,네이버뉴스,topstarnews.net,‘지금 불륜이 문제가 아닙니다’ 亞 전역 뒤흔든 K-도파민,https://www.bntnews.co.kr/article/view/bnt202609090146,네이버뉴스,bntnews.co.kr,미작성,미발행,,,,
ec4a7006f87d8f0f,2026-09-10,방송연예,일반,"‘美 명문대생’ 윤후, 몰라보게 자란 ‘아빠 어디가’ 꼬마…父 따라 ...",네이버뉴스 등 3개 기사,"‘美 명문대생’ 윤후, 몰라보게 자란 ‘아빠 어디가’ 꼬마…父 따라 ...",https://www.sportsseoul.com/news/read/1634132?ref=naver,네이버뉴스,sportsseoul.com,"윤후, 아빠 윤민수 이어 가수 데뷔하나…성시경 ‘좋을 텐데’ 리메이크",https://www.segye.com/newsView/20260910502438?OutUrl=naver,네이버뉴스,segye.com,"윤후, 결국 父윤민수 따라 가수 길 간다",https://www.newsis.com/view/NISX20260909_0003783302,연예,newsis.com,미작성,미발행,,,,
f4ed11bdd003e70b,2026-09-10,고생물,일반,"보성군, '코리아노사우루스' 골격 화석 천연기념물 지정",네이버뉴스 등 3개 기사,"보성군, '코리아노사우루스' 골격 화석 천연기념물 지정",https://www.newsfreezone.co.kr/news/articleView.html?idxno=708042,네이버뉴스,newsfreezone.co.kr,"'코리아' 학명 인정된 공룡 화석 ... 보성 골격 화석 , 마침내 천연기념물...",https://www.insight.co.kr/news/571980,네이버뉴스,insight.co.kr,"보성서 찾은 한반도 최초 조각류 공룡 골격, 천연기념물 됐다",https://www.newsis.com/view/NISX20260907_0003779031,네이버뉴스,newsis.com,미작성,미발행,,,,
1ee6df38fee6c9b8,2026-09-10,고생물,일반,中 남서부 동굴서 데니소바인 화석 발견,네이버뉴스 등 3개 기사,中 남서부 동굴서 데니소바인 화석 발견,https://www.dongascience.com/news/view/79846,네이버뉴스,dongascience.com,‘고대 인류’ 데니소바인 새 화석 발굴 … 몸 형태 가늠할 팔뼈도 포함,https://www.hani.co.kr/arti/science/science_general/1277085.html,네이버뉴스,hani.co.kr,"우리나라에서 발견 된 공룡 화석 , 천연기념물 됐어요",https://kids.donga.com/news/articleView.html?idxno=169786,네이버뉴스,kids.donga.com,미작성,미발행,,,,
004604aab75e43e8,2026-09-10,경제 · 한국 주식,일반,유가 100달러·美 국채 금리 상승에 가상자산 하락세… 리플 4.5% 급락,Chosunbiz 등 3개 기사,유가 100달러·美 국채 금리 상승에 가상자산 하락세… 리플 4.5% 급락,https://biz.chosun.com/stock/finance/2026/09/10/HDM676JE45BE3D4FJGMHIPTRTQ/,Chosunbiz,biz.chosun.com,유가 100달러·美국채금리 상승… 국내 증시 하락 출발 전망[굿모닝 증시 ...,https://view.asiae.co.kr/article/2026091007521455500,네이버뉴스,view.asiae.co.kr,100달러 넘어선 유가에 금리인상 우려…美증시 하락,https://www.hankyung.com/article/202609095050i,한국경제 | 뉴스 | 경제,hankyung.com,미작성,미발행,,,,
119215420dfd2553,2026-09-10,경제 · 한국 주식,일반,삼전닉스 있는데 한국이 불리? … 2030년 반도체 멸망전,매일경제 : 기업/경영 등 3개 기사,삼전닉스 있는데 한국이 불리? … 2030년 반도체 멸망전,https://www.mk.co.kr/news/business/12148320,매일경제 : 기업/경영,mk.co.kr,"""반도체 매출 2012조원"" 파격 전망…메모리가 '왕좌' 차지",https://www.hankyung.com/article/2026091052457,한국경제 | 뉴스 | 경제,hankyung.com,"""마음의 준비하세요..삼전닉스 전원 구조각"" 최장수 반도체 리서치센터...",https://www.ytn.co.kr/_ln/0102_202609091136373004,네이버뉴스,ytn.co.kr,미작성,미발행,,,,
6710a9e4cee72dda,2026-09-10,경제 · 한국 주식,일반,[굿모닝 마켓] 유가 급등…호르무즈·홍해 동시다발 군사 충돌 격화,네이버뉴스 등 3개 기사,[굿모닝 마켓] 유가 급등…호르무즈·홍해 동시다발 군사 충돌 격화,https://biz.sbs.co.kr/article_hub/20000333798?division=NAVER,네이버뉴스,biz.sbs.co.kr,[굿모닝 증시 ]중동 긴장·유가 급등 우려↑…韓 증시 눈치보기 전망,https://view.asiae.co.kr/article/2026090908024395331,네이버뉴스,view.asiae.co.kr,"[ 오늘 의 투자전략] 코스피, 유가·금리 급등에 숨 고르기…7000선 지지력...",https://www.etoday.co.kr/news/view/2623807,네이버뉴스,etoday.co.kr,미작성,미발행,,,,
00a29b476588b454,2026-09-10,경제 · 한국 주식,일반,"[ 증시 전망 대] 중동發 유가·금리 쇼크 vs 반도체 랠리…'7,000 코스피 ' 시...",네이버뉴스 등 3개 기사,"[ 증시 전망 대] 중동發 유가·금리 쇼크 vs 반도체 랠리…'7,000 코스피 ' 시...",http://www.newsroad.co.kr/news/articleView.html?idxno=64076,네이버뉴스,newsroad.co.kr,"중동 긴장 고조와 유가 상승 속 증시 7,000선 돌파 시도, 반도체 주식은...",https://www.gokorea.kr/news/articleView.html?idxno=877775,네이버뉴스,gokorea.kr,[AI MY 증시 전망] AI 모멘텀 이어가는 코스피…유가 100달러 돌파 변수,https://www.newspim.com/news/view/20260910000097,네이버뉴스,newspim.com,미작성,미발행,,,,
c49ff72bc050768b,2026-09-10,경제 · 한국 주식,일반,2분기 증시 활황에 증권사 순이익 5조 2000억원…두 분기 연속 역대 최대,Chosunbiz 등 3개 기사,2분기 증시 활황에 증권사 순이익 5조 2000억원…두 분기 연속 역대 최대,https://biz.chosun.com/stock/stock_general/2026/09/10/HFRTCZBWMQZDAZBZGI3TQNRWGU/,Chosunbiz,biz.chosun.com,증권사 2분기 순익 5.2兆 '사상 최대'…전년비 82% 급증,https://www.hankyung.com/article/2026090940246,한국경제 | 뉴스 | 증권,hankyung.com,1330원대로 급락한 환율…은행 달러예금도 ‘역대 최대’,https://www.ddaily.co.kr/page/view/2026090913520064564,네이버뉴스,ddaily.co.kr,미작성,미발행,,,,
864cef33bcc608ee,2026-09-10,경제 · 한국 정책 이슈,일반,다시 불붙은 '영끌' 매수…서울 집합건물 첫 구입 54% 돌파,네이버뉴스 등 3개 기사,다시 불붙은 '영끌' 매수…서울 집합건물 첫 구입 54% 돌파,https://www.jnilbo.com/news/articleView.html?idxno=90000064085,네이버뉴스,jnilbo.com,"""지금 제일 싸다""며 '영끌'...서울 매수자 '첫 주택' 비중 역대 최대",http://www.wowtv.co.kr/NewsCenter/News/Read?articleId=A202609100253&t=NN,네이버뉴스,wowtv.co.kr,"""전세난·집값 불안"" 서울 생애최초 주택 구입 비중 역대 최대",https://www.yna.co.kr/view/AKR20260909170300003?input=1195m,네이버뉴스,yna.co.kr,미작성,미발행,,,,
ea767681a6c5078e,2026-09-10,경제 · 한국 정책 이슈,일반,"“홍지선 국토 장관 후보, 5차례 전세 갈아타기 통해 서울아파트 매수”",네이버뉴스 등 3개 기사,"“홍지선 국토 장관 후보, 5차례 전세 갈아타기 통해 서울아파트 매수”",https://www.munhwa.com/article/11615910?ref=naver,네이버뉴스,munhwa.com,"김은혜 ""홍지선, 5차례 전세 갈아타기 통해 서울아파트 매수""",https://www.yna.co.kr/view/AKR20260909165700001?input=1195m,네이버뉴스,yna.co.kr,"김은혜 ""홍지선, 5차례 전세 갈아타 서울 아파트 매입""",https://www.hankookilbo.com/news/article/A2026091007270003282?did=NA,네이버뉴스,hankookilbo.com,미작성,미발행,,,,
c6ad66fecd0887ed,2026-09-10,경제 · 한국 정책 이슈,일반,[오늘의 이슈]브렌트유 100달러 돌파…오늘 네 마녀의 날,네이버뉴스 등 3개 기사,[오늘의 이슈]브렌트유 100달러 돌파…오늘 네 마녀의 날,http://www.newskr.kr/news/articleView.html?idxno=106248,네이버뉴스,newskr.kr,美·이란 공습 확대…브렌트유 또 100달러 넘었다.,https://www.hankyung.com/article/202609094888i,한국경제 | 뉴스 | 경제,hankyung.com,[오늘의 주요일정·10일] 한성숙 총리 비상경제점검회의,https://www.safetimes.co.kr/news/articleView.html?idxno=245584,네이버뉴스,safetimes.co.kr,미작성,미발행,,,,
e54f0225046dd9a7,2026-09-10,경제 · 한국 정책 이슈,일반,'세제 압박'에 갈라진 서울...내년 정비사업 멸실 겹쳐 전세난 '초비상...,네이버뉴스 등 3개 기사,'세제 압박'에 갈라진 서울...내년 정비사업 멸실 겹쳐 전세난 '초비상...,https://www.youthdaily.co.kr/news/article.html?no=226754,네이버뉴스,youthdaily.co.kr,"김은혜, “홍지선, 전세 5번 갈아타 서울아파트 매입”...“국민은 못 타...",https://www.kyeonggi.com/article/20260910580009,네이버뉴스,kyeonggi.com,"""전세 살다 밀려날라""… 서울 집합건물 매수자 절반 이상이 '생애 첫 집...",https://www.cbci.co.kr/news/articleView.html?idxno=605412,네이버뉴스,cbci.co.kr,미작성,미발행,,,,
ebf62d883d9cbd62,2026-09-10,경제 · 재테크,일반,中 BYD보다 800만원 싸다…현대차 '아이오닉3' 유럽 출격,한국경제 | 뉴스 | 경제 등 3개 기사,中 BYD보다 800만원 싸다…현대차 '아이오닉3' 유럽 출격,https://www.hankyung.com/article/202609094271g,한국경제 | 뉴스 | 경제,hankyung.com,"애플, 첫 폴더블 ‘아이폰 듀오’ 공개 … 한국 판매가 329만원부터",https://biz.chosun.com/it-science/ict/2026/09/10/DSNI23VDPZCUBK45KPHXVFVN4M/,Chosunbiz,biz.chosun.com,월 보험료만 80만원인데 실손이 없다? 40대 맞벌이 이상한 선택 [ 재테크 ...,https://www.thescoop.co.kr/news/articleView.html?idxno=311497,네이버뉴스,thescoop.co.kr,미작성,미발행,,,,
c5930eae184fa4ba,2026-09-10,경제 · 재테크,일반,‘美 원전 8기’ 대미 투자 가능성에 원전株 들썩… 노형 따라 수혜주 갈린다,Chosunbiz 등 3개 기사,‘美 원전 8기’ 대미 투자 가능성에 원전株 들썩… 노형 따라 수혜주 갈린다,https://biz.chosun.com/stock/stock_general/2026/09/10/UG2BNHSVTNEOHHQX64JLHMJO5A/,Chosunbiz,biz.chosun.com,고유가에 희비 갈린 수혜·피해株 [한경 프리미엄9 TODAY],https://www.hankyung.com/article/2026090947671,한국경제 | 뉴스 | 증권,hankyung.com,"미래에셋증권, 9월 개인 투자 용 국채 청약...""퇴직 연금 서도 투자 가능""",https://www.livebiz.today/news/articleView.html?idxno=204762,네이버뉴스,livebiz.today,미작성,미발행,,,,
812304e4adaf889a,2026-09-10,경제 · 재테크,일반,[투자노트] 데이터센터 수주 쌓여가는 광통신주…“2027년부터 본격화”,Chosunbiz 등 3개 기사,[투자노트] 데이터센터 수주 쌓여가는 광통신주…“2027년부터 본격화”,https://biz.chosun.com/stock/stock_general/2026/09/10/3RDKLY34VNGMHI3TEDRXZ4R6EE/,Chosunbiz,biz.chosun.com,"구글, 핀란드에 23조원 투자 AI 데이터센터 구축",https://www.hankyung.com/article/202609094965i,한국경제 | 뉴스 | 경제,hankyung.com,"미래에셋증권, 9~15일 개인 국채 청약…10·20년물 퇴직 연금 투자 가능",https://www.cbci.co.kr/news/articleView.html?idxno=605138,네이버뉴스,cbci.co.kr,미작성,미발행,,,,
668557f21eafa593,2026-09-10,경제 · 재테크,일반,"""예금 이자론 성 안 차""…은행 퇴직 연금 , '국채' 품고 반격할까",네이버뉴스 등 3개 기사,"""예금 이자론 성 안 차""…은행 퇴직 연금 , '국채' 품고 반격할까",https://www.dailian.co.kr/news/view/1688375/?sc=Naver,네이버뉴스,dailian.co.kr,"[기획] 퇴직 연금 개인 투자 용 국채, 예금·ETF보다 나을까",https://www.tleaves.co.kr/news/articleView.html?idxno=9816,네이버뉴스,tleaves.co.kr,퇴직 연금 으로 국채 산다…20년 보유 땐 161% 수익,https://www.joongang.co.kr/article/25460556,네이버뉴스,joongang.co.kr,미작성,미발행,,,,
9bf5472e93862b73,2026-09-10,경제 · 부동산,일반,"삼성 5억 대출에 동탄·영통 집값 뒤집혔다 ""34평이 42평보다 비싸""",네이버뉴스 등 3개 기사,"삼성 5억 대출에 동탄·영통 집값 뒤집혔다 ""34평이 42평보다 비싸""",https://realty.chosun.com/site/data/html_dir/2026/09/09/2026090902496.html,네이버뉴스,realty.chosun.com,수도권 집값 흔드는 '광역철도'…동탄 이을 다음 '교통 허브'는 어디?,http://www.newsdream.kr/news/articleView.html?idxno=117705,네이버뉴스,newsdream.kr,"""동탄 놓쳤다면 여기?""…GTX 타고 집값 들썩이는 '이 동네'",https://www.hankyung.com/article/202609081151i,네이버뉴스,hankyung.com,미작성,미발행,,,,
446f5dd1d6bb0bd8,2026-09-10,경제 · 부동산,일반,강남 대신 성북·중랑·노원…서울 집값 상승축 '중저가'로 이동,네이버뉴스 등 3개 기사,강남 대신 성북·중랑·노원…서울 집값 상승축 '중저가'로 이동,https://www.newsis.com/view/NISX20260909_0003783038,네이버뉴스,newsis.com,"서울 집값 상승 '나비효과'…전세 갈아타기 부담 커지고, 종부세 22개구...",http://www.dailypop.kr/news/articleView.html?idxno=102350,네이버뉴스,dailypop.kr,강남 꺾이고 분당·광명 '훨훨'…최근 1년 집값 상승률 전국 1위 분당구,https://www.smartbizn.com/news/articleView.html?idxno=153275,네이버뉴스,smartbizn.com,미작성,미발행,,,,
217c8ef073aebb88,2026-09-10,경제 · 부동산,일반,"“부동산, 수도권은 과열이지만 지방은 소멸”",네이버뉴스 등 3개 기사,"“부동산, 수도권은 과열이지만 지방은 소멸”",http://www.metroseoul.co.kr/article/20260909500465,네이버뉴스,metroseoul.co.kr,"""수도권은 집값 걱정인데 지방은 미분양""…국회서 해법 찾는다",http://mbnmoney.mbn.co.kr/news/view?news_no=MM1005918023,네이버뉴스,mbnmoney.mbn.co.kr,서울은 불패 지방은 초토화…깊어지는 부동산 양극화,http://www.inews24.com/view/2002660,네이버뉴스,inews24.com,미작성,미발행,,,,
1744bbf27c77e73e,2026-09-10,경제 · 부동산,일반,“강신철 부친도 철거민 특공 위장전입”… 제주 농장하며 강남 아파트...,네이버뉴스 등 3개 기사,“강신철 부친도 철거민 특공 위장전입”… 제주 농장하며 강남 아파트...,https://www.donga.com/news/Politics/article/all/20260910/134639482/2,네이버뉴스,donga.com,“강남3구 거래 ‘뚝’…서울 아파트 는 지금 6억 이하로 몰린다”,https://www.khan.co.kr/article/202609080600061,네이버뉴스,khan.co.kr,대출·세금에 강남도 멈췄다…서울 아파트 거래 91% '비강남',https://www.asiatime.co.kr/article/20260907500325,네이버뉴스,asiatime.co.kr,미작성,미발행,,,,
b3c35dfd5b2f7712,2026-09-10,경제 · 부동산,일반,“2030 찾아오면 ‘전세 없어요’부터 안내합니다”,네이버뉴스 등 3개 기사,“2030 찾아오면 ‘전세 없어요’부터 안내합니다”,https://weekly.donga.com/3/all/11/6380308/1,네이버뉴스,weekly.donga.com,“20년 살았으면 이제 비워주세요”…장기 전세 연장 요구에 못 박은 오...,https://www.mk.co.kr/article/12147054,네이버뉴스,mk.co.kr,"오세훈 ""장기 전세 20년 만기 퇴거 예외 없다""",https://news.tf.co.kr/read/economy/2363291.htm,네이버뉴스,news.tf.co.kr,미작성,미발행,,,,
86b16984a2bcc8a1,2026-09-10,경제 · 미국 주식,일반,엔고(高) 우려에 日증시 외면하는 글로벌 자금,한국경제 | 뉴스 | 증권 등 3개 기사,엔고(高) 우려에 日증시 외면하는 글로벌 자금,https://www.hankyung.com/article/202609105324i,한국경제 | 뉴스 | 증권,hankyung.com,뉴욕 증시 3일째 하락…브렌트유 4개월 만에 100달러 돌파-[글로벌 마감 ...,http://www.wowtv.co.kr/NewsCenter/News/Read?articleId=A202609100218&t=NN,네이버뉴스,wowtv.co.kr,[속보] 미국 증시 9일 오후 동반 하락… 미국 이란 충돌 장기화 우려에 투...,https://www.cbci.co.kr/news/articleView.html?idxno=605362,네이버뉴스,cbci.co.kr,미작성,미발행,,,,
6ec03edf4e29d5ef,2026-09-10,경제 · 미국 주식,일반,"고유가에 밀리고 네고에 막히고… 원/달러 환율, 1340원대 공방",네이버뉴스 등 3개 기사,"고유가에 밀리고 네고에 막히고… 원/달러 환율, 1340원대 공방",http://www.the-biz.co.kr/news/articleView.html?idxno=727627,네이버뉴스,the-biz.co.kr,"[경제 포커스] 원·달러 환율, 9.5원 내린 1336.1원… 23개월 만에 최저",https://biz.chosun.com/policy/policy_sub/2026/09/09/QMBAMWBCIFE73JW34HUBV5EK3A/?utm_source=naver&utm_medium=original&utm_campaign=biz,네이버뉴스,biz.chosun.com,"[주간한국 초대석] 안도걸 의원 ""원·달러 환율 안정 전망…정책금융 부...",https://weekly.hankooki.com/news/articleView.html?idxno=7182124,네이버뉴스,weekly.hankooki.com,미작성,미발행,,,,
a282fcadbef79604,2026-09-10,경제 · 미국 주식,일반,[마켓 프리뷰] 33거래일 만에 '7천피' 탈환…2조 매물 던진 개인,네이버뉴스 등 3개 기사,[마켓 프리뷰] 33거래일 만에 '7천피' 탈환…2조 매물 던진 개인,https://biz.sbs.co.kr/article_hub/20000333775?division=NAVER,네이버뉴스,biz.sbs.co.kr,"[포토] 코스피, 33거래일 만에 7000선 탈환",https://www.hankyung.com/article/202609094322i,한국경제 | 뉴스 | 증권,hankyung.com,[마켓 프리뷰] 중동발 긴장에 뉴욕 증시 하락…코스피 7000선 돌파 주목,https://www.ajunews.com/view/20260909083527191,네이버뉴스,ajunews.com,미작성,미발행,,,,
e49241ed889b28c6,2026-09-10,경제 · 미국 주식,일반,[ 증시 포인트] 선물옵션 동시만기일...변동성 장세 전망,네이버뉴스 등 3개 기사,[ 증시 포인트] 선물옵션 동시만기일...변동성 장세 전망,http://www.opinionnews.co.kr/news/articleView.html?idxno=144234,네이버뉴스,opinionnews.co.kr,[속보]뉴욕 증시 동반 하락…다우 405포인트 밀리고 나스닥 0.64% 내려,https://www.cbci.co.kr/news/articleView.html?idxno=605419,네이버뉴스,cbci.co.kr,"브렌트유, 중동 불길에 100달러...美 증시 선물 '털썩'",http://coinreaders.com/257399,네이버뉴스,coinreaders.com,미작성,미발행,,,,
a09040a8bab13b5a,2026-09-10,경제 · 미국 주식,일반,"""아이폰 듀오, 2000달러 스마트폰 시대…디스플레이株 주목""-삼성",한국경제 | 뉴스 | 증권 등 3개 기사,"""아이폰 듀오, 2000달러 스마트폰 시대…디스플레이株 주목""-삼성",https://www.hankyung.com/article/2026091052836,한국경제 | 뉴스 | 증권,hankyung.com,유가 다시 100달러 시대… 3대 지수 일제히 하락[뉴욕마감],https://news.mtn.co.kr/news-detail/2026091005322636389,네이버뉴스,news.mtn.co.kr,삼성전자·SK하이닉스 1.4조 매물 예고…마이크론 3%↑에도 유가 100달러,https://www.greened.kr/news/articleView.html?idxno=349707,네이버뉴스,greened.kr,미작성,미발행,,,,
e403e0744bae607e,2026-09-10,건강 · 최신 이슈,일반,전자담배 니코틴 노출많을수록 황반변성 위험 증가,네이버뉴스 등 3개 기사,전자담배 니코틴 노출많을수록 황반변성 위험 증가,http://www.medical-tribune.co.kr/news/articleView.html?idxno=215094,네이버뉴스,medical-tribune.co.kr,전자담배 니코틴 노출 높을수록 '황반변성' 위험 증가 경향,https://www.rapportian.com/news/articleView.html?idxno=240145,네이버뉴스,rapportian.com,전자 담배와 황반변성 간 상관성 확인,http://www.whosaeng.com/173552,네이버뉴스,whosaeng.com,미작성,미발행,,,,
b22b8a07e6c99a91,2026-09-10,건강 · 최신 이슈,일반,"심장 살피는 갤럭시 워치9, 심장 건강 점수까지…가족 건강 도 공유",네이버뉴스 등 3개 기사,"심장 살피는 갤럭시 워치9, 심장 건강 점수까지…가족 건강 도 공유",https://www.cstimes.com/news/articleView.html?idxno=720012,네이버뉴스,cstimes.com,"삼성전자, '갤럭시 워치' 심장 건강 모니터링 기술 소개 ""생체 신호로 예...",https://www.thedailypost.kr/news/articleView.html?idxno=115519,네이버뉴스,thedailypost.kr,"IT·제약업계, 갤럭시 워치-삼성 헬스로 심장 건강 관리·'광동원방우황...",http://www.wsobi.com/news/articleView.html?idxno=317898,네이버뉴스,wsobi.com,미작성,미발행,,,,
00e3da924858bf2f,2026-09-10,건강 · 최신 이슈,일반,"[현장] 손목 위에서 연결된 가족 건강 …삼성전자, 헬스케어 기능 고도화",네이버뉴스 등 3개 기사,"[현장] 손목 위에서 연결된 가족 건강 …삼성전자, 헬스케어 기능 고도화",https://www.news2day.co.kr/article/20260909500294,네이버뉴스,news2day.co.kr,"""부모님 혈압·심박수 멀리서도 워치로 확인""…삼성 헬스 '가족 커넥티...",https://www.newsis.com/view/NISX20260909_0003782063,네이버뉴스,newsis.com,"삼성전자, 갤럭시 워치 심장 건강 관리 기술 공개…심방세동 감지·맞춤...",https://www.cbci.co.kr/news/articleView.html?idxno=605193,네이버뉴스,cbci.co.kr,미작성,미발행,,,,
720be17a4d5f8ea7,2026-09-10,건강 · 최신 이슈,연예인 건강,애플 차세대 워치12·울트라4…심박 측정 정교해지고 배터리 늘었다,네이버뉴스 등 3개 기사,애플 차세대 워치12·울트라4…심박 측정 정교해지고 배터리 늘었다,https://www.etnews.com/20260910000005,네이버뉴스,etnews.com,애플워치12·울트라4·에어팟5 공개… 워치가 직전 15초 대화 되감아준...,https://biz.chosun.com/it-science/ict/2026/09/10/C4QPAJS7Y5EBPMTUBWYQGED5MU/?utm_source=naver&utm_medium=original&utm_campaign=biz,네이버뉴스,biz.chosun.com,"""오늘 운동해도 될까""...애플워치 시리즈 12·울트라 4, 몸 상태 점수로...",https://www.techm.kr/news/articleView.html?idxno=155077,네이버뉴스,techm.kr,미작성,미발행,,,,
2c418f783e784f0d,2026-09-10,건강 · 최신 이슈,연예인 건강,"랄랄, 10kg 감량 후 충격 비주얼 '룰루랄라, 렛츠 고!'",네이버뉴스 등 3개 기사,"랄랄, 10kg 감량 후 충격 비주얼 '룰루랄라, 렛츠 고!'",https://www.mediafine.co.kr/news/articleView.html?idxno=89349,네이버뉴스,mediafine.co.kr,"허안나, 다이어트 주사로 10kg 감량..확 달라진 비주얼 ""식욕이 졌다""",https://www.sportschosun.com/entertainment/2026-09-09/202609090100061350003953,네이버뉴스,sportschosun.com,"[Y현장] '타짜4' 변요한 ""작품 위해 10kg 넘게 감량, 베드신 위해 금주하...",https://star.ytn.co.kr/_sn/0117_202609091725235725,네이버뉴스,star.ytn.co.kr,미작성,미발행,,,,
36fde13c5a9e33b4,2026-09-10,건강 · 최신 이슈,연예인 건강,"김창옥, 아내♥에게 선언하고 9년째 '두 집 살림'...""(아내가) 안 오면 ...",네이버뉴스 등 3개 기사,"김창옥, 아내♥에게 선언하고 9년째 '두 집 살림'...""(아내가) 안 오면 ...",http://www.osen.co.kr/article/G1112872971,네이버뉴스,osen.co.kr,"김창옥 ""9년째 두 집 살림""...제주에서 혼자 지내는 이유",https://www.mt.co.kr/entertainment/2026/09/10/2026091006005766478,네이버뉴스,mt.co.kr,"김창옥, 9년째 두집 살림 고백 “자녀 다시는 제주 집 안 온다고”(라스...",https://www.newsen.com/news_view.php?uid=202609092254186110,네이버뉴스,newsen.com,미작성,미발행,,,,
0949facdd7ec7fa0,2026-09-10,건강 · 생활 건강 정보,일반,"“부모님 약 드셨나, 활동량 줄었나”⋯삼성 헬스, '커넥티드 케어' 강...",네이버뉴스 등 3개 기사,"“부모님 약 드셨나, 활동량 줄었나”⋯삼성 헬스, '커넥티드 케어' 강...",http://www.inews24.com/view/2003649,네이버뉴스,inews24.com,"우리 가족까지 챙기는 삼성 헬스케어, 심장질환 잡는다",https://www.sidae.com/article/2026090910374880299,네이버뉴스,sidae.com,"""내 건강 챙기던 워치, 이젠 부모님 손목으로""…삼성전자, 갤럭시 워치...",https://www.aitimes.kr/news/articleView.html?idxno=41836,네이버뉴스,aitimes.kr,미작성,미발행,,,,
580a74951725c1cc,2026-09-10,건강 · 생활 건강 정보,일반,“ 콜레스테롤 수치 낮추는 확실한 효과”… 하버드에서 밝힌 3가지 음식,네이버뉴스 등 3개 기사,“ 콜레스테롤 수치 낮추는 확실한 효과”… 하버드에서 밝힌 3가지 음식,https://health.chosun.com/site/data/html_dir/2026/09/09/2026090902107.html,네이버뉴스,health.chosun.com,"당뇨병, 뇌졸중, 각종 암 위험 낮추는 효과…사과의 7가지 건강 이점",https://kormedi.com/?p=2861873,네이버뉴스,kormedi.com,"""혈압, 콜레스테롤 수치에 도움""… 추석 앞두고 제철 맞은 '포도' 효능 ...",https://news.hidoc.co.kr/news/articleView.html?idxno=67134,네이버뉴스,news.hidoc.co.kr,미작성,미발행,,,,
ff983ca19759a030,2026-09-10,건강 · 생활 건강 정보,일반,[오늘의 띠별 운세] 2026년 9월 10일 목요일,네이버뉴스 등 3개 기사,[오늘의 띠별 운세] 2026년 9월 10일 목요일,https://www.public25.com/news/articleView.html?idxno=54438,네이버뉴스,public25.com,오늘의 운세 띠별 운세 9월10일,https://www.bntnews.co.kr/article/view/bnt202609090194,네이버뉴스,bntnews.co.kr,[오늘의 운세] 9월 9일 띠별 운세,https://www.hankyung.com/article/2026083130597,네이버뉴스,hankyung.com,미작성,미발행,,,,
c5b7c4d1feafecf6,2026-09-10,건강 · 생활 건강 정보,일반,"'심장 골든타임' 지켜라…삼성전자, 갤럭시워치 예방적 헬스케어 확대",네이버뉴스 등 3개 기사,"'심장 골든타임' 지켜라…삼성전자, 갤럭시워치 예방적 헬스케어 확대",https://www.lcnews.co.kr/news/articleView.html?idxno=208005,네이버뉴스,lcnews.co.kr,"삼성전자, 갤럭시 워치로 '심장 골든타임' 지킨다…예방 헬스케어 강화",https://www.theguru.co.kr/news/article.html?no=106878,네이버뉴스,theguru.co.kr,"최종민 삼성전자 상무 ""심장 질환, 예방 중요…갤럭시 워치로 '골든타임...",https://www.megaeconomy.co.kr/news/newsview.php?ncode=1065575840345027,네이버뉴스,megaeconomy.co.kr,미작성,미발행,,,,
05b85e2ed626865f,2026-09-09,패션뷰티,일반,보그도 주목한 'K뷰티'…'글로우케이션' 뜬다,네이버뉴스 등 3개 기사,보그도 주목한 'K뷰티'…'글로우케이션' 뜬다,http://www.wowtv.co.kr/NewsCenter/News/Read?articleId=A202609080412&t=NN,네이버뉴스,wowtv.co.kr,"[K뷰티 밸류체인 지도]⑤글로벌 벤더 된 올리브영, 커지는 공존 과제",https://www.bloter.net/news/articleView.html?idxno=672428,네이버뉴스,bloter.net,"[ 뷰티 트렌드] 더후, '비첩 NAD 파워 앰플' 앞세워 글로벌 럭셔리 K- 뷰티 ...",https://www.ibabynews.com/news/articleView.html?idxno=154179,네이버뉴스,ibabynews.com,미작성,미발행,,,,
3564bdc1ba6ef7e0,2026-09-09,패션뷰티,일반,"LG생활건강, 화장품 의 날 '동탑산업훈장'... 78년 연구개발 성과 인정",네이버뉴스 등 3개 기사,"LG생활건강, 화장품 의 날 '동탑산업훈장'... 78년 연구개발 성과 인정",https://www.meconomynews.com/news/articleView.html?idxno=201385,네이버뉴스,meconomynews.com,"LG생활건강, 화장품 안전관리 및 산업발전 유공 인정 '동탑산업훈장' 수...",http://www.sisacast.kr/news/articleView.html?idxno=99787,네이버뉴스,sisacast.kr,"LG생활건강, ' 화장품 의 날' R&D 역량 인정…동탑산업훈장 수훈",http://www.financialreview.co.kr/news/articleView.html?idxno=44694,네이버뉴스,financialreview.co.kr,미작성,미발행,,,,
3339132a19ab5bed,2026-09-09,패션뷰티,일반,"LG생활건강, K-뷰티 다음 경쟁력은 R&D… 독자 성분 개발 속도",네이버뉴스 등 3개 기사,"LG생활건강, K-뷰티 다음 경쟁력은 R&D… 독자 성분 개발 속도",http://www.economytalk.kr/news/articleView.html?idxno=424000,네이버뉴스,economytalk.kr,"LG생활건강, 피부 빅데이터·항노화 성분 연구로 R&D 성과 확대",http://www.lawissue.co.kr/view.php?ud=202609082002271342204ead0791_12,네이버뉴스,lawissue.co.kr,"1600억원 R&D 투자 결실…LG생활건강, K-뷰티 기술력 세계로",https://www.thepublic.kr/news/articleView.html?idxno=318052,네이버뉴스,thepublic.kr,미작성,미발행,,,,
e96050cca888ef84,2026-09-09,카테크 · 자동차,일반,"현대자동차, 코이카와 손잡고 가나 자동차 정비 기술 인재 육성 나선다",모터그래프코리아 - 전체기사 등 3개 기사,"현대자동차, 코이카와 손잡고 가나 자동차 정비 기술 인재 육성 나선다",https://www.motorgraph.com/news/articleView.html?idxno=44477,모터그래프코리아 - 전체기사,motorgraph.com,"삼양사 모빌리티테크센터 안태진 팀장, '제1회 기술개발인의 날' 자동차 ...",http://www.thefirstmedia.net/news/articleView.html?idxno=208077,네이버뉴스,thefirstmedia.net,"[오피셜]축구에 진심인 현대차, 마침내 유럽챔피언스리그와 손잡았다, ...",https://www.sportschosun.com/football/2026-09-08/202609080100055760003575,네이버뉴스,sportschosun.com,미작성,미발행,,,,
47876bcf381a5d8c,2026-09-09,카테크 · 자동차,일반,"한국타이어, 2026 벤투스 익스피언스 데이 참가자 모집",모터그래프코리아 - 전체기사 등 3개 기사,"한국타이어, 2026 벤투스 익스피언스 데이 참가자 모집",https://www.motorgraph.com/news/articleView.html?idxno=44469,모터그래프코리아 - 전체기사,motorgraph.com,한국폴리텍Ⅲ대학 춘천캠퍼스 수시 1차 신입생 모집…10월 1일까지,https://www.pressian.com/pages/articles/2026090813584537459?utm_source=naver&utm_medium=search,네이버뉴스,pressian.com,"""최상급 타이어 직접 느껴보세요""…한국타이어, 체험단 모집",https://www.newsworks.co.kr/news/articleView.html?idxno=853004,네이버뉴스,newsworks.co.kr,미작성,미발행,,,,
907be9c39c1ff0f2,2026-09-09,카테크 · 자동차,일반,"삼성전자, 미스트랄 AI와 반도체 특화 AI 개발…설계·제조 혁신",속보 - 이티뉴스 등 3개 기사,"삼성전자, 미스트랄 AI와 반도체 특화 AI 개발…설계·제조 혁신",https://www.etnews.com/20260908000385,속보 - 이티뉴스,etnews.com,"삼성SDS, AI 풀스텍 전략에 로봇까지…산업 현장 혁신 나선다",https://www.klnews.co.kr/news/articleView.html?idxno=322646,네이버뉴스,klnews.co.kr,"삼성SDS, '다차원 AI 풀스택' 전략 공개…제조 RX·AI 업무 동료로 AX 혁...",https://www.lcnews.co.kr/news/articleView.html?idxno=207930,네이버뉴스,lcnews.co.kr,미작성,미발행,,,,
bce57bf1d10a9a76,2026-09-09,카테크 · 자동차,일반,車 보험 '8주룰' 시행 하루 전…적용 여부는 '사고일'이 가른다,네이버뉴스 등 3개 기사,車 보험 '8주룰' 시행 하루 전…적용 여부는 '사고일'이 가른다,https://www.newspim.com/news/view/20260908001073,네이버뉴스,newspim.com,‘사고·수리’로 트럭운행 쉬면 하루 15만원 지원,https://www.naeil.com/news/read/601562?ref=naver,네이버뉴스,naeil.com,10월부터 차 보험 심사서 경상상병 범주 확대 적용,http://www.whosaeng.com/173507,네이버뉴스,whosaeng.com,미작성,미발행,,,,
089cdfcb6b439f91,2026-09-09,카테크 · 자동차,일반,"[단독] 현대모비스 최대 고객사, 현대차 아닌 기아...16년 만에 처음으로...",네이버뉴스 등 3개 기사,"[단독] 현대모비스 최대 고객사, 현대차 아닌 기아...16년 만에 처음으로...",http://www.consumernews.co.kr/news/articleView.html?idxno=763340,네이버뉴스,consumernews.co.kr,"최대 7년 14만km 무상 보증연장부터 가을 특별 정비까지, 르노코리아 A/S 고객 혜택 대폭 강화",https://www.motorgraph.com/news/articleView.html?idxno=44475,모터그래프코리아 - 전체기사,motorgraph.com,"[Car & Now] 기아, 30개 부문 대규모 채용 실시·르노코리아, 최대 '7년 1...",https://www.ebn.co.kr/news/articleView.html?idxno=1723438,네이버뉴스,ebn.co.kr,미작성,미발행,,,,
4239971886c397e1,2026-09-09,카테크 · IT,일반,출시 첫해 점유율 25% 뺏긴다… 애플 참전 앞서 중국 '선제공격',네이버뉴스 등 3개 기사,출시 첫해 점유율 25% 뺏긴다… 애플 참전 앞서 중국 '선제공격',https://www.g-enews.com/view.php?ud=2026090905242789462bd56fbc3c_1,네이버뉴스,g-enews.com,"폴드 삼국지 열렸다... 애플·화웨이·샤오미 참전, 삼성은 ""웰컴 투 폴...",https://www.hankookilbo.com/news/article/A2026090815070005994?did=NA,네이버뉴스,hankookilbo.com,"화웨이·샤오미, 애플 이벤트 직전 폴더블 신제품 공개…중국 프리미엄...",https://www.aitimes.com/news/articleView.html?idxno=215004,네이버뉴스,aitimes.com,미작성,미발행,,,,
1104e48996a55fae,2026-09-09,카테크 · IT,일반,"애플 반기는 삼성전자 ""웰컴 투 폴더블""",네이버뉴스 등 3개 기사,"애플 반기는 삼성전자 ""웰컴 투 폴더블""",http://www.inews24.com/view/2003464,네이버뉴스,inews24.com,"삼성 독주, 애플-화웨이까지 ‘韓美中 폴더블 삼국지’",https://www.donga.com/news/Economy/article/all/20260908/134629802/2,네이버뉴스,donga.com,"전 세계 곳곳 '웰컴 투 폴더블'…삼성전자, 옥외 광고로 글로벌 소비자...",https://www.financialpost.co.kr/news/articleView.html?idxno=274582,네이버뉴스,financialpost.co.kr,미작성,미발행,,,,
f446758258ec64ad,2026-09-09,카테크 · IT,일반,[신상품]애플 첫 '접는 아이폰' 베일 벗는다…삼성과 진검승부,네이버뉴스 등 3개 기사,[신상품]애플 첫 '접는 아이폰' 베일 벗는다…삼성과 진검승부,https://www.namdonews.com/news/articleView.html?idxno=922764,네이버뉴스,namdonews.com,[투데이온] 애플 첫 폴더블 '아이폰 울트라' 베일 벗는다…팀 쿡의 '마지...,https://www.the-today.com/news/articleView.html?idxno=89764,네이버뉴스,the-today.com,애플도 마침내 '접는다'…내일 새벽 첫 폴더블 아이폰 등판,https://www.newsis.com/view/NISX20260908_0003781359,네이버뉴스,newsis.com,미작성,미발행,,,,
be87f356cce94062,2026-09-09,카테크 · IT,일반,"[더벨][IFA 2026] CES 재방송 중국, 내실 다진 LG·삼성",네이버뉴스 등 3개 기사,"[더벨][IFA 2026] CES 재방송 중국, 내실 다진 LG·삼성",https://www.thebell.co.kr/free/content/ArticleView.asp?key=202609070514278320105469,네이버뉴스,thebell.co.kr,"[IFA 2026결산] LG전자, 베를린 IFA '최고 브랜드상' 석권…온디바이스 ...",https://www.the-today.com/news/articleView.html?idxno=89767,네이버뉴스,the-today.com,"삼성전자, ASML과 High-NA 협력 확대…2028년 D램 양산 적용 추진",https://www.etnews.com/20260908000330,오늘의뉴스 - 이티뉴스,etnews.com,미작성,미발행,,,,
480ee035838ecd14,2026-09-09,카테크 · IT,일반,"""폴더블 아이폰, 팀 쿡이 밀어붙였다""…개발 비화 공개",네이버뉴스 등 3개 기사,"""폴더블 아이폰, 팀 쿡이 밀어붙였다""…개발 비화 공개",https://zdnet.co.kr/view/?no=20260909082017,네이버뉴스,zdnet.co.kr,"'갤폴드' 본 팀 쿡 ""애플도 빨리""...'폴더블' 아이폰, 400만원 넘기나[IT...",https://www.mt.co.kr/tech/2026/09/09/2026090907075033762,네이버뉴스,mt.co.kr,취임 8일 만에 새 아이폰 공개···'존 터너스'의 첫 시험대,http://www.enewstoday.co.kr/news/articleView.html?idxno=2467851,네이버뉴스,enewstoday.co.kr,미작성,미발행,,,,
5dfce004fed7b874,2026-09-09,스포츠,일반,"이한범, 풀타임으로 UCL 데뷔…팀은 애스턴 빌라에 패배",스포츠 - SBS 뉴스 섹션 등 3개 기사,"이한범, 풀타임으로 UCL 데뷔…팀은 애스턴 빌라에 패배",https://news.sbs.co.kr/news/endPage.do?news_id=N1008744195&plink=RSSLINK&cooper=RSSREADER,스포츠 - SBS 뉴스 섹션,news.sbs.co.kr,"이한범, 풀타임으로 UCL 데뷔…팀은 애스턴 빌라에 2-3 패",https://www.yna.co.kr/view/AKR20260909023300007?input=1195m,네이버뉴스,yna.co.kr,"'이한범 UCL 데뷔' 클럽 브뤼헤, 빌라에 무릎…황인범의 포르투도 패배(종합)",https://www.newsis.com/view/NISX20260909_0003781719,스포츠,newsis.com,미작성,미발행,,,,
cb874ef5f4f3240c,2026-09-09,스포츠,일반,"여자농구, 월드컵 8강 실패…독일에 38점차 대패",연합뉴스TV :: 대한민국 뉴스의 시작. 채널 23 » 스포츠 등 3개 기사,"여자농구, 월드컵 8강 실패…독일에 38점차 대패",https://www.yonhapnewstv.co.kr/news/AKR20260909082707VSM,연합뉴스TV :: 대한민국 뉴스의 시작. 채널 23 » 스포츠,yonhapnewstv.co.kr,"한국 여자 농구, 독일에 38점 차 대배…월드컵 8강 진출 실패",https://www.newsis.com/view/NISX20260909_0003781726,스포츠,newsis.com,"한국 여자농구, 독일에 38점 차 완패…월드컵 8강 불발",https://news.sbs.co.kr/news/endPage.do?news_id=N1008744145&plink=RSSLINK&cooper=RSSREADER,스포츠 - SBS 뉴스 섹션,news.sbs.co.kr,미작성,미발행,,,,
a6349f7eacd9b7b2,2026-09-09,스포츠,일반,"안정환, 아주대병원에 6400만원 기부...누적 5억 달성",네이버뉴스 등 3개 기사,"안정환, 아주대병원에 6400만원 기부...누적 5억 달성",https://www.hankookilbo.com/news/article/A2026090908140001926?did=NA,네이버뉴스,hankookilbo.com,"안정환, 모교 아주대에 6400만원 기부...누적 5억원",http://www.starnewsk.com/news/articleView.html?idxno=58876,네이버뉴스,starnewsk.com,"안정환, 모교 아주대에 6400만원 기부…누적 기부액 5억원",https://biz.chosun.com/topics/topics_social/2026/09/08/GDOK7MCOOJC27M4PTRXH3GVHUM/?utm_source=naver&utm_medium=original&utm_campaign=biz,네이버뉴스,biz.chosun.com,미작성,미발행,,,,
889212a9f770fa2e,2026-09-09,스포츠,일반,"스쿼시 대표팀, 아시안게임서 여자 단체전 2연속 메달 도전",스포츠 - SBS 뉴스 섹션 등 3개 기사,"스쿼시 대표팀, 아시안게임서 여자 단체전 2연속 메달 도전",https://news.sbs.co.kr/news/endPage.do?news_id=N1008744201&plink=RSSLINK&cooper=RSSREADER,스포츠 - SBS 뉴스 섹션,news.sbs.co.kr,"""메달 색깔 바꾸겠다""…여자 축구 대표팀, AG 막바지 담금질",https://www.newsis.com/view/NISX20260907_0003779846,스포츠,newsis.com,"[나고야 NOW] 운명의 남북전 확정…""아시안게임 갑니다"" 북한 여자 축구 ...",https://www.spotvnews.co.kr/news/articleView.html?idxno=1006435,네이버뉴스,spotvnews.co.kr,미작성,미발행,,,,
47acdb4640f35c33,2026-09-09,스포츠,일반,"AG 남자 농구 대표팀, '부상' 안영준 대신 문정현 합류",연합뉴스TV :: 대한민국 뉴스의 시작. 채널 23 » 스포츠 등 3개 기사,"AG 남자 농구 대표팀, '부상' 안영준 대신 문정현 합류",https://www.yonhapnewstv.co.kr/news/AKR20260909082754joF,연합뉴스TV :: 대한민국 뉴스의 시작. 채널 23 » 스포츠,yonhapnewstv.co.kr,"AG 남자농구 대표팀, '손가락 부상' 안영준 대신 문정현 발탁",https://www.newsis.com/view/NISX20260908_0003781532,스포츠,newsis.com,"아시안게임 남자 농구, 부상 안영준 대신 문정현 출전",https://news.sbs.co.kr/news/endPage.do?news_id=N1008743669&plink=RSSLINK&cooper=RSSREADER,스포츠 - SBS 뉴스 섹션,news.sbs.co.kr,미작성,미발행,,,,
9da78dbd14f3f298,2026-09-09,방송연예,일반,"임영웅, 음원도 강자…새앨범 발매와 동시에 전곡 차트인",연예 등 3개 기사,"임영웅, 음원도 강자…새앨범 발매와 동시에 전곡 차트인",https://www.newsis.com/view/NISX20260909_0003781809,연예,newsis.com,"에반, 미니 1집 발매 첫날 46만 장···음반·음원 차트 정상 직행",https://news.sbs.co.kr/news/endPage.do?news_id=N1008742737&plink=RSSLINK&cooper=RSSREADER,방송/연예 - SBS 뉴스 섹션,news.sbs.co.kr,임영웅 자작곡 담은 10주년 스페셜 앨범 발매,https://www.yonhapnewstv.co.kr/news/MYH20260908233858Vue,연합뉴스TV :: 대한민국 뉴스의 시작. 채널 23 » 문화·연예,yonhapnewstv.co.kr,미작성,미발행,,,,
83be59149dbaa7dc,2026-09-09,방송연예,일반,"서강준, 10kg 뺀 안은진에 ""단아한 줄 알았는데 흥부자""",네이버뉴스 등 3개 기사,"서강준, 10kg 뺀 안은진에 ""단아한 줄 알았는데 흥부자""",https://www.mediafine.co.kr/news/articleView.html?idxno=89245,네이버뉴스,mediafine.co.kr,"'10kg 감량' 안은진, 서강준도 실물 극찬…""이렇게 예쁜 사람이구나"" (하...",https://www.xportsnews.com/article/2193640,네이버뉴스,xportsnews.com,"'10kg 감량' 안은진, 걸그룹 사이 유행하는 '뼈말라 샷' 인증",https://www.insight.co.kr/news/572542,네이버뉴스,insight.co.kr,미작성,미발행,,,,
900a144d2c43731e,2026-09-09,방송연예,일반,“식욕이 졌다”…다이어트 주사로 ‘10kg 감량’ 고백한 개그우먼,네이버뉴스 등 3개 기사,“식욕이 졌다”…다이어트 주사로 ‘10kg 감량’ 고백한 개그우먼,https://www.mk.co.kr/article/12147811,네이버뉴스,mk.co.kr,"허안나, 몰라보게 이뻐진 이유 있었네…""주사 맞고 10kg 감량"" [동상이몽...",https://www.mydaily.co.kr/page/view/2026090907475498213,네이버뉴스,mydaily.co.kr,"랄랄 ""위고비·마운자로 안 썼다""…'10㎏' 감량 이끈 다이어트 비법 '화제'",https://www.newsis.com/view/NISX20260908_0003780569,연예,newsis.com,미작성,미발행,,,,
0ee476cedf14b10c,2026-09-09,방송연예,일반,[주간 시청률동향] 이준영·송강 '포핸즈' 유료방송 1위 유지...돌아온 ...,네이버뉴스 등 3개 기사,[주간 시청률동향] 이준영·송강 '포핸즈' 유료방송 1위 유지...돌아온 ...,https://www.banronbodo.com/news/articleView.html?idxno=32974,네이버뉴스,banronbodo.com,송강이냐 이준영이냐... ‘포핸즈’가 만든 두 청춘스타의 경쟁 [줌인],https://isplus.com/article/view/isp202609080032,네이버뉴스,isplus.com,"이준영·송강·류준열·공효진·김민호, 36주차 드라마 출연자 화제성 T...",https://www.topstarnews.net/news/articleView.html?idxno=16186396,네이버뉴스,topstarnews.net,미작성,미발행,,,,
45c0002362c26717,2026-09-09,방송연예,일반,[‘IM HERO 10’ 상세리뷰] ‘완성형 아티스트 임영웅’으로의 업그레이...,네이버뉴스 등 3개 기사,[‘IM HERO 10’ 상세리뷰] ‘완성형 아티스트 임영웅’으로의 업그레이...,https://www.mk.co.kr/article/12147807,네이버뉴스,mk.co.kr,"임영웅, 10만 명 열광케 한 뒤 '또또'로 음악적 확장",https://www.mediafine.co.kr/news/articleView.html?idxno=89175,네이버뉴스,mediafine.co.kr,"[피플]'누적 관객 100만명' 임영웅, 고양벌 뒤흔들고 데뷔 10주년 컴백",https://news.jtbc.co.kr/article/NB12317280?influxDiv=NAVER,네이버뉴스,news.jtbc.co.kr,미작성,미발행,,,,
f4ed11bdd003e70b,2026-09-09,고생물,일반,"보성군, '코리아노사우루스' 골격 화석 천연기념물 지정",네이버뉴스 등 3개 기사,"보성군, '코리아노사우루스' 골격 화석 천연기념물 지정",https://www.newsfreezone.co.kr/news/articleView.html?idxno=708042,네이버뉴스,newsfreezone.co.kr,"'코리아' 학명 인정된 공룡 화석 ... 보성 골격 화석 , 마침내 천연기념물...",https://www.insight.co.kr/news/571980,네이버뉴스,insight.co.kr,"보성서 찾은 한반도 최초 조각류 공룡 골격, 천연기념물 됐다",https://www.newsis.com/view/NISX20260907_0003779031,네이버뉴스,newsis.com,미작성,미발행,,,,
51fc97661b1ed02b,2026-09-09,경제 · 한국 주식,일반,두 달 새 200원 넘게 내린 환율…세금 내고도 남은 기업 달러가 추가 하락 변수,Chosunbiz 등 3개 기사,두 달 새 200원 넘게 내린 환율…세금 내고도 남은 기업 달러가 추가 하락 변수,https://biz.chosun.com/stock/stock_general/2026/09/09/HE2DGZJRGE4GEZLCGEYTCZTBG4/,Chosunbiz,biz.chosun.com,"환율 하락 후폭풍, 4분기 실적 변수로… ""업종별 체감온도는 제각각""",https://www.edaily.co.kr/News/Read?newsId=03762166645578152&mediaCodeNo=257&utm_source=naver&utm_medium=referral&utm_campaign=news_syndication&utm_content=original_article,네이버뉴스,edaily.co.kr,중동 충돌에 유가 100달러 육박…3대 지수 일제히 하락 [뉴욕증시 브리핑],https://www.hankyung.com/article/2026090925166,한국경제 | 뉴스 | 증권,hankyung.com,미작성,미발행,,,,
9073a22806c3f71a,2026-09-09,경제 · 한국 주식,일반,‘오늘은 뚫을까’ 유가 100달러 육박에도 美반도체는 훈풍…‘칠천피...,네이버뉴스 등 3개 기사,‘오늘은 뚫을까’ 유가 100달러 육박에도 美반도체는 훈풍…‘칠천피...,https://biz.heraldcorp.com/article/10867063?ref=naver,네이버뉴스,biz.heraldcorp.com,반도체는 뛰고 유가는 100달러 턱밑… 코스피 ‘7000선’ 재도전,https://www.kbmaeil.com/article/20260909500028,네이버뉴스,kbmaeil.com,"유가 100달러 역풍에도 반도체 급등했는데…MS ""모멘텀 마지막 불꽃"" [김현석의 월스트리트나우]",https://www.hankyung.com/article/202609092480i,한국경제 | 뉴스 | 증권,hankyung.com,미작성,미발행,,,,
c24c6479d10a4211,2026-09-09,경제 · 한국 주식,일반,[아주증시포커스] 상폐 대신 코넥스 이전 '탈출구'…코스닥 상장사 43곳...,네이버뉴스 등 3개 기사,[아주증시포커스] 상폐 대신 코넥스 이전 '탈출구'…코스닥 상장사 43곳...,https://www.ajunews.com/view/20260909075315997,네이버뉴스,ajunews.com,상폐 대신 코넥스行…'거래절벽'에 투자 자 보호 숙제,https://www.newsworks.co.kr/news/articleView.html?idxno=852980,네이버뉴스,newsworks.co.kr,"[공시] 9월 9일, 코스닥 상장사 72개 종목 자사주 매수 신청",https://www.newstnt.com/news/articleView.html?idxno=717322,네이버뉴스,newstnt.com,미작성,미발행,,,,
6c6f3960f298536c,2026-09-09,경제 · 한국 주식,일반,[ 오늘 의 투자전략 ]美 중동 불안에 흔들…코스피 7000선 공방 전망,네이버뉴스 등 3개 기사,[ 오늘 의 투자전략 ]美 중동 불안에 흔들…코스피 7000선 공방 전망,https://www.etoday.co.kr/news/view/2623360,네이버뉴스,etoday.co.kr,"[오늘의 증시 ]美 증시 하락 속 반도체는 강세… 코스피 , 7000선 안착 테스...",https://www.newsis.com/view/NISX20260909_0003781753,네이버뉴스,newsis.com,"""본전 되면 판다""…개미들 증시 탈출에 코스피 7000 탈환 실패",https://www.hankyung.com/article/202609081459i,한국경제 | 뉴스 | 증권,hankyung.com,미작성,미발행,,,,
363ac40dd2ca9694,2026-09-09,경제 · 한국 정책 이슈,일반,홍지선 국토 부 장관行에 2차관 공석…내부 승진설 '솔솔',네이버뉴스 등 3개 기사,홍지선 국토 부 장관行에 2차관 공석…내부 승진설 '솔솔',https://www.newspim.com/news/view/20260908000857,네이버뉴스,newspim.com,홍지선 국토 부 장관 후보자 청문회 16일…주택 정책 쟁점,https://www.kukinews.com/article/view/kuk202609080220,네이버뉴스,kukinews.com,"국토 위, 홍지선 국토교통부 장관 후보자 청문회 16일 실시",https://www.natv.go.kr/natv/news/newsView.do?newsId=514170,네이버뉴스,natv.go.kr,미작성,미발행,,,,
7bf26d4fec8150b5,2026-09-09,경제 · 한국 정책 이슈,일반,명목GDP 성장률 47년 만에 최고…‘국민참여펀드’ 30일 2차 출시 [한강...,네이버뉴스 등 3개 기사,명목GDP 성장률 47년 만에 최고…‘국민참여펀드’ 30일 2차 출시 [한강...,https://www.segye.com/newsView/20260908518274?OutUrl=naver,네이버뉴스,segye.com,2분기 명목 GDP 성장률 47년 만에 최고…실질 GDP는 0.6%↑,https://www.mk.co.kr/news/economy/12146625,매일경제 : 경제,mk.co.kr,명목GDP 26.4% 증가…47년 만에 최고,https://www.hankyung.com/article/2026090820751,한국경제 | 뉴스 | 경제,hankyung.com,미작성,미발행,,,,
0ecffaa5c5633334,2026-09-09,경제 · 한국 정책 이슈,일반,내각 검증 넘어 정책 전반으로…대여 전선 넓히는 국민의힘,네이버뉴스 등 3개 기사,내각 검증 넘어 정책 전반으로…대여 전선 넓히는 국민의힘,https://www.dailian.co.kr/news/view/1687909/?sc=Naver,네이버뉴스,dailian.co.kr,"국힘 윤상현 ""검증 기준 국민 아냐...개각 전면 철회해야""",http://mbn.mk.co.kr/pages/news/newsView.php?category=mbn00006&news_seq_no=5217928,네이버뉴스,mbn.mk.co.kr,821조 예산·부동산·ETF..대정부질문서 李경제 정책 검증,https://www.fnnews.com/news/202609061441366751,네이버뉴스,fnnews.com,미작성,미발행,,,,
e359b2bb6dff1012,2026-09-09,경제 · 한국 정책 이슈,일반,[속보] 8월 취업자 수 18만4000명 늘어…5개월 만에 최대폭,매일경제 : 경제 등 3개 기사,[속보] 8월 취업자 수 18만4000명 늘어…5개월 만에 최대폭,https://www.mk.co.kr/news/economy/12147798,매일경제 : 경제,mk.co.kr,[속보] 8월 취업자 수 18.4만명 증가… 청년 취업자 46개월 연속 감소,https://biz.chosun.com/policy/policy_sub/2026/09/09/S3NUB4QXTNF3NIJ3K5WS52XWAI/,Chosunbiz,biz.chosun.com,"""1억 넣으면 月 180만원 따박따박""…한 달 만에 1.5조 몰렸다",https://www.hankyung.com/article/2026090804051,한국경제 | 뉴스 | 증권,hankyung.com,미작성,미발행,,,,
bbecb6c028792e02,2026-09-09,경제 · 한국 정책 이슈,일반,"LH, 집 지을 땅부터 사둔다… 수도권 부지 5000억 매입",네이버뉴스 등 3개 기사,"LH, 집 지을 땅부터 사둔다… 수도권 부지 5000억 매입",https://www.seoul.co.kr/news/economy/2026/09/09/20260909031004?wlog_tag3=naver,네이버뉴스,seoul.co.kr,수도권 주택공급 대비 유휴부지 확보…5000억 원 규모 매입,https://www.korea.kr/news/policyNewsView.do?newsId=148971469&call_from=naver_news,네이버뉴스,korea.kr,"""미리 땅 사둔다""…5천억 수도권 주택용지 비축",https://www.obsnews.co.kr/news/articleView.html?idxno=1536793,네이버뉴스,obsnews.co.kr,미작성,미발행,,,,
e41bd0823362ec30,2026-09-09,경제 · 재테크,일반,"신한투자증권, 수수료 덜어낸 펀드·채권·ELS에 투자자 몰려",한국경제 | 뉴스 | 증권 등 3개 기사,"신한투자증권, 수수료 덜어낸 펀드·채권·ELS에 투자자 몰려",https://www.hankyung.com/article/2026090804321,한국경제 | 뉴스 | 증권,hankyung.com,"“복리 마법에 절세 혜택까지”…신한은행, 연금 계좌로 ‘국채 투자 ’ ...",https://www.dt.co.kr/article/12082649?ref=naver,네이버뉴스,dt.co.kr,[증권가로수] 하나증권/신한증권/LS증권/DB증권/다올 투자 증권/KB증권·운...,https://www.dnews.co.kr/uhtml/view.jsp?idxno=202609070907337620852,네이버뉴스,dnews.co.kr,미작성,미발행,,,,
86351b167ed40f01,2026-09-09,경제 · 재테크,일반,"삼성증권, 퇴직 연금 고객 대상 ‘개인 투자 용 국채’ 청약 이벤트",네이버뉴스 등 3개 기사,"삼성증권, 퇴직 연금 고객 대상 ‘개인 투자 용 국채’ 청약 이벤트",https://www.g-enews.com/view.php?ud=202609090833043407923c501012_1,네이버뉴스,g-enews.com,내일부터 퇴직 연금 개인 투자 용 국채 청약 개시,https://www.naeil.com/news/read/601563?ref=naver,네이버뉴스,naeil.com,"""개인 투자 용 국채, 퇴직 연금 에 안성맞춤""",https://www.mk.co.kr/article/12147342,네이버뉴스,mk.co.kr,미작성,미발행,,,,
7d109aa9b812884f,2026-09-09,경제 · 재테크,일반,"고배당 ETF 수익률, 반도체가 갈랐다",한국경제 | 뉴스 | 증권 등 3개 기사,"고배당 ETF 수익률, 반도체가 갈랐다",https://www.hankyung.com/article/2026090804131,한국경제 | 뉴스 | 증권,hankyung.com,"코스피 최대낙폭 -39% … 퇴직연금, 반도체 변동성 잡을 ETF 전략은",https://biz.newdaily.co.kr/site/data/html/2026/09/08/2026090800057.html,네이버뉴스,biz.newdaily.co.kr,주간 1215억원 몰린 커버드콜 ETF…상승장 수익 제한,https://www.tokenpost.kr/news/market/403938,네이버뉴스,tokenpost.kr,미작성,미발행,,,,
e07f9495f2b471c9,2026-09-09,경제 · 재테크,일반,"“ELS 100개 중 98개 수익, 큰 손실 피하는 게 관건”",네이버뉴스 등 3개 기사,"“ELS 100개 중 98개 수익, 큰 손실 피하는 게 관건”",https://www.donga.com/news/Economy/article/all/20260908/134629905/2,네이버뉴스,donga.com,"“토스증권 첫 연임 CEO 나온다”…김규빈 2기, 1000만 고객 수익화가 승...",https://www.ddaily.co.kr/page/view/2026090711060168622,네이버뉴스,ddaily.co.kr,100년 평균 수익률 10%… 변동성 장세 속 미국 지수로 살아남기,https://www.mt.co.kr/stock/2026/09/05/2026090510142829570,네이버뉴스,mt.co.kr,미작성,미발행,,,,
f2c5b4ee9854470d,2026-09-09,경제 · 부동산,일반,"오세훈 시장, 장기전세주택 입주민과 주거 정책 논의",네이버뉴스 등 3개 기사,"오세훈 시장, 장기전세주택 입주민과 주거 정책 논의",http://www.lawissue.co.kr/view.php?ud=202609081757227241f4ab64559d_12,네이버뉴스,lawissue.co.kr,오세훈 서울시장 장기전세주택 내 집 마련 '주거사다리' 입증… 20년 만...,https://www.discoverynews.kr/news/articleView.html?idxno=1100898,네이버뉴스,discoverynews.kr,오세훈 “더 살겠다? 비양심적”…장기전세 만기 후 퇴거 원칙 ‘쐐기’,https://www.kukinews.com/article/view/kuk202609080191,네이버뉴스,kukinews.com,미작성,미발행,,,,
c716b5e5143be06c,2026-09-09,경제 · 부동산,일반,꽁꽁 언 수도권 분양 시장 … 대전·충남 오르고 충북·세종 꺾여,네이버뉴스 등 3개 기사,꽁꽁 언 수도권 분양 시장 … 대전·충남 오르고 충북·세종 꺾여,https://www.ggilbo.com/news/articleView.html?idxno=1180493,네이버뉴스,ggilbo.com,대전 분양 시장 전망 '나홀로 선방'…미 분양 ·금리 부담 여전,https://www.cctoday.co.kr/news/articleView.html?idxno=2236375,네이버뉴스,cctoday.co.kr,대출·금리 이중 부담…9월 아파트 분양 시장 '관망세' 짙어져,https://www.mstoday.co.kr/news/articleView.html?idxno=102536,네이버뉴스,mstoday.co.kr,미작성,미발행,,,,
9b8362ea16ccfc65,2026-09-09,경제 · 부동산,일반,"공급은 늘리는데 대출은 조이고…국토위 국감, '주택 정책 엇박자' 정조...",네이버뉴스 등 3개 기사,"공급은 늘리는데 대출은 조이고…국토위 국감, '주택 정책 엇박자' 정조...",https://www.pinpointnews.co.kr/news/articleView.html?idxno=485046,네이버뉴스,pinpointnews.co.kr,"""대출 조이고 공급 늘리면 중산층 집 못 사""…부동산 정책 전환 목소리",http://www.newstomato.com/ReadNews.aspx?no=1312860&inflow=N,네이버뉴스,newstomato.com,"집은 나중에, 전월세는 지금…국토위 국감, ‘주거 정책 ’ 공방 예고",https://www.dailian.co.kr/news/view/1687316/?sc=Naver,네이버뉴스,dailian.co.kr,미작성,미발행,,,,
1588c7fef3c6e6d2,2026-09-09,경제 · 부동산,일반,"[부박사] 2027년 서울 집값 , 결국 '보합장'으로 간다?",네이버뉴스 등 3개 기사,"[부박사] 2027년 서울 집값 , 결국 '보합장'으로 간다?",https://monthly.chosun.com/news/articleView.html?idxno=71308,네이버뉴스,monthly.chosun.com,"서울 집값 상승 '나비효과'…전세 갈아타기 부담 커지고, 종부세 22개구...",http://www.dailypop.kr/news/articleView.html?idxno=102350,네이버뉴스,dailypop.kr,"장기전세 '20년' 못박은 오세훈 ""대기자多…정부, '보편형 임대'名으로...",https://weekly.hankooki.com/news/articleView.html?idxno=7183035,네이버뉴스,weekly.hankooki.com,미작성,미발행,,,,
909a4001111bd41a,2026-09-09,경제 · 부동산,일반,"20년 장기전세 후 이주대란 우려…""공공임대 늘려야""",네이버뉴스 등 3개 기사,"20년 장기전세 후 이주대란 우려…""공공임대 늘려야""",https://www.sidae.com/article/2026090813221474088,네이버뉴스,sidae.com,20년 장기전세 첫 만기 온다…‘주거사다리’ 순환구조 시험대,https://www.ekn.kr/web/view.php?key=20260908024432196,네이버뉴스,ekn.kr,“20년 살았으면 이제 비워주세요”…장기 전세 연장 요구에 못 박은 오...,https://www.mk.co.kr/article/12147054,네이버뉴스,mk.co.kr,미작성,미발행,,,,
acbf1abdb5606b6a,2026-09-09,경제 · 미국 주식,일반,"하이닉스 프리마켓 1%대 상승… 코스피, 7000선 안착 재도전 [이런국장 ...",네이버뉴스 등 3개 기사,"하이닉스 프리마켓 1%대 상승… 코스피, 7000선 안착 재도전 [이런국장 ...",https://www.sedaily.com/article/20088715?ref=naver,네이버뉴스,sedaily.com,미 증시 하락에도 반도체 강세…삼전닉스 프리마켓서 1%대 상승,https://www.news1.kr/finance/market-exr/6284313,네이버뉴스,news1.kr,"코스피, 삼전·하이닉스 폭주했는데...美 악재에 '털썩'",http://coinreaders.com/257077,네이버뉴스,coinreaders.com,미작성,미발행,,,,
f5450191c607bae5,2026-09-09,경제 · 미국 주식,일반,"노바티스, 펠라카르센 임상 결과 부진에 14% 하락 [뉴욕증시 무버]",네이버뉴스 등 3개 기사,"노바티스, 펠라카르센 임상 결과 부진에 14% 하락 [뉴욕증시 무버]",https://www.etoday.co.kr/news/view/2623362,네이버뉴스,etoday.co.kr,중동 긴장·유가 상승에 뉴욕증시 하락…다우 1.18%↓,https://www.newsway.co.kr/news/view?ud=2026090907385618820,네이버뉴스,newsway.co.kr,"[3분 증시 ] 뉴욕 증시 , 중동 확전에 3대 지수 동반 하락",http://www.yonhapnewstv.co.kr/news/MYH20260909073852NMR,네이버뉴스,yonhapnewstv.co.kr,미작성,미발행,,,,
fccb6369d2165dc3,2026-09-09,경제 · 미국 주식,일반,"[해외시황] 뉴욕증시, 중동 확전 우려 속 유가 급등·물가 우려에 '하락...",네이버뉴스 등 3개 기사,"[해외시황] 뉴욕증시, 중동 확전 우려 속 유가 급등·물가 우려에 '하락...",http://www.newsprime.co.kr/news/article.html?no=746958,네이버뉴스,newsprime.co.kr,중동 확전 우려 뉴욕 증시 하락…유가 100달러 육박·엔화 급등,https://www.thefairnews.co.kr/news/articleView.html?idxno=87454,네이버뉴스,thefairnews.co.kr,"[뉴욕증시] 중동발 유가 급등에 인플레 우려…3대 지수 일제히 하락, 다...",https://www.ebn.co.kr/news/articleView.html?idxno=1723509,네이버뉴스,ebn.co.kr,미작성,미발행,,,,
30dd6287e7584d65,2026-09-09,경제 · 미국 주식,일반,[국제금융 브리핑] 베센트 국채 바이백 확대론에 브렌트유 97.92달러...중...,네이버뉴스 등 3개 기사,[국제금융 브리핑] 베센트 국채 바이백 확대론에 브렌트유 97.92달러...중...,https://www.tokenpost.kr/news/economy/404645,네이버뉴스,tokenpost.kr,[아주경제 코이너스 브리핑] 국제유가 급등에…비트코인 7만8000달러대로...,https://www.ajunews.com/view/20260909081925103,네이버뉴스,ajunews.com,중동 불안에 美 증시 하락…브렌트유 100달러 육박-[글로벌 마감 시황],http://www.wowtv.co.kr/NewsCenter/News/Read?articleId=A202609090247&t=NN,네이버뉴스,wowtv.co.kr,미작성,미발행,,,,
3636a210a9a0636f,2026-09-09,경제 · 미국 주식,일반,"AI 투자 , 주식 넘어 회사채로…월가로 날아든 ‘수백 조원 청구서’",네이버뉴스 등 3개 기사,"AI 투자 , 주식 넘어 회사채로…월가로 날아든 ‘수백 조원 청구서’",https://www.chosun.com/economy/int_economy/2026/09/09/44GHA5L47BBRNNQBZMQOIQV7SA/?utm_source=naver&utm_medium=referral&utm_campaign=naver-news,네이버뉴스,chosun.com,"""의료보험? 방산?"" 미 중간선거 후 뜰 주식 은...시나리오별 투자 전략",https://www.mt.co.kr/world/2026/09/09/2026090820111713785,네이버뉴스,mt.co.kr,'162조원' 대미 투자 진짜 수혜주…JP모간이 꼽은 '톱픽',https://www.hankyung.com/article/202609081529i,한국경제 | 뉴스 | 증권,hankyung.com,미작성,미발행,,,,
74e17227a545d461,2026-09-09,건강 · 최신 이슈,일반,"폭염문자 왜 안 보나 했더니…57.7% ""너무 많이 온다""",네이버뉴스 등 3개 기사,"폭염문자 왜 안 보나 했더니…57.7% ""너무 많이 온다""",https://www.newsis.com/view/NISX20260908_0003781489,네이버뉴스,newsis.com,"폭염 재난문자 왜 안 보나 했더니…57.7% ""너무 자주 와서""",https://www.kado.net/news/articleView.html?idxno=2071288,네이버뉴스,kado.net,폭염 재난문자 안 읽는 이유 1위는 '너무 자주 와서'…57.7%,https://www.hemophilia.co.kr/news/articleView.html?idxno=44341,네이버뉴스,hemophilia.co.kr,미작성,미발행,,,,
00e53284d89ca98e,2026-09-09,건강 · 최신 이슈,일반,"질병 청, 병원기반 마이크로바이옴 연구성과 교류회 개최",네이버뉴스 등 3개 기사,"질병 청, 병원기반 마이크로바이옴 연구성과 교류회 개최",https://medicalworldnews.co.kr/news/view.php?idx=1510977143,네이버뉴스,medicalworldnews.co.kr,"고려대 안암병원 교수 연구팀, 국내 항생제 내성 병원체 17종 평가…""긴...",http://www.thefirstmedia.net/news/articleView.html?idxno=208067,네이버뉴스,thefirstmedia.net,인간 마이크로바이옴 연구성과 한자리에…국립보건연구원 성과교류회,https://www.hemophilia.co.kr/news/articleView.html?idxno=44333,네이버뉴스,hemophilia.co.kr,미작성,미발행,,,,
aa1ff6476dcecb86,2026-09-09,건강 · 최신 이슈,일반,뱀 물렸다면 ‘○ 시간’ 안에 병원 가야… 늦을수록 사망 위험 ↑,코메디닷컴 등 3개 기사,뱀 물렸다면 ‘○ 시간’ 안에 병원 가야… 늦을수록 사망 위험 ↑,https://kormedi.com/2862030/,코메디닷컴,kormedi.com,﻿항생제 내성 병원체 위험도 '우선 순위' 첫 제시,https://www.dailymedi.com/news/news_view.php?wr_id=940296,네이버뉴스,dailymedi.com,"병원 신입 간호사가 위험하다…복지부, 교육·멘토링 지원 검토",http://www.docdocdoc.co.kr/news/articleView.html?idxno=3042543,청년의사 - 전체기사,docdocdoc.co.kr,미작성,미발행,,,,
b7a1bef2aa26b083,2026-09-09,건강 · 최신 이슈,일반,"김승원 '신약 청탁' 제약사 창업주, 대장동 비리 연루 KH 사외이사 출신",네이버뉴스 등 3개 기사,"김승원 '신약 청탁' 제약사 창업주, 대장동 비리 연루 KH 사외이사 출신",https://www.newspim.com/news/view/20260908001154,네이버뉴스,newspim.com,"'김승원 의혹' 제약사 창업주, 대장동 비리 연루 KH 이사 출신",https://www.yna.co.kr/view/AKR20260908085300004?input=1195m,네이버뉴스,yna.co.kr,대장동에 등장한 KH그룹…'김승원 청탁' 제넨셀과도 접점,http://mbn.mk.co.kr/pages/news/newsView.php?category=mbn00009&news_seq_no=5217823,네이버뉴스,mbn.mk.co.kr,미작성,미발행,,,,
619baccd48fcbea7,2026-09-09,건강 · 최신 이슈,일반,국내 '항생제 내성' 병원체 긴급 대응 대상 3종 체계적 제시,네이버뉴스 등 3개 기사,국내 '항생제 내성' 병원체 긴급 대응 대상 3종 체계적 제시,https://www.koreahealthlog.com/news/articleView.html?idxno=58889,네이버뉴스,koreahealthlog.com,국내 항생제 내성 병원체 대응 우선순위 체계적 제시 이뤄져,https://www.medipana.com/news/articleView.html?idxno=417243,네이버뉴스,medipana.com,"고대안암병원 교수팀, 국내 항생제 내성 병원체 대응 우선순위 제시",https://www.rapportian.com/news/articleView.html?idxno=240089,네이버뉴스,rapportian.com,미작성,미발행,,,,
604faf86166d2697,2026-09-09,건강 · 최신 이슈,연예인 건강,"조권 “군 복무 당시 부모님 모두 암 투병 , 김혜수 선배님 큰 도움 받았...",네이버뉴스 등 3개 기사,"조권 “군 복무 당시 부모님 모두 암 투병 , 김혜수 선배님 큰 도움 받았...",https://sports.khan.co.kr/article/202609090835003?pt=nv,네이버뉴스,sports.khan.co.kr,"조권 ""돈 많이 못 벌 때 두 부모님 모두 암 투병 , 김혜수가 큰 도움""",https://www.mydaily.co.kr/page/view/2026090908005303148,네이버뉴스,mydaily.co.kr,"조권 “군 시절 부모님 모두 암 투병 , 김혜수 누나가 도와줘”",https://news.jtbc.co.kr/article/NB12317450?influxDiv=NAVER,네이버뉴스,news.jtbc.co.kr,미작성,미발행,,,,
0dae85bb2d45ae58,2026-09-09,건강 · 최신 이슈,연예인 건강,"박소담, 갑상샘암 투병 →복귀→유튜브 개설…""일상의 소중함 새로 느껴...",네이버뉴스 등 3개 기사,"박소담, 갑상샘암 투병 →복귀→유튜브 개설…""일상의 소중함 새로 느껴...",https://www.mydaily.co.kr/page/view/2026090908310534346,네이버뉴스,mydaily.co.kr,"'갑상샘암 투병 ' 후.. 박소담 ""앞만 보고 달려..이젠 작은 것이라도 도전...",http://www.osen.co.kr/article/G1112872126,네이버뉴스,osen.co.kr,"이수지 유튜브 복귀에 악성 댓글 확산…소속사 ""법적 대응, 선처·합의 ...",http://www.stoo.com/article.php?aid=108765462427,네이버뉴스,stoo.com,미작성,미발행,,,,
99ad66be628d8e04,2026-09-09,건강 · 최신 이슈,연예인 건강,"90세 원로 배우 , 림프종 투병 끝 별세‥유명 후배 배우 도 “따뜻했던 분”...",네이버뉴스 등 3개 기사,"90세 원로 배우 , 림프종 투병 끝 별세‥유명 후배 배우 도 “따뜻했던 분”...",https://www.newsen.com/news_view.php?uid=202609090800326310,네이버뉴스,newsen.com,"유명 男 배우 , 암 투병 →'시한부' 선고…""남은 시간 5년"" [MHN:글로벌]",https://mhnse.com/news/articleView.html?idxno=1529786,네이버뉴스,mhnse.com,김혜수 또 미담 터졌다…암 투병 부모 둔 군복무 후배까지 챙긴 ‘의리’,https://www.mk.co.kr/article/12147801,네이버뉴스,mk.co.kr,미작성,미발행,,,,
3bc803f96b995d97,2026-09-09,건강 · 생활 건강 정보,일반,혈당 낮추려면 ‘이 정도’만 움직이면 효과 본다,네이버뉴스 등 3개 기사,혈당 낮추려면 ‘이 정도’만 움직이면 효과 본다,https://www.gqkorea.co.kr/2026/09/08/%ed%98%88%eb%8b%b9-%eb%82%ae%ec%b6%94%eb%a0%a4%eb%a9%b4-%ec%9d%b4-%ec%a0%95%eb%8f%84%eb%a7%8c-%ec%9b%80%ec%a7%81%ec%9d%b4%eb%a9%b4-%ed%9a%a8%ea%b3%bc-%eb%b3%b8%eb%8b%a4/?utm_source=naver&utm_medium=partnership,네이버뉴스,gqkorea.co.kr,[김민석의 건강 칼럼] 리브레와 파스타-내 혈당을 실시간으로 본다는 것,https://www.kbsm.net/news/view.php?idx=533287,네이버뉴스,kbsm.net,"당뇨병, 뇌졸중, 각종 암 위험 낮추는 효과…사과의 7가지 건강 이점",https://kormedi.com/?p=2861873,네이버뉴스,kormedi.com,미작성,미발행,,,,
cd856842a4e01e49,2026-09-09,건강 · 생활 건강 정보,일반,"장성군, 치매극복 걷기 행사로 지역사회 건강 다진다",네이버뉴스 등 3개 기사,"장성군, 치매극복 걷기 행사로 지역사회 건강 다진다",http://www.queen.co.kr/news/articleView.html?idxno=463030,네이버뉴스,queen.co.kr,"“ 건강 은 가까이, 치매는 멀리”…장성군, ‘한마음 릴레이 걷기 ’ 펼친...",https://www.seoul.co.kr/news/publicnews/2026/09/08/20260908500280?wlog_tag3=naver,네이버뉴스,seoul.co.kr,걷기 가 유일한 운동 이라도 건강 유지에 충분할까? [바디플랜],https://www.donga.com/news/Health/article/all/20260908/134625958/2,네이버뉴스,donga.com,미작성,미발행,,,,
45675aa52788131d,2026-09-09,건강 · 생활 건강 정보,일반,"대한투석혈관학회 회장에 김진국 교수…""환자 치료 성과 향상에 기여""",네이버뉴스 등 3개 기사,"대한투석혈관학회 회장에 김진국 교수…""환자 치료 성과 향상에 기여""",https://www.sportschosun.com/life/2026-09-08/202609080100057130003660,네이버뉴스,sportschosun.com,"순천향대부천병원 김진국 교수, 대한투석혈관학회 신임 회장 취임",http://www.bokuennews.com/news/article.html?no=283809,네이버뉴스,bokuennews.com,"김진국 순천향대 부천병원 교수, 대한투석혈관학회 신임 회장 취임",https://news.tf.co.kr/read/national/2363072.htm,네이버뉴스,news.tf.co.kr,미작성,미발행,,,,
dd69b9a0605c6026,2026-09-09,건강 · 생활 건강 정보,일반,[오늘의 띠별 운세] 2026년 9월 9일 수요일,네이버뉴스 등 3개 기사,[오늘의 띠별 운세] 2026년 9월 9일 수요일,https://www.public25.com/news/articleView.html?idxno=54363,네이버뉴스,public25.com,[오늘의 운세] 2026년 9월 4일 띠별 운세,https://www.news1.kr/life-culture/fortune-wisesaying/6276461,네이버뉴스,news1.kr,오늘의 운세-띠별(9월9일),http://www.kjdaily.com/article.php?aid=1788879601686213227,네이버뉴스,kjdaily.com,미작성,미발행,,,,
a1d7a827da9cee91,2026-09-08,패션뷰티,일반,"캐나다 디오디너리도 선택한 PDRN…K-뷰티 성분 , 글로벌 표준 되나",네이버뉴스 등 3개 기사,"캐나다 디오디너리도 선택한 PDRN…K-뷰티 성분 , 글로벌 표준 되나",https://www.thebk.co.kr/news/articleView.html?idxno=311518,네이버뉴스,thebk.co.kr,"LG생활건강, 화장품 의날 맞아 R&D 우수성과 공유...""K뷰티 글로벌 경쟁력...",http://www.updownnews.co.kr/news/articleView.html?idxno=318672,네이버뉴스,updownnews.co.kr,"[ 뷰티 트렌드] 더후, '비첩 NAD 파워 앰플' 앞세워 글로벌 럭셔리 K- 뷰티 ...",https://www.ibabynews.com/news/articleView.html?idxno=154179,네이버뉴스,ibabynews.com,미작성,미발행,,,,
fddb175bad9741b6,2026-09-08,패션뷰티,일반,"강내규 LG생활건강 CTO, 화장품 의 날 동탑산업훈장…R&D·빅데이터 혁신...",네이버뉴스 등 3개 기사,"강내규 LG생활건강 CTO, 화장품 의 날 동탑산업훈장…R&D·빅데이터 혁신...",https://www.gukjenews.com/news/articleView.html?idxno=3688520,네이버뉴스,gukjenews.com,"LG생활건강 강내규 CTO, 동탑산업훈장…6만명 피부 빅데이터 연구",https://www.seoultimes.news/news/article.html?no=2000099636,네이버뉴스,seoultimes.news,"강내규 LG생활건강 CTO, 화장품 안전·산업발전 유공 동탑산업훈장",https://weekly.hankooki.com/news/articleView.html?idxno=7183025,네이버뉴스,weekly.hankooki.com,미작성,미발행,,,,
13b2402454238df7,2026-09-08,패션뷰티,일반,[뷰티톡톡] LG생활건강ㆍ설화수ㆍ애경산업ㆍ 스킨 1004,네이버뉴스 등 3개 기사,[뷰티톡톡] LG생활건강ㆍ설화수ㆍ애경산업ㆍ 스킨 1004,https://www.dnews.co.kr/uhtml/view.jsp?idxno=202609081547117170166,네이버뉴스,dnews.co.kr,"LG생활건강, 피부 빅데이터부터 항노화 성분 까지…K-뷰티 R&D 경쟁력 강...",https://www.e-science.co.kr/news/articleView.html?idxno=135000,네이버뉴스,e-science.co.kr,LG생활건강의 R&D 뚝심… K-뷰티 경쟁력 높였다,https://www.koreaittimes.com/news/articleView.html?idxno=156898,네이버뉴스,koreaittimes.com,미작성,미발행,,,,
4932b3f43d7f8e2c,2026-09-08,패션뷰티,일반,"LG생활건강, ' 화장품 의 날' 맞아 R&D 우수 성과 공유",네이버뉴스 등 3개 기사,"LG생활건강, ' 화장품 의 날' 맞아 R&D 우수 성과 공유",https://www.financialpost.co.kr/news/articleView.html?idxno=274528,네이버뉴스,financialpost.co.kr,"LG생활건강, ‘ 화장품 의 날’ 맞아 R&D 우수 성과 공유...소비자 관심도...",http://www.thebigdata.co.kr/view.php?ud=202609081041501346df3c2a17b7_23,네이버뉴스,thebigdata.co.kr,"LG생활건강, ' 화장품 의 날' 동탑산업훈장 수훈…R&D 성과 공유",https://www.etnews.com/20260908000262,네이버뉴스,etnews.com,미작성,미발행,,,,
b2cba71066dd02fa,2026-09-08,카테크 · 자동차,일반,"현대차, UEFA 챔피언스리그 공식 자동차 파트너⋯2030/31 시즌까지",네이버뉴스 등 3개 기사,"현대차, UEFA 챔피언스리그 공식 자동차 파트너⋯2030/31 시즌까지",https://www.autodaily.co.kr/news/articleView.html?idxno=600270,네이버뉴스,autodaily.co.kr,"현대차, 별들의 전쟁 ‘챔피언스 리그’ 파트너로",https://biz.heraldcorp.com/article/10866221?ref=naver,네이버뉴스,biz.heraldcorp.com,"현대차, 챔피언스리그리그 파트너로... 아이오닉 3로 유럽 공략 본격화...",https://www.insight.co.kr/news/572393,네이버뉴스,insight.co.kr,미작성,미발행,,,,
48645e384e1431db,2026-09-08,카테크 · 자동차,일반,"카카오뱅크, 車금융·주식까지 품었다…플랫폼 확장 지도 보니",네이버뉴스 등 3개 기사,"카카오뱅크, 車금융·주식까지 품었다…플랫폼 확장 지도 보니",https://www.bloter.net/news/articleView.html?idxno=673070,네이버뉴스,bloter.net,'주식 투자'도 ' 자동차 혜택 비교'도 카카오뱅크에서...일상 속 금융 영...,https://www.techm.kr/news/articleView.html?idxno=155013,네이버뉴스,techm.kr,"주식∙ 자동차 금융∙ 보험 영업까지…금융사, 플랫폼 기능 확대",http://www.kdfnews.com/news/articleView.html?idxno=187680,네이버뉴스,kdfnews.com,미작성,미발행,,,,
4c402066ef13d1c1,2026-09-08,카테크 · 자동차,일반,"자보 한방 첩약·약침, ‘모든 염좌’로 경상 심사 확대",네이버뉴스 등 3개 기사,"자보 한방 첩약·약침, ‘모든 염좌’로 경상 심사 확대",https://new.dailypharm.com/user/news/342286?REFERER=NP,네이버뉴스,new.dailypharm.com,자동차보험 경상환자 심사기준 확대…한방 첩약·약침 심사 사각지대 줄...,https://www.k-health.com/news/articleView.html?idxno=101040,네이버뉴스,k-health.com,車 보험 한방 경상환자 심사 확대...첩약·약침 90% 대상,https://www.bosa.co.kr/news/articleView.html?idxno=3011675,네이버뉴스,bosa.co.kr,미작성,미발행,,,,
481f000e163e07ad,2026-09-08,카테크 · 자동차,일반,"삼양사 안태진 팀장, '제1회 기술개발인의 날' 국무총리 표창…車 소재...",네이버뉴스 등 3개 기사,"삼양사 안태진 팀장, '제1회 기술개발인의 날' 국무총리 표창…車 소재...",https://www.industrynews.co.kr/news/articleView.html?idxno=85695,네이버뉴스,industrynews.co.kr,"삼양사 안태진 팀장, 국무총리 표창…국산 車 핵심 PC 소재 기술혁신 인...",https://www.e-science.co.kr/news/articleView.html?idxno=134956,네이버뉴스,e-science.co.kr,"안태진 삼양사 팀장, ‘기술개발인의 날’ 국무총리 표창…車 소재 경쟁...",https://www.dt.co.kr/article/12082661?ref=naver,네이버뉴스,dt.co.kr,미작성,미발행,,,,
ca2793f4ad3cffd9,2026-09-08,카테크 · 자동차,일반,1~7월 글로벌 전기차 인도량 6.3% 증가…현대차그룹 '8위',네이버뉴스 등 3개 기사,1~7월 글로벌 전기차 인도량 6.3% 증가…현대차그룹 '8위',https://news.tf.co.kr/read/economy/2363432.htm,네이버뉴스,news.tf.co.kr,"현대차그룹, 1~7월 전기차 인도량 24.2% 증가…글로벌 점유율 3.7%",http://www.iminju.net/news/articleView.html?idxno=169191,네이버뉴스,iminju.net,1~7월 글로벌 전기차 6.3% 성장…현대차그룹 24.2% 증가,https://www.news1.kr/industry/auto-industry/6283215,네이버뉴스,news1.kr,미작성,미발행,,,,
a8caa2d75ba39887,2026-09-08,카테크 · IT,일반,"애플·화웨이·샤오미 폴더블폰 경쟁 가세, 삼성전자 노태문 'AI·제품 차...",네이버뉴스 등 3개 기사,"애플·화웨이·샤오미 폴더블폰 경쟁 가세, 삼성전자 노태문 'AI·제품 차...",https://www.businesspost.co.kr/BP?command=article_view&num=446670,네이버뉴스,businesspost.co.kr,"샤오미·화웨이에 애플까지…삼성, 폴더블 '7년 격차' 통할까",https://www.wowtv.co.kr/NewsCenter/News/Read?articleId=A202609080293&t=NNv,네이버뉴스,wowtv.co.kr,"삼성에 고객 뺏기고 화웨이·샤오미는 선공…애플, 첫 폴더블로 반격",http://mbnmoney.mbn.co.kr/news/view?news_no=MM1005917989,네이버뉴스,mbnmoney.mbn.co.kr,미작성,미발행,,,,
406d791abbb59cc5,2026-09-08,카테크 · IT,일반,[K-ICT WEEK in BUSAN 2026] 부산에 넘실거리는 AX 파도…지역 최대 ICT 전시·컨퍼런스 개막,오늘의뉴스 - 이티뉴스 등 3개 기사,[K-ICT WEEK in BUSAN 2026] 부산에 넘실거리는 AX 파도…지역 최대 ICT 전시·컨퍼런스 개막,https://www.etnews.com/20260908000004,오늘의뉴스 - 이티뉴스,etnews.com,"모바, IFA 2026서 차세대 로봇청소기 기술 전시...AI 기반 스마트 홈 강...",https://www.hinews.co.kr/view.php?ud=2026090717374970869aeda69934_48,네이버뉴스,hinews.co.kr,2026 상하이 중국 애완동물용품 전시회(Pet Fair Asia 2026) 참관기,http://dream.kotra.or.kr/kotranews/cms/news/actionKotraBoardDetail.do?SITE_NO=3&MENU_ID=110&CONTENTS_NO=1&bbsGbn=245&bbsSn=245&pNttSn=243804,네이버뉴스,dream.kotra.or.kr,미작성,미발행,,,,
79198c5594f7f2b4,2026-09-08,카테크 · IT,일반,[IFA 현장] 세계로 간 K- 기술 ② 한국관 10개사 K-혁신 유럽 공략,네이버뉴스 등 3개 기사,[IFA 현장] 세계로 간 K- 기술 ② 한국관 10개사 K-혁신 유럽 공략,https://www.kfenews.co.kr/news/articleView.html?idxno=664056,네이버뉴스,kfenews.co.kr,지식 가전 의 시대 : 다이슨이 전 세계 기자들 앞에서 공개한 10가지 혁신,https://www.esquirekorea.co.kr/article/1909197,네이버뉴스,esquirekorea.co.kr,"모바, IFA 2026서 로봇청소기 환경 인식 기술 선보여...‘The AI MOVAment’...",http://www.lawissue.co.kr/view.php?ud=2026090717361243669aeda69934_12,네이버뉴스,lawissue.co.kr,미작성,미발행,,,,
f9c9b2c651fae5ba,2026-09-08,카테크 · IT,일반,'애플 감성'에 400만 원 쓸 수 있나...유출 정보로 미리 본 '아이폰 울트...,네이버뉴스 등 3개 기사,'애플 감성'에 400만 원 쓸 수 있나...유출 정보로 미리 본 '아이폰 울트...,http://www.opinionnews.co.kr/news/articleView.html?idxno=144141,네이버뉴스,opinionnews.co.kr,"美애플, 아이폰18 전략 '프로·폴더블'로 재편…초고가 시장 넓힐까",http://www.seouleconews.com/news/articleView.html?idxno=93609,네이버뉴스,seouleconews.com,7년 늦은 애플의 반격…'300만원 폴더블 아이폰' 통할까,https://www.newsway.co.kr/news/view?ud=2026090811293321272,네이버뉴스,newsway.co.kr,미작성,미발행,,,,
4c6ab6890bf16506,2026-09-08,스포츠,일반,"프로축구 K리그2 수원FC, 수원화성서 ‘클린케어 플로깅’ 성료…선수·...",네이버뉴스 등 3개 기사,"프로축구 K리그2 수원FC, 수원화성서 ‘클린케어 플로깅’ 성료…선수·...",https://www.kgnews.co.kr/news/article.html?no=910799,네이버뉴스,kgnews.co.kr,K리그2 부산 크리스찬 '음주운전' 적발 … 선수단 배제,https://www.newdaily.co.kr/site/data/html/2026/09/08/2026090800266.html,네이버뉴스,newdaily.co.kr,"[오피셜] K리그2 부산 크리스찬, 음주운전 적발…훈련 및 선수단 제외 조...",https://sports.khan.co.kr/article/202609081541003?pt=nv,네이버뉴스,sports.khan.co.kr,미작성,미발행,,,,
2d25c297cedbe2c1,2026-09-08,스포츠,일반,"축구 국대 출신 안정환, 아주대병원에 6400만원 기부",네이버뉴스 등 3개 기사,"축구 국대 출신 안정환, 아주대병원에 6400만원 기부",https://www.edaily.co.kr/News/Read?newsId=03516166645578152&mediaCodeNo=257&utm_source=naver&utm_medium=referral&utm_campaign=news_syndication&utm_content=original_article,네이버뉴스,edaily.co.kr,"“소아암 환아에 써달라”…안정환, 아주대에 6400만원 기부",https://www.joongang.co.kr/article/25460107,네이버뉴스,joongang.co.kr,"안정환, 모교 아주대에 6400만원 기부…누적 5억원 채웠다",https://www.hankyung.com/article/202609081089h,네이버뉴스,hankyung.com,미작성,미발행,,,,
b48bc3a9c349d3c2,2026-09-08,스포츠,일반,"이정후, 2경기 연속 안타⋯샌프란시스코 연장 11회 끝내기 승리",네이버뉴스 등 3개 기사,"이정후, 2경기 연속 안타⋯샌프란시스코 연장 11회 끝내기 승리",https://www.etoday.co.kr/news/view/2623199,네이버뉴스,etoday.co.kr,"이정후, 2경기 연속 안타로 반등 신호탄…팀은 연장 11회 끝내기 승리",https://www.newsis.com/view/NISX20260908_0003780573,스포츠,newsis.com,"이정후, 2경기 연속 안타…팀 5-4 승리 기여",https://www.asiatoday.co.kr/kn/view.php?key=20260908010003088,네이버뉴스,asiatoday.co.kr,미작성,미발행,,,,
122234204213a2bf,2026-09-08,스포츠,일반,"[오피셜]'안 풀린다!' 부산 '주포' 크리스찬, 음주운전 적발→팀 활동 배...",네이버뉴스 등 3개 기사,"[오피셜]'안 풀린다!' 부산 '주포' 크리스찬, 음주운전 적발→팀 활동 배...",https://www.sportschosun.com/football/2026-09-08/202609080100055810003577,네이버뉴스,sportschosun.com,"[오피셜] 정말 안 풀리는 부산, 끝내 음주운전 적발…8골 4도움 크리스찬...",https://www.spotvnews.co.kr/news/articleView.html?idxno=1006367,네이버뉴스,spotvnews.co.kr,"K리그2 부산 크리스찬, 음주운전 적발…팀 활동서 배제",https://www.yna.co.kr/view/AKR20260908130900007?input=1195m,네이버뉴스,yna.co.kr,미작성,미발행,,,,
c72e650a34a0007b,2026-09-08,스포츠,일반,"NC파크 야구 팬, 경기 전후 어디서 돈 쓸까…창원시 관광 소비행태 조사",네이버뉴스 등 3개 기사,"NC파크 야구 팬, 경기 전후 어디서 돈 쓸까…창원시 관광 소비행태 조사",https://www.mhns.co.kr/news/articleView.html?idxno=759418,네이버뉴스,mhns.co.kr,"창원시, NC다이노스 팬 대상 야구 관광 활성화 설문",https://www.yna.co.kr/view/AKR20260908120200052?input=1195m,네이버뉴스,yna.co.kr,""" 프로야구 팬 목소리 들어요"" 창원시, 야구관광 활성화 설문조사",https://www.nocutnews.co.kr/news/6574885?utm_source=naver&utm_medium=article&utm_campaign=20260908034043,네이버뉴스,nocutnews.co.kr,미작성,미발행,,,,
c7fca33265735de4,2026-09-08,방송연예,일반,"임영웅, 10만 명 열광케 한 뒤 '또또'로 음악적 확장",네이버뉴스 등 3개 기사,"임영웅, 10만 명 열광케 한 뒤 '또또'로 음악적 확장",https://www.mediafine.co.kr/news/articleView.html?idxno=89175,네이버뉴스,mediafine.co.kr,[센터엔터] 임영웅 자작곡 담은 10주년 스페셜 앨범 발매 外,https://www.yonhapnewstv.co.kr/news/MYH20260908130913PEv,연합뉴스TV :: 대한민국 뉴스의 시작. 채널 23 » 문화·연예,yonhapnewstv.co.kr,"임영웅, 컴백 앞두고 '또또' 뮤비 선공개... 앨범은 언제?",https://www.ggilbo.com/news/articleView.html?idxno=1180227,네이버뉴스,ggilbo.com,미작성,미발행,,,,
b32340517687cca8,2026-09-08,방송연예,일반,"올공 시위 3개월…도경수 콘서트, 결국 장소 변경 '올림픽공원→킨텍스...",네이버뉴스 등 3개 기사,"올공 시위 3개월…도경수 콘서트, 결국 장소 변경 '올림픽공원→킨텍스...",https://www.spotvnews.co.kr/news/articleView.html?idxno=1006357,네이버뉴스,spotvnews.co.kr,올공 시위 여파 어디까지…도경수도 콘서트 장소 변경 [공식],https://www.mydaily.co.kr/page/view/2026090814121532895,네이버뉴스,mydaily.co.kr,"올공 시위 여파…도경수 콘서트, 킨텍스로 공연장 변경 [공식]",https://www.xportsnews.com/article/2193406,네이버뉴스,xportsnews.com,미작성,미발행,,,,
3fb37c7da8126ed0,2026-09-08,방송연예,일반,"[K스토리] K-신스틸러를 만나다…전미도, 데뷔 20주년에 돌아본 20년 배...",네이버뉴스 등 3개 기사,"[K스토리] K-신스틸러를 만나다…전미도, 데뷔 20주년에 돌아본 20년 배...",https://www.yna.co.kr/view/MYH20260907015100371?input=1197m,네이버뉴스,yna.co.kr,"[피플]'누적 관객 100만명' 임영웅, 고양벌 뒤흔들고 데뷔 10주년 컴백",https://news.jtbc.co.kr/article/NB12317280?influxDiv=NAVER,네이버뉴스,news.jtbc.co.kr,데뷔 10주년 앨범 발매 D-day… 임영웅이 신곡 ‘또또’ 뮤직비디오에 ...,https://www.sportsseoul.com/news/read/1633514?ref=naver,네이버뉴스,sportsseoul.com,미작성,미발행,,,,
12ae317136840cef,2026-09-08,방송연예,일반,"[BS칼럼] ‘오디세이’ 천만, 결국 볼 영화는 본다",네이버뉴스 등 3개 기사,"[BS칼럼] ‘오디세이’ 천만, 결국 볼 영화는 본다",https://www.sportsworldi.com/newsView/20260908508461,네이버뉴스,sportsworldi.com,"'오디세이', 개봉 6주 차에서야 하락세…천만 영화의 뒷심",https://news.sbs.co.kr/news/endPage.do?news_id=N1008742476&plink=RSSLINK&cooper=RSSREADER,방송/연예 - SBS 뉴스 섹션,news.sbs.co.kr,천만 영화 '오디세이'…주말 69만 명 몰려,https://www.yonhapnewstv.co.kr/news/MYH20260908054550SPn,연합뉴스TV :: 대한민국 뉴스의 시작. 채널 23 » 문화·연예,yonhapnewstv.co.kr,미작성,미발행,,,,
f27307b087f2dcfe,2026-09-08,방송연예,일반,'11월 결혼' 윤종훈♥한은서. 첫만남부터 8년간 숨겨온 '비밀 SNS 흔적',네이버뉴스 등 3개 기사,'11월 결혼' 윤종훈♥한은서. 첫만남부터 8년간 숨겨온 '비밀 SNS 흔적',https://www.sportschosun.com/entertainment/2026-09-08/202609080100055290003554,네이버뉴스,sportschosun.com,"윤종훈, 10살 연하 한은서와 11월1일 결혼…""평생 함께 걸을 것""",https://www.newsis.com/view/NISX20260907_0003779924,연예,newsis.com,"결혼 윤종훈♥한은서, 티 팍팍 냈었네‥8년 전부터 ‘좋아요’ 꾹→런던...",https://www.newsen.com/news_view.php?uid=202609081219485710,네이버뉴스,newsen.com,미작성,미발행,,,,
f4ed11bdd003e70b,2026-09-08,고생물,일반,"보성군, '코리아노사우루스' 골격 화석 천연기념물 지정",네이버뉴스 등 3개 기사,"보성군, '코리아노사우루스' 골격 화석 천연기념물 지정",https://www.newsfreezone.co.kr/news/articleView.html?idxno=708042,네이버뉴스,newsfreezone.co.kr,"'코리아' 학명 인정된 공룡 화석 ... 보성 골격 화석 , 마침내 천연기념물...",https://www.insight.co.kr/news/571980,네이버뉴스,insight.co.kr,"보성서 찾은 한반도 최초 조각류 공룡 골격, 천연기념물 됐다",https://www.newsis.com/view/NISX20260907_0003779031,네이버뉴스,newsis.com,미작성,미발행,,,,
314222546a29860c,2026-09-08,경제 · 한국 주식,일반,"코스피 7000선 재돌파…증권가 “AI·반도체 기대감...추가 상승 여력""",네이버뉴스 등 3개 기사,"코스피 7000선 재돌파…증권가 “AI·반도체 기대감...추가 상승 여력""",http://www.metroseoul.co.kr/article/20260908500348,네이버뉴스,metroseoul.co.kr,"[ 오늘 의 증시 ] 코스피 오전 1%대 상승, 7060선 돌파…15거래일 만에 '700...",https://www.job-post.co.kr/news/articleView.html?idxno=226539,네이버뉴스,job-post.co.kr,"코스피, 15거래일 만에 7000선 탈환…코스닥도 상승",https://www.newsworks.co.kr/news/articleView.html?idxno=852943,네이버뉴스,newsworks.co.kr,미작성,미발행,,,,
359a5607739a2b86,2026-09-08,경제 · 한국 주식,일반,삼전닉스도 ‘메모리’ 꺾이면 끝인데…“슈퍼사이클 한참 더 간다” 월가가 베팅한 이유,매일경제 : 기업/경영 등 3개 기사,삼전닉스도 ‘메모리’ 꺾이면 끝인데…“슈퍼사이클 한참 더 간다” 월가가 베팅한 이유,https://www.mk.co.kr/news/business/12147141,매일경제 : 기업/경영,mk.co.kr,""" 코스피 과소평가, 1만2000피 간다""…메모리 호황에 베팅한 '이 증권사'",https://view.asiae.co.kr/article/2026090719370202323,네이버뉴스,view.asiae.co.kr,"메모리 초호황인데…""삼전 주가 상승 막는 MX·노조 리스크"" [분석+]",https://www.hankyung.com/article/2026090791006,한국경제 | 뉴스 | 증권,hankyung.com,미작성,미발행,,,,
4bce1b8f7e0d4724,2026-09-08,경제 · 한국 주식,일반,"개인 투매, 코스피 '막판 급랭'...삼성전기·LG엔솔 '뚝'",네이버뉴스 등 3개 기사,"개인 투매, 코스피 '막판 급랭'...삼성전기·LG엔솔 '뚝'",http://www.choicenews.co.kr/news/articleView.html?idxno=171069,네이버뉴스,choicenews.co.kr,미끄러진 코스피 7000선 반납… 개인 3조 순매도 [MTN 마감시황],https://news.mtn.co.kr/news-detail/2026090815540810090,네이버뉴스,news.mtn.co.kr,'삼성전자·SK하이닉스 질주' 코스피 7000 탈환...증권가 목표는 제각각...,http://www.joseilbo.com/news/news_read.php?uid=575268&class=53&grp=,네이버뉴스,joseilbo.com,미작성,미발행,,,,
9259a8498db686db,2026-09-08,경제 · 한국 주식,일반,“이재명은 히틀러…” 생중계 되는 자리서 대놓고 대통령 저격한 정치...,네이버뉴스 등 3개 기사,“이재명은 히틀러…” 생중계 되는 자리서 대놓고 대통령 저격한 정치...,https://www.wikitree.co.kr/articles/1158134,네이버뉴스,wikitree.co.kr,"정점식 ""이재명, 정치는 히틀러, 경제는 차베스, 임기는 푸틴""",https://www.ohmynews.com/NWS_Web/View/at_pg.aspx?CNTN_CD=A0003265493&CMPT_CD=P0010&utm_source=naver&utm_medium=newsearch&utm_campaign=naver_news,네이버뉴스,ohmynews.com,"“정치는 히틀러, 경제는 차베스, 임기는 푸틴”… 정점식 “개헌 절대...",https://www.ekn.kr/web/view.php?key=20260908029151960,네이버뉴스,ekn.kr,미작성,미발행,,,,
a530191b7321e5e3,2026-09-08,경제 · 한국 주식,일반,[거래소 기관] 삼성전자에 몰린 뭉칫돈…두산에너빌리티·현대건설도 샀...,네이버뉴스 등 3개 기사,[거래소 기관] 삼성전자에 몰린 뭉칫돈…두산에너빌리티·현대건설도 샀...,https://www.pinpointnews.co.kr/news/articleView.html?idxno=485076,네이버뉴스,pinpointnews.co.kr,"[특징주] 외국인·기관, 빛과전자·삼성전자·두산에너빌리티 매수",https://www.newstnt.com/news/articleView.html?idxno=717207,네이버뉴스,newstnt.com,"삼성증권, 주식·금현물 첫 거래 고객에 지원금 쏜다",https://www.hankyung.com/article/2026090804381,한국경제 | 뉴스 | 증권,hankyung.com,미작성,미발행,,,,
c5492f310c0999e3,2026-09-08,경제 · 한국 정책 이슈,일반,"차 살 때 대출·할부 어디가 유리할까…카카오뱅크, 비교 서비스 출시",매일경제 : 경제 등 3개 기사,"차 살 때 대출·할부 어디가 유리할까…카카오뱅크, 비교 서비스 출시",https://www.mk.co.kr/news/economy/12147020,매일경제 : 경제,mk.co.kr,차 대출 비교하고 주식도 산다…카카오뱅크의 플랫폼 확장,https://www.hankyung.com/article/202609080779i,한국경제 | 뉴스 | 경제,hankyung.com,"카카오페이증권, 카카오뱅크 앱 ‘주식 서비스’ 개시",https://biz.chosun.com/stock/stock_general/2026/09/08/HS6JU2ITZRHKDHRAPK7O22SSGM/,Chosunbiz,biz.chosun.com,미작성,미발행,,,,
71967c0c8cde8cbb,2026-09-08,경제 · 한국 정책 이슈,일반,정점식 “李정부와 개헌 논의 없다…보완수사권 복원”,매일경제 : 경제 등 3개 기사,정점식 “李정부와 개헌 논의 없다…보완수사권 복원”,https://www.mk.co.kr/news/economy/12147125,매일경제 : 경제,mk.co.kr,"[교섭단체 대표연설][전문] 정점식 ""李 정부 와 개헌 논의 않겠다…사전투...",https://www.polinews.co.kr/news/articleView.html?idxno=742502,네이버뉴스,polinews.co.kr,"[전문] 정점식 ""잼데믹 맞서 국민 지킬 것…이번 정부 서 개헌 없어""",https://www.news1.kr/politics/assembly/6283459,네이버뉴스,news1.kr,미작성,미발행,,,,
ede0d9ce6e41b900,2026-09-08,경제 · 한국 정책 이슈,일반,"국회 재경위, 이형일 후보자 인사청문회 오는 15일로 의결",네이버뉴스 등 3개 기사,"국회 재경위, 이형일 후보자 인사청문회 오는 15일로 의결",http://www.metroseoul.co.kr/article/20260908500357,네이버뉴스,metroseoul.co.kr,"여야, 이형일·홍지선 인사청문계획서 채택…15일부터 양일간 검증",https://www.mt.co.kr/politics/2026/09/08/2026090814094562587,네이버뉴스,mt.co.kr,이형일 경제부총리 후보자 청문회 15일…대미투자·미래대응기금 쟁점,https://www.etoday.co.kr/news/view/2623152,네이버뉴스,etoday.co.kr,미작성,미발행,,,,
95752a115259be51,2026-09-08,경제 · 한국 정책 이슈,일반,"“6인치 넘어 12인치로”…삼성·ASML, 차세대 반도체 개발 ‘맞손’",매일경제 : 경제 등 3개 기사,"“6인치 넘어 12인치로”…삼성·ASML, 차세대 반도체 개발 ‘맞손’",https://www.mk.co.kr/news/economy/12147145,매일경제 : 경제,mk.co.kr,"삼성전자, 2028년 D램에 하이 NA EUV 적용… ASML과 협력 확대",https://biz.chosun.com/it-science/ict/2026/09/08/2YHRU4BA55A5FNHKI2K6TT7GXE/,Chosunbiz,biz.chosun.com,"개발만 하던 AI칩, 대량생산으로…세미파이브 삼성 4나노 첫 양산",https://www.hankyung.com/article/202609081297i,한국경제 | 뉴스 | 경제,hankyung.com,미작성,미발행,,,,
3cb560b78131ba77,2026-09-08,경제 · 한국 정책 이슈,일반,2분기 명목 GDP 성장률 47년 만에 최고…실질 GDP는 0.6%↑,매일경제 : 경제 등 3개 기사,2분기 명목 GDP 성장률 47년 만에 최고…실질 GDP는 0.6%↑,https://www.mk.co.kr/news/economy/12146625,매일경제 : 경제,mk.co.kr,2분기 명목 GDP 성장률 9.2%…47년 만에 최고치,https://www.hankyung.com/article/2026090800077,한국경제 | 뉴스 | 경제,hankyung.com,반도체가 끌어올린 GDP…‘10월 금리인상’ 무게 실리나 [명목GDP 47년만...,https://biz.heraldcorp.com/article/10866566?ref=naver,네이버뉴스,biz.heraldcorp.com,미작성,미발행,,,,
b409822266d17072,2026-09-08,경제 · 재테크,일반,집값 폭등이 결혼시켰다?…2030 '자산 동맹' 맺는 이유,한국경제 | 뉴스 | 경제 등 3개 기사,집값 폭등이 결혼시켰다?…2030 '자산 동맹' 맺는 이유,https://www.hankyung.com/article/2026090793661,한국경제 | 뉴스 | 경제,hankyung.com,"결혼 안한 사람, 자산 더 모았다...순자산 금액 무려 '이 정도'",https://www.wikitree.co.kr/articles/1157563,네이버뉴스,wikitree.co.kr,“결혼 안 하고 혼자 살래요”…‘독신족’ 자산 열어보니 ‘억 소리’,https://www.kyeonggi.com/article/20260904580263,네이버뉴스,kyeonggi.com,미작성,미발행,,,,
74ad4039f6e1b40c,2026-09-08,경제 · 재테크,일반,"원·달러 환율, 5.1원 오른 1345.6원",Chosunbiz 등 3개 기사,"원·달러 환율, 5.1원 오른 1345.6원",https://biz.chosun.com/policy/policy_sub/2026/09/08/5DC7WA7SSNAYLNE3NOEYHYHEPA/,Chosunbiz,biz.chosun.com,“달러값 1350원대로 급락”…지금 안 사면 또 후회할까? [잇슈 머니],https://news.kbs.co.kr/news/pc/view/view.do?ncd=8654513&ref=A,네이버뉴스,news.kbs.co.kr,"[통장잔GO] 1300원대 달러…환전할까, ETF 로 굴릴까",https://www.dailian.co.kr/news/view/1685599/?sc=Naver,네이버뉴스,dailian.co.kr,미작성,미발행,,,,
e41bd0823362ec30,2026-09-08,경제 · 재테크,일반,"신한투자증권, 수수료 덜어낸 펀드·채권·ELS에 투자자 몰려",한국경제 | 뉴스 | 증권 등 3개 기사,"신한투자증권, 수수료 덜어낸 펀드·채권·ELS에 투자자 몰려",https://www.hankyung.com/article/2026090804321,한국경제 | 뉴스 | 증권,hankyung.com,"“복리 마법에 절세 혜택까지”…신한은행, 연금 계좌로 ‘국채 투자 ’ ...",https://www.dt.co.kr/article/12082649?ref=naver,네이버뉴스,dt.co.kr,[증권가로수] 하나증권/신한증권/LS증권/DB증권/다올 투자 증권/KB증권·운...,https://www.dnews.co.kr/uhtml/view.jsp?idxno=202609070907337620852,네이버뉴스,dnews.co.kr,미작성,미발행,,,,
8502012dee635c6e,2026-09-08,경제 · 재테크,일반,"""3억 넣으면 이자만 4억8000만원""...퇴직 연금 국채 투자 , 단 20년 돈 묶인...",네이버뉴스 등 3개 기사,"""3억 넣으면 이자만 4억8000만원""...퇴직 연금 국채 투자 , 단 20년 돈 묶인...",https://www.fnnews.com/news/202609081314344286,네이버뉴스,fnnews.com,내일부터 퇴직 연금 개인 투자 용 국채 청약 개시,https://www.naeil.com/news/read/601563?ref=naver,네이버뉴스,naeil.com,"KB증권, 퇴직 연금 계좌 국채 투자 서비스 도입",http://www.updownnews.co.kr/news/articleView.html?idxno=318642,네이버뉴스,updownnews.co.kr,미작성,미발행,,,,
225e9da4108187aa,2026-09-08,경제 · 부동산,일반,오세훈 서울시장 장기전세주택 내 집 마련 '주거사다리' 입증… 20년 만...,네이버뉴스 등 3개 기사,오세훈 서울시장 장기전세주택 내 집 마련 '주거사다리' 입증… 20년 만...,https://www.discoverynews.kr/news/articleView.html?idxno=1100898,네이버뉴스,discoverynews.kr,"장기전세 '20년' 못박은 오세훈 ""대기자多…정부, '보편형 임대'名으로...",https://weekly.hankooki.com/news/articleView.html?idxno=7183035,네이버뉴스,weekly.hankooki.com,"오세훈 ""장기 전세 20년 만기 퇴거 예외 없다""",https://news.tf.co.kr/read/economy/2363291.htm,네이버뉴스,news.tf.co.kr,미작성,미발행,,,,
9d176ab71185814d,2026-09-08,경제 · 부동산,일반,대출·금리 이중 부담…9월 아파트 분양 시장 '관망세' 짙어져,네이버뉴스 등 3개 기사,대출·금리 이중 부담…9월 아파트 분양 시장 '관망세' 짙어져,https://www.mstoday.co.kr/news/articleView.html?idxno=102536,네이버뉴스,mstoday.co.kr,"9월 아파트 분양 전망지수 86.3로 하락…""금리·대출규제 영향""",https://www.newspim.com/news/view/20260907001182,네이버뉴스,newspim.com,정책 ·금리 불확실성에 9월 분양 전망 급랭,https://www.sedaily.com/article/20088414?ref=naver,네이버뉴스,sedaily.com,미작성,미발행,,,,
9b8362ea16ccfc65,2026-09-08,경제 · 부동산,일반,"공급은 늘리는데 대출은 조이고…국토위 국감, '주택 정책 엇박자' 정조...",네이버뉴스 등 3개 기사,"공급은 늘리는데 대출은 조이고…국토위 국감, '주택 정책 엇박자' 정조...",https://www.pinpointnews.co.kr/news/articleView.html?idxno=485046,네이버뉴스,pinpointnews.co.kr,"""대출 조이고 공급 늘리면 중산층 집 못 사""…부동산 정책 전환 목소리",http://www.newstomato.com/ReadNews.aspx?no=1312860&inflow=N,네이버뉴스,newstomato.com,"집은 나중에, 전월세는 지금…국토위 국감, ‘주거 정책 ’ 공방 예고",https://www.dailian.co.kr/news/view/1687316/?sc=Naver,네이버뉴스,dailian.co.kr,미작성,미발행,,,,
445ad436e64f2948,2026-09-08,경제 · 부동산,일반,"'계획의 가치'… 대규모 개발지역, 지역 시세 이끄는 '신흥 주거지'로",네이버뉴스 등 3개 기사,"'계획의 가치'… 대규모 개발지역, 지역 시세 이끄는 '신흥 주거지'로",https://www.woodkorea.co.kr/news/articleView.html?idxno=91235,네이버뉴스,woodkorea.co.kr,"'체계적 개발의 힘' 대규모 개발지역, 지역 시세 견인한 '신흥 주거지' ...",https://edu.donga.com/news/articleView.html?idxno=111702,네이버뉴스,edu.donga.com,"부동산 가치 이끄는 철도 호재...""포스트 동탄역은 어디?""",http://www.popcornnews.net/news/articleView.html?idxno=132230,네이버뉴스,popcornnews.net,미작성,미발행,,,,
eeb358562b58ffd5,2026-09-08,경제 · 부동산,일반,"""수도권은 집값 걱정인데 지방은 미분양""…국회서 해법 찾는다",네이버뉴스 등 3개 기사,"""수도권은 집값 걱정인데 지방은 미분양""…국회서 해법 찾는다",http://mbnmoney.mbn.co.kr/news/view?news_no=MM1005918023,네이버뉴스,mbnmoney.mbn.co.kr,수도권 집값 흔드는 '광역철도'…동탄 이을 다음 '교통 허브'는 어디?,http://www.newsdream.kr/news/articleView.html?idxno=117705,네이버뉴스,newsdream.kr,"취득세 최대 절반에 주택 수 미포함… 지방 준공 후 미분양, ‘1억원 안...",https://www.dt.co.kr/article/12082455?ref=naver,네이버뉴스,dt.co.kr,미작성,미발행,,,,
1dc86d5a06f67433,2026-09-08,경제 · 미국 주식,일반,"프랑스 미스트랄, 삼성전자 주도로 4조7000억원 유치…몸값 33조원",Chosunbiz 등 3개 기사,"프랑스 미스트랄, 삼성전자 주도로 4조7000억원 유치…몸값 33조원",https://biz.chosun.com/it-science/ict/2026/09/08/XQHKZGGEQND7ZJMZH7ILXPPLMM/,Chosunbiz,biz.chosun.com,"외국인 현·선물 5조원 샀다…삼성전자·SK하이닉스, '7천피' 앞 수급 지...",https://www.greened.kr/news/articleView.html?idxno=349463,네이버뉴스,greened.kr,"미래에셋, ETF 1위 삼성 맹추격…두 달 새 격차 9조원 줄었다",https://www.insightkorea.co.kr/news/articleView.html?idxno=254043,네이버뉴스,insightkorea.co.kr,미작성,미발행,,,,
489321bd8f67a330,2026-09-08,경제 · 미국 주식,일반,거래대금 20조 '뚝'…코스피 7000선에도 증시 '돈맥경화',네이버뉴스 등 3개 기사,거래대금 20조 '뚝'…코스피 7000선에도 증시 '돈맥경화',http://www.ftoday.co.kr/news/articleView.html?idxno=365023,네이버뉴스,ftoday.co.kr,7000선 뚫고 달리던 코스피 '급제동'… 유가·차익실현에 발목,http://www.the-biz.co.kr/news/articleView.html?idxno=727548,네이버뉴스,the-biz.co.kr,"코스피 오르는데 ""거꾸로 베팅""…개미들 2000억어치 '싹쓸이'",https://www.hankyung.com/article/2026090809717,한국경제 | 뉴스 | 증권,hankyung.com,미작성,미발행,,,,
80024e554456395d,2026-09-08,경제 · 미국 주식,일반,“반도체 전공 아니어도 됩니다”…SK하이닉스 ‘팹의 지휘자’가 찾는 인재는?,매일경제 : 기업/경영 등 3개 기사,“반도체 전공 아니어도 됩니다”…SK하이닉스 ‘팹의 지휘자’가 찾는 인재는?,https://www.mk.co.kr/news/business/12147119,매일경제 : 기업/경영,mk.co.kr,"코스피, 반도체 훈풍에 장중 7100선 위로…SK하이닉스 5%↑",https://www.hankyung.com/article/2026090811186,한국경제 | 뉴스 | 증권,hankyung.com,반도체 강세에 코스피 7000선 재돌파…하이닉스 3%↑,https://www.chosun.com/economy/money/2026/09/08/L2WXH53E25E6DBUTXTD3JSMAR4/?utm_source=naver&utm_medium=referral&utm_campaign=naver-news,네이버뉴스,chosun.com,미작성,미발행,,,,
bf6b96377e416cf2,2026-09-08,경제 · 미국 주식,일반,[속보] 잘 나가다 하락 반전…코스피 0.58%↓ 마감,한국경제 | 뉴스 | 증권 등 3개 기사,[속보] 잘 나가다 하락 반전…코스피 0.58%↓ 마감,https://www.hankyung.com/article/2026090816157,한국경제 | 뉴스 | 증권,hankyung.com,"코스피, 외국인·기관 순매수에 4.61% 급등···6995선 마감",https://www.smartbizn.com/news/articleView.html?idxno=153237,네이버뉴스,smartbizn.com,'칠천피' 5p 앞까지... 반도체 랠리에 코스피 4.61%↑ [마감시황],https://www.m-i.kr/news/articleView.html?idxno=1410918,네이버뉴스,m-i.kr,미작성,미발행,,,,
a21a718ff4673ec3,2026-09-08,경제 · 미국 주식,일반,"[경제 포커스] 두바이유 100달러 돌파… 정부, 물가 상승률 2.6% 관리에 ‘빨간불’",Chosunbiz 등 3개 기사,"[경제 포커스] 두바이유 100달러 돌파… 정부, 물가 상승률 2.6% 관리에 ‘빨간불’",https://biz.chosun.com/policy/policy_sub/2026/09/08/CAYNJ3ZOVFFXJIV5KKSFPYMDXU/,Chosunbiz,biz.chosun.com,[뉴욕 증시 포커스] 노동절 휴장…이번주 美 물가지표에 시선 집중,https://www.goodkyung.com/news/articleView.html?idxno=291109,네이버뉴스,goodkyung.com,"빛의위원회 80억, 동물복지원 10억…조직부터 만드는 정부 [김익환의 부처 핸즈업]",https://www.hankyung.com/article/202609066963i,한국경제 | 뉴스 | 증권,hankyung.com,미작성,미발행,,,,
5137814e69fb642f,2026-09-08,건강 · 최신 이슈,일반,﻿항생제 내성 병원체 우선 순위 첫 제시,네이버뉴스 등 3개 기사,﻿항생제 내성 병원체 우선 순위 첫 제시,https://www.dailymedi.com/news/news_view.php?wr_id=940296,네이버뉴스,dailymedi.com,"고대안암병원 교수팀, 국내 항생제 내성 병원체 대응 우선순위 제시",https://www.rapportian.com/news/articleView.html?idxno=240089,네이버뉴스,rapportian.com,국내 항생제 내성 병원체 대응 우선순위 체계적 제시 이뤄져,https://www.medipana.com/news/articleView.html?idxno=417243,네이버뉴스,medipana.com,미작성,미발행,,,,
54a388672760b3cc,2026-09-08,건강 · 최신 이슈,일반,"항생제 내성 평가체계 개발, 지속적 갱신 가능해 국가 정책에 활용 기대",네이버뉴스 등 3개 기사,"항생제 내성 평가체계 개발, 지속적 갱신 가능해 국가 정책에 활용 기대",https://www.edaily.co.kr/News/Read?newsId=02499366645578152&mediaCodeNo=257&utm_source=naver&utm_medium=referral&utm_campaign=news_syndication&utm_content=original_article,네이버뉴스,edaily.co.kr,국내 항생제 내성균 우선순위 첫 제시…3종 '긴급 대응',https://www.bosa.co.kr/news/articleView.html?idxno=3011680,네이버뉴스,bosa.co.kr,"고려대 안암병원 연구팀, 항생제 내성 병원체 대응 우선순위 제시",https://weekly.hankooki.com/news/articleView.html?idxno=7182979,네이버뉴스,weekly.hankooki.com,미작성,미발행,,,,
8aa110c3735a8731,2026-09-08,건강 · 최신 이슈,일반,인간 마이크로바이옴 연구성과 한자리에…국립보건연구원 성과교류회,네이버뉴스 등 3개 기사,인간 마이크로바이옴 연구성과 한자리에…국립보건연구원 성과교류회,https://www.hemophilia.co.kr/news/articleView.html?idxno=44333,네이버뉴스,hemophilia.co.kr,인체 미생물군집 연구성과 공유…국립보건연구원 성과교류회,https://www.yna.co.kr/view/AKR20260908099600530?input=1195m,네이버뉴스,yna.co.kr,"""여성 심혈관질환, 남성과 다르다""…아시아 연구자 한자리에",http://www.docdocdoc.co.kr/news/articleView.html?idxno=3042523,청년의사 - 전체기사,docdocdoc.co.kr,미작성,미발행,,,,
6fef16fb486c43a3,2026-09-08,건강 · 최신 이슈,일반,“콜록 콜록” 추석 앞두고 광주 독감 확산 ‘비상’,네이버뉴스 등 3개 기사,“콜록 콜록” 추석 앞두고 광주 독감 확산 ‘비상’,http://www.kjdaily.com/article.php?aid=1788778864686183005,네이버뉴스,kjdaily.com,"추석 앞두고 광주 인플루엔자 증가세…""호흡기 감염병 주의""",https://www.news1.kr/local/gwangju-jeonnam/6282408,네이버뉴스,news1.kr,"광주 독감 '5.7%→12.8%→13.2%', 3주째 상승…감염주의",https://www.newsis.com/view/NISX20260907_0003779420,네이버뉴스,newsis.com,미작성,미발행,,,,
c1bfec15e1533535,2026-09-08,건강 · 최신 이슈,일반,"""1~2번 맞으면 10년 면역""…알펙스바이오, 차세대 mRNA 백신 개발 도",네이버뉴스 등 3개 기사,"""1~2번 맞으면 10년 면역""…알펙스바이오, 차세대 mRNA 백신 개발 도",https://www.mt.co.kr/future/2026/09/07/2026090713264480832,네이버뉴스,mt.co.kr,"알펙스바이오, ‘1~2회 접종·10년 면역’ mRNA 백신 개발 나선다",https://www.hankyung.com/article/202609078047i,네이버뉴스,hankyung.com,"알펙스바이오, 한국형 ARPA-H 장기 면역 백신 개발 참여",https://www.biotimes.co.kr/news/articleView.html?idxno=34276,네이버뉴스,biotimes.co.kr,미작성,미발행,,,,
199b648073a0a0f4,2026-09-08,건강 · 최신 이슈,연예인 건강,"이상 순 건강 악화, 무리한 스케줄 탓이었나 “1년간 휴가 안 가” 발언...",네이버뉴스 등 3개 기사,"이상 순 건강 악화, 무리한 스케줄 탓이었나 “1년간 휴가 안 가” 발언...",https://www.newsen.com/news_view.php?uid=202609081219265710,네이버뉴스,newsen.com,"' 건강 이상 설' 이상 순, 라디오 활동 중단했는데... 제작진 SNS 올라온 깜...",https://www.insight.co.kr/news/572416,네이버뉴스,insight.co.kr,"이상 순, 라디오 중단 배경-제작진 싫어해도 휴가 안 가",https://www.mediafine.co.kr/news/articleView.html?idxno=89106,네이버뉴스,mediafine.co.kr,미작성,미발행,,,,
609673101cfffc25,2026-09-08,건강 · 최신 이슈,연예인 건강,"무대 위→목욕 중 실신… 이상 순 서정희 현아 채영 김정난, ‘미주신경’...",네이버뉴스 등 3개 기사,"무대 위→목욕 중 실신… 이상 순 서정희 현아 채영 김정난, ‘미주신경’...",https://www.newsen.com/news_view.php?uid=202609081211202310,네이버뉴스,newsen.com,무대 위 쓰러지고 턱 찢어지고…이상순 덮친 '미주신경 저하'에 고통받...,https://www.tvreport.co.kr/star/article/1074155/,네이버뉴스,tvreport.co.kr,“반신욕하다 쓰러져 이까지 깨졌다”…서정희· 이상 순이 겪은 ‘미주신...,https://www.segye.com/newsView/20260908500648?OutUrl=naver,네이버뉴스,segye.com,미작성,미발행,,,,
14808428546dfbec,2026-09-08,건강 · 최신 이슈,연예인 건강,"""이미 20억 받았잖아""…남은 10억 두고 삼형제 '유산전쟁'",네이버뉴스 등 3개 기사,"""이미 20억 받았잖아""…남은 10억 두고 삼형제 '유산전쟁'",https://www.edaily.co.kr/News/Read?newsId=02801126645578152&mediaCodeNo=257&utm_source=naver&utm_medium=referral&utm_campaign=news_syndication&utm_content=original_article,네이버뉴스,edaily.co.kr,20억 단독 증여받고 또 30% 달라는 형…남은 10억 상속 향방은,https://lawtalknews.co.kr/article/L6L0BDGLRM7S,네이버뉴스,lawtalknews.co.kr,"""이미 20억 챙긴 형, 30% 더 달라""...아버지 떠난 뒤 '유산전쟁'",https://www.ytn.co.kr/_ln/0103_202609072212114640,네이버뉴스,ytn.co.kr,미작성,미발행,,,,
34dc252c091add20,2026-09-08,건강 · 생활 건강 정보,일반,혈관 노화 막는 식품 5가지… 심장내과 전문의가 직접 꼽았다,네이버뉴스 등 3개 기사,혈관 노화 막는 식품 5가지… 심장내과 전문의가 직접 꼽았다,https://news.hidoc.co.kr/news/articleView.html?idxno=67063,네이버뉴스,news.hidoc.co.kr,콜레스테롤 걱정돼 끊은 ‘이것’…오히려 심장 전문의는 즐겨 먹었다 ...,https://www.sedaily.com/article/20087051?ref=naver,네이버뉴스,sedaily.com,“전 날 두 개씩 준비해둔다”… 심장 전문의가 매일 먹는 간식은?,https://health.chosun.com/site/data/html_dir/2026/09/03/2026090302232.html,네이버뉴스,health.chosun.com,미작성,미발행,,,,
b764b9cefe08b2b3,2026-09-08,건강 · 생활 건강 정보,일반,"김진국 순천향대 부천병원 교수, 투석혈관학회 회장 취임",네이버뉴스 등 3개 기사,"김진국 순천향대 부천병원 교수, 투석혈관학회 회장 취임",http://www.whosaeng.com/173506,네이버뉴스,whosaeng.com,"김진국 순천향대 부천병원 교수, 대한투석혈관학회 신임 회장 취임",https://news.tf.co.kr/read/national/2363072.htm,네이버뉴스,news.tf.co.kr,"순천향대부천병원 김진국 교수, 대한투석혈관학회 신임 회장 취임",http://www.bokuennews.com/news/article.html?no=283809,네이버뉴스,bokuennews.com,미작성,미발행,,,,
a54e6131e592d410,2026-09-08,건강 · 생활 건강 정보,일반,[헬스톡톡] 18홀 걸으면 평균 1만2000보…'골프'로 챙기는 중년 건강,네이버뉴스 등 3개 기사,[헬스톡톡] 18홀 걸으면 평균 1만2000보…'골프'로 챙기는 중년 건강,http://www.sisacast.kr/news/articleView.html?idxno=99666,네이버뉴스,sisacast.kr,[오늘의 운세] 2026년 9월 8일 (화) 띠별운세 '환절기 몸을 챙기자',http://www.dailypop.kr/news/articleView.html?idxno=101883,네이버뉴스,dailypop.kr,"[헬스 플러스+] ""특정 영양소 의존 대신 식습관으로 지키는 뇌 건강""",https://www.kado.net/news/articleView.html?idxno=2070489,네이버뉴스,kado.net,미작성,미발행,,,,
815d70ef946940d1,2026-09-08,건강 · 생활 건강 정보,일반,* 9월 8일 오늘의 운세 *,네이버뉴스 등 3개 기사,* 9월 8일 오늘의 운세 *,https://www.pointdaily.co.kr/news/articleView.html?idxno=317380,네이버뉴스,pointdaily.co.kr,오늘의 운세 띠별 운세 9월8일,https://www.bntnews.co.kr/article/view/bnt202609070271,네이버뉴스,bntnews.co.kr,오늘의 운세-띠별(9월8일),http://www.kjdaily.com/article.php?aid=1788793201686116227,네이버뉴스,kjdaily.com,미작성,미발행,,,,
1a862584003154b4,2026-09-08,건강 · 생활 건강 정보,일반,"""아침은 왕처럼"" 김신영, 매일 삼겹살·불고기... 전문가들이 경고한 이...",네이버뉴스 등 3개 기사,"""아침은 왕처럼"" 김신영, 매일 삼겹살·불고기... 전문가들이 경고한 이...",https://www.insight.co.kr/news/572469,네이버뉴스,insight.co.kr,"“매일 아침 먹는 청국장 덕에 변비, 감기 모르고 살아요”",https://shindonga.donga.com/3/all/13/6376762/1,네이버뉴스,shindonga.donga.com,"‘17kg 감량’ 김민하, 매일 아침 ‘의외의 루틴’ 있던데… 뭐야?",https://health.chosun.com/site/data/html_dir/2026/09/07/2026090702358.html,네이버뉴스,health.chosun.com,미작성,미발행,,,,
0862572799814cd5,2026-09-07,패션뷰티,일반,“명품 화장품 도 美 유통채널도…‘K뷰티 마케팅’ 뜨겁다,네이버뉴스 등 3개 기사,“명품 화장품 도 美 유통채널도…‘K뷰티 마케팅’ 뜨겁다,https://www.sedaily.com/article/20088137?ref=naver,네이버뉴스,sedaily.com,"뷰티 콘텐츠 즐기는 청소년, 화장품 사용량 40%↑…""화학물질 노출 주의...",https://news.hidoc.co.kr/news/articleView.html?idxno=67127,네이버뉴스,news.hidoc.co.kr,화장품 선물도 양극화…20만원대 명품부터 1만원대 실속형까지,http://www.4th.kr/news/articleView.html?idxno=2117592,네이버뉴스,4th.kr,미작성,미발행,,,,
035bb6eb4689880d,2026-09-07,패션뷰티,일반,"LG생활건강, 추석 맞아 화장품 선물세트 출시…가격대·제품군 다양화",네이버뉴스 등 3개 기사,"LG생활건강, 추석 맞아 화장품 선물세트 출시…가격대·제품군 다양화",https://www.thepublic.kr/news/articleView.html?idxno=317852,네이버뉴스,thepublic.kr,LG생활건강·애경산업·하림 '추석 선물세트' 출시…다양한 수요 겨냥,http://www.financialreview.co.kr/news/articleView.html?idxno=44654,네이버뉴스,financialreview.co.kr,프리미엄부터 실속 세트까지…'추석 선물' 경쟁 본격화,http://www.joseilbo.com/news/news_read.php?uid=575217&class=17&grp=,네이버뉴스,joseilbo.com,미작성,미발행,,,,
c435b5445129cdfd,2026-09-07,패션뷰티,일반,"'특허받은 성분 ' 내세웠지만… 화장품 지재권 허위표시 634건, 98.7%가 특허...",네이버뉴스 등 3개 기사,"'특허받은 성분 ' 내세웠지만… 화장품 지재권 허위표시 634건, 98.7%가 특허...",https://www.thepublic.kr/news/articleView.html?idxno=317826,네이버뉴스,thepublic.kr,‘특허받은 성분 ’ 믿었는데… 화장품 지재권 허위표시 634건 적발,https://www.thepowernews.co.kr/view.php?ud=202609071424571534de3f0aa1be_7,네이버뉴스,thepowernews.co.kr,화장품 지식재산권 허위표시 634건 적발…98.7%는 '특허권',http://www.srtimes.kr/news/articleView.html?idxno=211799,네이버뉴스,srtimes.kr,미작성,미발행,,,,
65f3f72d57be397d,2026-09-07,패션뷰티,일반,"""탈모 특허 믿었는데 없는 번호""…온라인 화장품 '가짜 특허' 판쳤다",네이버뉴스 등 3개 기사,"""탈모 특허 믿었는데 없는 번호""…온라인 화장품 '가짜 특허' 판쳤다",https://www.namdonews.com/news/articleView.html?idxno=922555,네이버뉴스,namdonews.com,"소비자원·지재처, 온라인 플랫폼서 '가짜 특허' 화장품 634건 적발",https://www.getnews.co.kr/news/articleView.html?idxno=880054,네이버뉴스,getnews.co.kr,“특허받은 샴푸라더니”…소비자 우롱한 가짜 특허 화장품 634건 덜미,https://www.dt.co.kr/article/12082554?ref=naver,네이버뉴스,dt.co.kr,미작성,미발행,,,,
ac2a25b108c18563,2026-09-07,카테크 · 자동차,일반,"한국폴리텍Ⅲ대학 춘천캠퍼스, 수시 1차 신입생 10월 1일까지 모집",네이버뉴스 등 3개 기사,"한국폴리텍Ⅲ대학 춘천캠퍼스, 수시 1차 신입생 10월 1일까지 모집",https://www.kwnews.co.kr/article/20260907501293,네이버뉴스,kwnews.co.kr,"한국폴리텍Ⅲ대학 춘천캠퍼스, 2027학년도 수시 1차 신입생 모집…신산...",https://www.kado.net/news/articleView.html?idxno=2071058,네이버뉴스,kado.net,"등록금 120만원·취업률 80.9%…춘천폴리텍, AI·바이오 신입생 모집",https://www.the-pr.co.kr/news/articleView.html?idxno=62546,네이버뉴스,the-pr.co.kr,미작성,미발행,,,,
6ac09e6d2efacff1,2026-09-07,카테크 · 자동차,일반,폭스바겐 골프 GTI 특별 금융 프로모션,모터그래프코리아 - 전체기사 등 3개 기사,폭스바겐 골프 GTI 특별 금융 프로모션,https://www.motorgraph.com/news/articleView.html?idxno=44461,모터그래프코리아 - 전체기사,motorgraph.com,"현대커머셜, 상용차주 비용 부담 줄인다⋯금융 프로그램 2종 출시",https://www.etoday.co.kr/news/view/2622661,네이버뉴스,etoday.co.kr,상용차주 위한 TCO 절감 금융 프로그램 출시 '현대커머셜',https://www.ilyoseoul.co.kr/news/articleView.html?idxno=522187,네이버뉴스,ilyoseoul.co.kr,미작성,미발행,,,,
48ef6f0e676fa386,2026-09-07,카테크 · 자동차,일반,"“K8·쏘렌토·투싼까지”…현대·기아 1.6 터보, 워터펌프 볼트 파손 주...",네이버뉴스 등 3개 기사,"“K8·쏘렌토·투싼까지”…현대·기아 1.6 터보, 워터펌프 볼트 파손 주...",https://thedrive.co.kr/news/newsview.php?ncode=1065603625962228,네이버뉴스,thedrive.co.kr,현대차 주춤 기아 질주…8월 판매 실적 ‘희비’,http://www.jndn.com/article.php?aid=1788769132439161113,네이버뉴스,jndn.com,"현대차·기아, 8월 美 전기차 판매 '뚝'…하이브리드로 버텼다",https://zdnet.co.kr/view/?no=20260907145726,네이버뉴스,zdnet.co.kr,미작성,미발행,,,,
3f9c4c2c0f3104fc,2026-09-07,카테크 · 자동차,일반,"GM한국사업장 헥터 비자레알 사장 등 경영진, 전국 서비스 현장 점검",네이버뉴스 등 3개 기사,"GM한국사업장 헥터 비자레알 사장 등 경영진, 전국 서비스 현장 점검",https://www.getnews.co.kr/news/articleView.html?idxno=880067,네이버뉴스,getnews.co.kr,"헥터 비자레알 GM 한국사업장 사장, 수원서비스센터 방문…정비 현장 살...",http://digitalchosun.dizzo.com/site/data/html_dir/2026/09/07/2026090780191.html,네이버뉴스,digitalchosun.dizzo.com,"한국GM, 경영진 현장 시찰로 고객 서비스 경쟁력 높인다",http://www.newslock.co.kr/news/articleView.html?idxno=135630,네이버뉴스,newslock.co.kr,미작성,미발행,,,,
f971dbf1de28e2a4,2026-09-07,카테크 · 자동차,일반,"""한국서 만들면 세금 400만원 깎아준다""… 전기차 도 '생산세액공제' 추진",네이버뉴스 등 3개 기사,"""한국서 만들면 세금 400만원 깎아준다""… 전기차 도 '생산세액공제' 추진",https://news.mtn.co.kr/news-detail/2026090716210243874,네이버뉴스,news.mtn.co.kr,"GM 한국사업장, 수원서비스센터 현장 점검…멀티브랜드· 전기차 정비 역...",https://www.megaeconomy.co.kr/news/newsview.php?ncode=1065598196714389,네이버뉴스,megaeconomy.co.kr,"BMW그룹, 순수 전기차 200만대 돌파…한국서도 프리미엄 1위",https://www.ddaily.co.kr/page/view/2026090709272984410,네이버뉴스,ddaily.co.kr,미작성,미발행,,,,
143b3b7caa962010,2026-09-07,카테크 · IT,일반,"화웨이, 최초 개발한 고성능 칩 공개…“ 스마트폰 신제품 에 장착”",네이버뉴스 등 3개 기사,"화웨이, 최초 개발한 고성능 칩 공개…“ 스마트폰 신제품 에 장착”",https://www.edaily.co.kr/News/Read?newsId=04001606645577824&mediaCodeNo=257&utm_source=naver&utm_medium=referral&utm_campaign=news_syndication&utm_content=original_article,네이버뉴스,edaily.co.kr,"화웨이 6년만에 차세대 칩 공개, 美제재 맞서 '반도체 쌓기' 승부수",https://www.mt.co.kr/world/2026/09/07/2026090716181278076,네이버뉴스,mt.co.kr,"스마트폰 업계에 분 폴더블 경쟁…애플, 첫 폴더블 제품 공개 예고",https://www.sidae.com/article/2026090716145159473,네이버뉴스,sidae.com,미작성,미발행,,,,
6f0b4ac517fbf228,2026-09-07,카테크 · IT,일반,애플 첫 폴더블 출시 전부터 삐걱…화웨이·샤오미는 신형 꺼냈다,네이버뉴스 등 3개 기사,애플 첫 폴더블 출시 전부터 삐걱…화웨이·샤오미는 신형 꺼냈다,https://www.sedaily.com/article/20088093?ref=naver,네이버뉴스,sedaily.com,"""애플 참전 앞두고…"" 화웨이·샤오미, 폴더블폰 신작 출격",https://www.ajunews.com/view/20260907163131438,네이버뉴스,ajunews.com,애플 첫 폴더블폰 출격 앞두고 화웨이·샤오미 맞불…중국 시장 경쟁 격...,https://www.ebn.co.kr/news/articleView.html?idxno=1723305,네이버뉴스,ebn.co.kr,미작성,미발행,,,,
18c12f58077beb49,2026-09-07,카테크 · IT,일반,애플 가세에 폴더블폰 시장 커진다… 누적 출하 1억대 돌파 전망,네이버뉴스 등 3개 기사,애플 가세에 폴더블폰 시장 커진다… 누적 출하 1억대 돌파 전망,https://it.chosun.com/news/articleView.html?idxno=2023092169657,네이버뉴스,it.chosun.com,폴더블폰 출하량 누적 1억 대 전망…삼성 1위 수성 속 애플 진입,https://www.ebn.co.kr/news/articleView.html?idxno=1723309,네이버뉴스,ebn.co.kr,"[중국 특징주] 화웨이·샤오미, 애플 폴더블 아이폰 공개 앞두고 '선제 ...",https://www.newspim.com/news/view/20260907001161,네이버뉴스,newspim.com,미작성,미발행,,,,
29910867f3e500aa,2026-09-07,카테크 · IT,일반,"경동나비엔, 양모 커버 '나비엔 숙면매트' 2종 출시",네이버뉴스 등 3개 기사,"경동나비엔, 양모 커버 '나비엔 숙면매트' 2종 출시",https://www.newspost.kr/news/articleView.html?idxno=225499,네이버뉴스,newspost.kr,"경동나비엔, 양모 커버 적용 '나비엔 숙면매트' 출시",http://www.wowtv.co.kr/NewsCenter/News/Read?articleId=A202609070352&t=NN,네이버뉴스,wowtv.co.kr,"경동나비엔, 나비엔 숙면매트 신제품 출시…양모 커버 적용",https://www.sentv.co.kr/article/view/sentv202609070165,네이버뉴스,sentv.co.kr,미작성,미발행,,,,
3cc4a250375f6178,2026-09-07,카테크 · IT,일반,"""숙면부터 리빙, 가전까지""...경동나비엔·코웨이·SK매직 外 가을맞이·...",네이버뉴스 등 3개 기사,"""숙면부터 리빙, 가전까지""...경동나비엔·코웨이·SK매직 外 가을맞이·...",http://www.dailypop.kr/news/articleView.html?idxno=102328,네이버뉴스,dailypop.kr,[뉴스워커_경동나비엔] '숙면매트' 신제품 출시…커버에 호주산 양모 적...,https://www.newsworker.co.kr/news/articleView.html?idxno=503009,네이버뉴스,newsworker.co.kr,"[ 신제품 ·신기술]경동나비엔, 탈부착 양모커버 적용 ‘나비엔 숙면매트...",https://biz.heraldcorp.com/article/10865417?ref=naver,네이버뉴스,biz.heraldcorp.com,미작성,미발행,,,,
14c5dc4e8268ab2a,2026-09-07,스포츠,일반,"하남, 코펜하겐·함부르크서 '잘사는 도시' 해법 찾았다",네이버뉴스 등 3개 기사,"하남, 코펜하겐·함부르크서 '잘사는 도시' 해법 찾았다",https://www.hankyung.com/article/202609079641h,네이버뉴스,hankyung.com,"[위클리오늘] 하남시, 코펜하겐·함부르크·프랑크푸르트서 도시 경쟁력...",http://www.weeklytoday.com/news/articleView.html?idxno=793410,네이버뉴스,weeklytoday.com,"하남시, 유럽 선진도시 벤치마킹···'살기 좋고 잘사는 도시' 전략 모...",https://www.kmaeil.com/news/articleView.html?idxno=650843,네이버뉴스,kmaeil.com,미작성,미발행,,,,
5cc5f3d2842f621a,2026-09-07,스포츠,일반,"女 축구 , 아시안게임 목표는 메달 색깔 바꾸기",네이버뉴스 등 3개 기사,"女 축구 , 아시안게임 목표는 메달 색깔 바꾸기",https://sports.khan.co.kr/article/202609071843003?pt=nv,네이버뉴스,sports.khan.co.kr,"여자 축구 , 아시안게임 앞두고 최종 담금질⋯“메달 색깔 바꾸겠다”",https://www.etoday.co.kr/news/view/2622786,네이버뉴스,etoday.co.kr,"여자 축구 대표팀, AG 대비 최종 소집훈련…""메달 색깔 바꾸겠다""",https://www.yna.co.kr/view/AKR20260907148100007?input=1195m,네이버뉴스,yna.co.kr,미작성,미발행,,,,
b6a2e60d860b1514,2026-09-07,스포츠,일반,42 vs 40! MLB 홈런왕 전쟁 불 붙었다→슈와버 42호포 vs PCA 40호포,네이버뉴스 등 3개 기사,42 vs 40! MLB 홈런왕 전쟁 불 붙었다→슈와버 42호포 vs PCA 40호포,https://www.mydaily.co.kr/page/view/2026090710383808889,네이버뉴스,mydaily.co.kr,"MLB 컵스 크로암스트롱, 시즌 40호 홈런 달성",https://www.joongangenews.com/news/articleView.html?idxno=546204,네이버뉴스,joongangenews.com,"김도영, 40홈런 못 쳤지만… 4안타로 팀 3연승 견인",https://www.bntnews.co.kr/article/view/bnt202609070266,네이버뉴스,bntnews.co.kr,미작성,미발행,,,,
f9f00e60733a18f0,2026-09-07,스포츠,일반,"""걸스데이 발언, 특정인 향한 것 아냐"" 심판위 해명에...선수협 ""깊은 유...",네이버뉴스 등 3개 기사,"""걸스데이 발언, 특정인 향한 것 아냐"" 심판위 해명에...선수협 ""깊은 유...",https://www.newspim.com/news/view/20260907001165,네이버뉴스,newspim.com,"“지소연 아닌 선수 전체 향한 발언”… 선수협, 심판위원장 대행 해명...",https://www.sportsworldi.com/newsView/20260907516449,네이버뉴스,sportsworldi.com,“걸스데이? 지소연 아닌 선수 전체 향한 것” 심판위 해명 논란,https://www.joongang.co.kr/article/25459805,네이버뉴스,joongang.co.kr,미작성,미발행,,,,
eae842612b43a612,2026-09-07,방송연예,일반,"충주맨 김선태 '즉흥여행' 영상에 누리꾼 ""타이밍 보소""",네이버뉴스 등 3개 기사,"충주맨 김선태 '즉흥여행' 영상에 누리꾼 ""타이밍 보소""",http://mbn.mk.co.kr/pages/news/newsView.php?category=mbn00009&news_seq_no=5217548,네이버뉴스,mbn.mk.co.kr,"'충주맨' 김선태, 절묘한 즉흥여행…'나혼산' 논란 겨냥했나",https://www.newsis.com/view/NISX20260907_0003779210,연예,newsis.com,"도경수(D.O.), 새 타이틀곡 ‘Guitarist(기타리스트)’ 감각적인 영상미",https://sports.khan.co.kr/article/202609071452003?pt=nv,네이버뉴스,sports.khan.co.kr,미작성,미발행,,,,
0d7149b588560af8,2026-09-07,방송연예,일반,"숫자는 거들 뿐…빠니보틀→민아→레이디제인, '10세 이상' 나이 차 공개...",네이버뉴스 등 3개 기사,"숫자는 거들 뿐…빠니보틀→민아→레이디제인, '10세 이상' 나이 차 공개...",https://mhnse.com/news/articleView.html?idxno=1529984,네이버뉴스,mhnse.com,"빠니보틀, 여자친구 나이 정정 ""13살 아닌 10살 차이""",https://www.hankookilbo.com/news/article/A2026090716490005968?did=NA,네이버뉴스,hankookilbo.com,"빠니보틀, ♥여친과 '13살 차이' 나이었다 …""10살 차이, 나이 말한 적 ...",https://www.xportsnews.com/article/2193097,네이버뉴스,xportsnews.com,미작성,미발행,,,,
7eab72b640ebf30b,2026-09-07,방송연예,일반,"사카구치 켄타로, 비연예인 여성과 결혼…사생활 논란 1년 만",네이버뉴스 등 3개 기사,"사카구치 켄타로, 비연예인 여성과 결혼…사생활 논란 1년 만",https://news.jtbc.co.kr/article/NB12317147?influxDiv=NAVER,네이버뉴스,news.jtbc.co.kr,"사카구치 켄타로, 품절남 됐다…""교제 중이던 비연예인 여성과 결혼""",https://news.sbs.co.kr/news/endPage.do?news_id=N1008741150&plink=RSSLINK&cooper=RSSREADER,방송/연예 - SBS 뉴스 섹션,news.sbs.co.kr,"'양다리 의혹→결혼' 사카구치 켄타로, 이준기와 호흡... '키드냅 게임'...",https://www.insight.co.kr/news/572272,네이버뉴스,insight.co.kr,미작성,미발행,,,,
0e7617c2ad24e2af,2026-09-07,방송연예,일반,"‘하이킥’ 막내→이중계약 위약금… ‘결혼 발표’ 백진희, 다사다난 ...",네이버뉴스 등 3개 기사,"‘하이킥’ 막내→이중계약 위약금… ‘결혼 발표’ 백진희, 다사다난 ...",https://www.sportsseoul.com/news/read/1633432?ref=naver,네이버뉴스,sportsseoul.com,"[센터엔터] 배우 백진희, 내년 1월 일반인 남성과 결혼 外",https://www.yonhapnewstv.co.kr/news/MYH2026090713023615k,연합뉴스TV :: 대한민국 뉴스의 시작. 채널 23 » 문화·연예,yonhapnewstv.co.kr,"백진희, 내년 1월 23일 결혼…한국-캐나다 장거리 연애 결실",https://news.sbs.co.kr/news/endPage.do?news_id=N1008740566&plink=RSSLINK&cooper=RSSREADER,방송/연예 - SBS 뉴스 섹션,news.sbs.co.kr,미작성,미발행,,,,
8533850073b9a6ec,2026-09-07,방송연예,일반,"""우리 결혼할까, 헤어질까""…서강준·안은진의 현실 공감 멜로",연예 등 3개 기사,"""우리 결혼할까, 헤어질까""…서강준·안은진의 현실 공감 멜로",https://www.newsis.com/view/NISX20260907_0003779400,연예,newsis.com,"'대상 배우' 서강준, '너다연'으로 멜로 기강 잡는다 [SQ현장]",http://www.sportsq.co.kr/news/articleView.html?idxno=498123,네이버뉴스,sportsq.co.kr,"""볼 맛 나는"" 서강준·안은진, 10년 '짬바' 연애기 '너 말고 다른 연애'...",http://www.tvdaily.co.kr/read.php3?aid=17887623741801160002,네이버뉴스,tvdaily.co.kr,미작성,미발행,,,,
d7c33c44a556de74,2026-09-07,리빙,일반,"“ 전기 아끼면 환급”⋯ 삼성·LG, ‘AI 홈’ 활용 스마트 가전 캐시백 경...",네이버뉴스 등 3개 기사,"“ 전기 아끼면 환급”⋯ 삼성·LG, ‘AI 홈’ 활용 스마트 가전 캐시백 경...",https://www.viva100.com/article/20260902500752,네이버뉴스,viva100.com,"주말 낮에 세탁기 돌리고 전기요금 아끼세요…삼성, '스마트 가전 캐시백...",https://view.asiae.co.kr/article/2026090108345246834,네이버뉴스,view.asiae.co.kr,"삼성전자, 'AI 에너지 절약 ' 본격화...스마트 가전 으로 전기요금 아끼고...",https://www.aitimes.kr/news/articleView.html?idxno=41687,네이버뉴스,aitimes.kr,미작성,미발행,,,,
0e28527bf4b2dc96,2026-09-07,고생물,일반,2천년대 보성서 찾은 공룡 뼈... '국내 유일' 가치 인정받기까지,네이버뉴스 등 3개 기사,2천년대 보성서 찾은 공룡 뼈... '국내 유일' 가치 인정받기까지,https://www.polinews.co.kr/news/articleView.html?idxno=742413,네이버뉴스,polinews.co.kr,"보성서 찾은 한반도 최초 조각류 공룡 골격, 천연기념물 됐다",https://www.newsis.com/view/NISX20260907_0003779031,네이버뉴스,newsis.com,"'코리아' 학명 인정된 공룡 화석 ... 보성 골격 화석 , 마침내 천연기념물...",https://www.insight.co.kr/news/571980,네이버뉴스,insight.co.kr,미작성,미발행,,,,
22dbd843a24d5a16,2026-09-07,경제 · 한국 주식,일반,에버굿 ‘프리미엄 과일 수출 확대 논의’ 美 코스트코 본사 바이어 방한,매일경제 : 기업/경영 등 3개 기사,에버굿 ‘프리미엄 과일 수출 확대 논의’ 美 코스트코 본사 바이어 방한,https://www.mk.co.kr/news/business/12146145,매일경제 : 기업/경영,mk.co.kr,[ 증시 프리즘] 개인 매도폭탄 뚫고 코스피 4.6% 급등…7000선 턱밑,https://www.moneystorm.kr/news/articleView.html?idxno=6287,네이버뉴스,moneystorm.kr,[ 오늘 의 신문] 수출 7094억달러·K바이오 기술수출 21조…호르무즈 파병...,http://kor.theasian.asia/archives/414811,네이버뉴스,kor.theasian.asia,미작성,미발행,,,,
47f96ed1e4210214,2026-09-07,경제 · 한국 주식,일반,"써니웨이브텍 ‘오로라 MSC’, 독일 SMM 2026서 글로벌 시장 공략",매일경제 : 기업/경영 등 3개 기사,"써니웨이브텍 ‘오로라 MSC’, 독일 SMM 2026서 글로벌 시장 공략",https://www.mk.co.kr/news/business/12146069,매일경제 : 기업/경영,mk.co.kr,"골드만삭스 "" 코스피 1만2000 간다""… 메모리 실적 사이클 시장 예상보다...",https://biz.newdaily.co.kr/site/data/html/2026/09/07/2026090700284.html,네이버뉴스,biz.newdaily.co.kr,"골드만 "" 코스피 1만2000 간다…시장, AI 메모리 호황 과소평가""",https://www.news1.kr/world/northeast-asia/6281885,네이버뉴스,news1.kr,미작성,미발행,,,,
98678fe3f923e864,2026-09-07,경제 · 한국 주식,일반,"“1876만 달러 수출상담 성과”…서부발전, 인니·말레이 발전시장 진출 지원",매일경제 : 기업/경영 등 3개 기사,"“1876만 달러 수출상담 성과”…서부발전, 인니·말레이 발전시장 진출 지원",https://www.mk.co.kr/news/business/12145930,매일경제 : 기업/경영,mk.co.kr,"JB금융, 인니 전기차금융 진출…부코핀파이낸스 최종 인수",https://www.hankyung.com/article/2026090794641,한국경제 | 뉴스 | 경제,hankyung.com,"美 CPI 앞두고 亞 AI주 반등·유가 97달러…韓 경제, 수출 호재와 비용 ...",https://sateconomy.co.kr/news/view/1065590771977683,네이버뉴스,sateconomy.co.kr,미작성,미발행,,,,
380f5eec61b1f97a,2026-09-07,경제 · 한국 주식,일반,"'IPO 대어' 무신사, 코스피 상장예비심사 신청",한국경제 | 뉴스 | 증권 등 3개 기사,"'IPO 대어' 무신사, 코스피 상장예비심사 신청",https://www.hankyung.com/article/2026090796526,한국경제 | 뉴스 | 증권,hankyung.com,"[MM] ‘IPO 대어’ 무신사, 코스피 상장 예심 청구…몸값 8조원 안팎 관측",https://biz.chosun.com/moneymove/minvestment/2026/09/07/VLHMHZROHNCBZHFNX5QU5XUYCM/,Chosunbiz,biz.chosun.com,"[공시] 9월 8일, 코스닥 상장사 67개 종목 자사주 매수 신청",https://www.newstnt.com/news/articleView.html?idxno=717099,네이버뉴스,newstnt.com,미작성,미발행,,,,
32732c1aae47fe7b,2026-09-07,경제 · 한국 주식,일반,"""상장 임박·고수익"" 속지 마세요…비상장 주식 투자 주의",네이버뉴스 등 3개 기사,"""상장 임박·고수익"" 속지 마세요…비상장 주식 투자 주의",https://www.junggi.co.kr/news/articleView.html?idxno=37687,네이버뉴스,junggi.co.kr,"""'상장 임박' 믿지 마세요""…금감원, 비상장 주식 투자 주의 당부",http://www.newsfc.co.kr/news/articleView.html?idxno=80959,네이버뉴스,newsfc.co.kr,‘나스닥 상장 임박’ 이라고?…금감원 “비상장 주식 투자 주의해야”,https://www.mk.co.kr/article/12146379,네이버뉴스,mk.co.kr,미작성,미발행,,,,
b8bc060090d3c552,2026-09-07,경제 · 한국 정책 이슈,일반,"전북도, 2차 공공기관 이전 총력 '기관 유치·법 개정' 투트랙",네이버뉴스 등 3개 기사,"전북도, 2차 공공기관 이전 총력 '기관 유치·법 개정' 투트랙",http://www.domin.co.kr/news/articleView.html?idxno=1567949,네이버뉴스,domin.co.kr,"전북도, 2차 공공기관 이전 앞두고 금융 기관 유치·법 개정 '투트랙'",https://news.tf.co.kr/read/national/2362957.htm,네이버뉴스,news.tf.co.kr,"전북도, 금융 공공기관 유치 총력…'소재지 법률 개정' 투트랙 전략",https://www.news1.kr/local/jeonbuk/6282414,네이버뉴스,news1.kr,미작성,미발행,,,,
2ad12fa90b5d21bf,2026-09-07,경제 · 한국 정책 이슈,일반,이형일 부총리 후보자 “이번주에 ‘추석 민생안정대책’ 보완해 발표”,매일경제 : 경제 등 3개 기사,이형일 부총리 후보자 “이번주에 ‘추석 민생안정대책’ 보완해 발표”,https://www.mk.co.kr/news/economy/12145973,매일경제 : 경제,mk.co.kr,"구윤철 ""세제 개편·추석 민생대책 등 후속 조치 빈틈없이 챙겨야""",https://biz.sbs.co.kr/article_hub/20000333232?division=NAVER,네이버뉴스,biz.sbs.co.kr,"구윤철 부총리 "" 정책 발표 에 그치지 않도록 후속 조치 챙겨야""",https://www.ebn.co.kr/news/articleView.html?idxno=1723307,네이버뉴스,ebn.co.kr,미작성,미발행,,,,
b3840346c8c57ac3,2026-09-07,경제 · 한국 정책 이슈,일반,“수출 그대로인데 실적 확 깎인다고?”…환율 급락이 만든 삼전 ‘5조원 충격’,매일경제 : 경제 등 3개 기사,“수출 그대로인데 실적 확 깎인다고?”…환율 급락이 만든 삼전 ‘5조원 충격’,https://www.mk.co.kr/news/economy/12146298,매일경제 : 경제,mk.co.kr,"1330원대 터치한 환율, 수출기업은 실적 ‘비상’",https://www.chosun.com/economy/stock-finance/2026/09/07/GO5ARRQOCBE6JOK5E47KFMYH2A/?utm_source=naver&utm_medium=referral&utm_campaign=naver-news,네이버뉴스,chosun.com,"""삼전닉스 실적 더 간다""…AI 투자 폭증에 메모리 공급 '빡빡'",https://www.hankyung.com/article/2026090793647,한국경제 | 뉴스 | 경제,hankyung.com,미작성,미발행,,,,
1996cc90baf4832e,2026-09-07,경제 · 한국 정책 이슈,일반,“강남 말고 광명”… 서울 갈아타기 수요에 집값 28.4%↑,네이버뉴스 등 3개 기사,“강남 말고 광명”… 서울 갈아타기 수요에 집값 28.4%↑,https://www.kyeongin.com/article/1770394,네이버뉴스,kyeongin.com,집값 안 꺾이면 2030년 서울 22개구 종부세…비강남권도 사정권,https://www.thepublic.kr/news/articleView.html?idxno=317869,네이버뉴스,thepublic.kr,서울 아파트 거래 10건 중 9건 '비강남'…강남 3구 비중 연중 최저,https://www.sisajournal.com/news/articleView.html?idxno=386351,네이버뉴스,sisajournal.com,미작성,미발행,,,,
ef308a174e32ef0b,2026-09-07,경제 · 한국 정책 이슈,일반,8·3대책 여파 강남3구 수억원씩 뚝뚝… 8월 신고가 100건대,네이버뉴스 등 3개 기사,8·3대책 여파 강남3구 수억원씩 뚝뚝… 8월 신고가 100건대,https://www.fnnews.com/news/202609071832175250,네이버뉴스,fnnews.com,"""8월 서울 아파트 매매거래, 10건 중 9건 강남3구 이외 지역""",https://www.yna.co.kr/view/AKR20260907067500003?input=1195m,네이버뉴스,yna.co.kr,“압구정 10억 빠져도 안 팔린다” 강남서 ‘10년 넘은 집’ 매도 34% 급...,https://biz.heraldcorp.com/article/10864629?ref=naver,네이버뉴스,biz.heraldcorp.com,미작성,미발행,,,,
368b04549b33139b,2026-09-07,경제 · 재테크,일반,시장 뒤흔든 '채권금리 발작'…증시 영향 및 투자 전략은,한국경제 | 뉴스 | 증권 등 3개 기사,시장 뒤흔든 '채권금리 발작'…증시 영향 및 투자 전략은,https://www.hankyung.com/article/202609066692i,한국경제 | 뉴스 | 증권,hankyung.com,"[현장] 민주당 K-자본시장특위 '장기 투자 시장' 토론회, '베어허그' 법안...",https://www.businesspost.co.kr/BP?command=article_view&num=446445,네이버뉴스,businesspost.co.kr,"[ 투자 노하우] 퀀트, 수학적·통계적 분석 활용해 투자 전략 수립",https://biz.sbs.co.kr/article_hub/20000332617?division=NAVER,네이버뉴스,biz.sbs.co.kr,미작성,미발행,,,,
b45ffeb0bd2e60b4,2026-09-07,경제 · 재테크,일반,"“토스증권 첫 연임 CEO 나온다”…김규빈 2기, 1000만 고객 수익화가 승...",네이버뉴스 등 3개 기사,"“토스증권 첫 연임 CEO 나온다”…김규빈 2기, 1000만 고객 수익화가 승...",https://www.ddaily.co.kr/page/view/2026090711060168622,네이버뉴스,ddaily.co.kr,김규빈 2기 앞둔 토스증권…1000만 고객 다음 숙제는 '전산 신뢰',https://www.newsway.co.kr/news/view?ud=2026090413024295951,네이버뉴스,newsway.co.kr,100년 평균 수익률 10%… 변동성 장세 속 미국 지수로 살아남기,https://www.mt.co.kr/stock/2026/09/05/2026090510142829570,네이버뉴스,mt.co.kr,미작성,미발행,,,,
93586aa93b23e3ba,2026-09-07,경제 · 재테크,일반,"iM증권, 절세 계좌 및 퇴직 연금 ETF 거래 이벤트",네이버뉴스 등 3개 기사,"iM증권, 절세 계좌 및 퇴직 연금 ETF 거래 이벤트",https://biz.heraldcorp.com/article/10864672?ref=naver,네이버뉴스,biz.heraldcorp.com,"KB증권, 퇴직 연금 계좌 국채 투자 서비스 도입",http://www.updownnews.co.kr/news/articleView.html?idxno=318642,네이버뉴스,updownnews.co.kr,"현대차증권, 연말 절세 수요 공략…ISA·IRP 이벤트",https://www.thepublic.kr/news/articleView.html?idxno=317635,네이버뉴스,thepublic.kr,미작성,미발행,,,,
bd91a4107b7d6187,2026-09-07,경제 · 재테크,일반,[오늘의 증권] 키움증권·하나증권·KB증권·한국투자증권·신한투자증...,네이버뉴스 등 3개 기사,[오늘의 증권] 키움증권·하나증권·KB증권·한국투자증권·신한투자증...,http://www.financialreview.co.kr/news/articleView.html?idxno=44653,네이버뉴스,financialreview.co.kr,[증권가로수] 하나증권/신한증권/LS증권/DB증권/다올 투자 증권/KB증권·운...,https://www.dnews.co.kr/uhtml/view.jsp?idxno=202609070907337620852,네이버뉴스,dnews.co.kr,[더밸류 브리핑] 오늘의 증권사 소식...NH 투자 증권·현대차증권·BNK 투자 ...,http://www.thevaluenews.co.kr/news/view.php?idx=201340,네이버뉴스,thevaluenews.co.kr,미작성,미발행,,,,
b13f2aab4bf888ab,2026-09-07,경제 · 재테크,일반,"R&D에 年 10만원, 기술인력은 줄퇴사",한국경제 | 뉴스 | 경제 등 3개 기사,"R&D에 年 10만원, 기술인력은 줄퇴사",https://www.hankyung.com/article/2026090794931,한국경제 | 뉴스 | 경제,hankyung.com,"SK증권, 최대 100만원 혜택 'IRP/ 연금 저축 이벤트' 10월까지",https://www.financialpost.co.kr/news/articleView.html?idxno=273868,네이버뉴스,financialpost.co.kr,"“지난달은 500만원, 이번달은 100만원”…프리랜서 돈 관리법",https://www.nongmin.com/article/20260831500532,네이버뉴스,nongmin.com,미작성,미발행,,,,
d6a44c3dbde781d4,2026-09-07,경제 · 부동산,일반,청약 통장 외면에 주택도시기금도 줄어든다,네이버뉴스 등 3개 기사,청약 통장 외면에 주택도시기금도 줄어든다,https://www.busan.com/view/busan/view.php?code=2026090718152567866,네이버뉴스,busan.com,"장종태 의원, 주택도시보증공사 청약 통장 해지 원인 별도 조사·분석 4년...",https://www.newstnt.com/news/articleView.html?idxno=716960,네이버뉴스,newstnt.com,""" 청약 통장 떠나는 국민...4년째 경고음에도 '탈 청약 ' 분석 없어""",https://weekly.hankooki.com/news/articleView.html?idxno=7182909,네이버뉴스,weekly.hankooki.com,미작성,미발행,,,,
7b39893cce96d289,2026-09-07,경제 · 부동산,일반,"청약 땐 ‘서민’ 검증, 분양 땐 ‘부자’에게만 판다?…‘뉴홈 선택형...",네이버뉴스 등 3개 기사,"청약 땐 ‘서민’ 검증, 분양 땐 ‘부자’에게만 판다?…‘뉴홈 선택형...",https://slownews.kr/166051,네이버뉴스,slownews.kr,"""6년 살고 분양 받으라더니""…선택형 공공임대, 자금 부담 논란",https://www.newspim.com/news/view/20260907000622,네이버뉴스,newspim.com,"정희용, '뉴홈 피해 방지법' 발의… 분양 계약자 피해 정부 지원 근거 마...",http://www.sisafocus.co.kr/news/articleView.html?idxno=364637,네이버뉴스,sisafocus.co.kr,미작성,미발행,,,,
f250e89db5b1699c,2026-09-07,경제 · 부동산,일반,"정희용 의원, 공공주택 피해 구제 법안 추진…""정부가 금융지원 나서야...",네이버뉴스 등 3개 기사,"정희용 의원, 공공주택 피해 구제 법안 추진…""정부가 금융지원 나서야...",https://www.dkilbo.com/news/articleView.html?idxno=553537,네이버뉴스,dkilbo.com,"정희용 의원,'뉴홈 피해 방지법'발의",https://www.hidomin.com/news/articleView.html?idxno=720078,네이버뉴스,hidomin.com,"정희용, '뉴홈 방지법' 발의…""조건 변경에 피해 보면 정부지원""",https://www.yna.co.kr/view/AKR20260907075800001?input=1195m,네이버뉴스,yna.co.kr,미작성,미발행,,,,
0306ff5f9057d83c,2026-09-07,경제 · 부동산,일반,대출· 세금 압박에… 2주택자 비중 44개월 만에 '최저',네이버뉴스 등 3개 기사,대출· 세금 압박에… 2주택자 비중 44개월 만에 '최저',https://www.pinpointnews.co.kr/news/articleView.html?idxno=484707,네이버뉴스,pinpointnews.co.kr,"“다주택자 다 죽게 생겼다” 2주택자 비중, 44개월 만에 최저 [ 부동산 3...",https://biz.heraldcorp.com/article/10863796?ref=naver,네이버뉴스,biz.heraldcorp.com,대출·세제 규제에 서울 아파트 거래 '뚝'…강남3구 비중 최저,https://www.newspim.com/news/view/20260907000266,네이버뉴스,newspim.com,미작성,미발행,,,,
1140cb69bd3170c9,2026-09-07,경제 · 부동산,일반,9·7대책 1년...'머뭇' 사이 서울 집값 64주 연속 ↑,네이버뉴스 등 3개 기사,9·7대책 1년...'머뭇' 사이 서울 집값 64주 연속 ↑,https://www.ytn.co.kr/_ln/0102_202609071710221922,네이버뉴스,ytn.co.kr,"""서울서 더는 못 살겠다"" 절규…'특단의 대책' 촉구한 오세훈",https://www.hankyung.com/article/2026090787897,네이버뉴스,hankyung.com,"계산기부터 켠다…서울 집값 , 예산 따라 온도차",http://www.segyebiz.com/newsView/20260907501793?OutUrl=naver,네이버뉴스,segyebiz.com,미작성,미발행,,,,
15e655dc64065982,2026-09-07,경제 · 미국 주식,일반,오픈AI 훈풍에 반도체주 급등…코스피 '7천선' 눈앞,네이버뉴스 등 3개 기사,오픈AI 훈풍에 반도체주 급등…코스피 '7천선' 눈앞,https://www.koreareport.co.kr/news/articleView.html?idxno=52689,네이버뉴스,koreareport.co.kr,[코스피·코스닥지수] 오픈AI發 AI 훈풍에 미국 반도체주가 급등…코스...,https://www.lecturernews.com/news/articleView.html?idxno=210180,네이버뉴스,lecturernews.com,반도체 훈풍에 금융시장 '요동'…코스피 7000선 눈앞·환율 1340원대,https://www.youthdaily.co.kr/news/article.html?no=226577,네이버뉴스,youthdaily.co.kr,미작성,미발행,,,,
14e419431abf9426,2026-09-07,경제 · 미국 주식,일반,"엄기준, 11년 만에 日 팬미팅…'절친' 김법래 도쿄까지 게스트 출격",Chosunbiz 등 3개 기사,"엄기준, 11년 만에 日 팬미팅…'절친' 김법래 도쿄까지 게스트 출격",https://biz.chosun.com/entertainment/enter_general/2026/09/07/ME4TCMBQMM4TAOBVGZQTQZRVGM/,Chosunbiz,biz.chosun.com,"원/달러 환율 1년 11개월 만에 최저…""1320원대 추가 하락 가능""",https://www.mt.co.kr/economy/2026/09/07/2026090716062142937,네이버뉴스,mt.co.kr,원·달러 환율 1340원선 붕괴…1년11개월 만에 1330원대,http://www.wikileaks-kr.org/news/articleView.html?idxno=191716,네이버뉴스,wikileaks-kr.org,미작성,미발행,,,,
39d9e96151e1228d,2026-09-07,경제 · 미국 주식,일반,[포토] 급등한 코스피…7000 다시 넘을까,한국경제 | 뉴스 | 증권 등 3개 기사,[포토] 급등한 코스피…7000 다시 넘을까,https://www.hankyung.com/article/2026090795231,한국경제 | 뉴스 | 증권,hankyung.com,'아스트라 효과' 코스피 4.61% 급등…7000선 코앞,https://www.goodkyung.com/news/articleView.html?idxno=291094,네이버뉴스,goodkyung.com,"코스피,4.6% 급등해 6,995선 회복…환율 23개월만에 1,330원대",http://www.seouleconews.com/news/articleView.html?idxno=93591,네이버뉴스,seouleconews.com,미작성,미발행,,,,
1e6c6530404c9c2b,2026-09-07,경제 · 미국 주식,일반,"[더나은미래 경제브리핑] 코스피, 외인·기관 5조 매수에 4%대 급등...전...",네이버뉴스 등 3개 기사,"[더나은미래 경제브리핑] 코스피, 외인·기관 5조 매수에 4%대 급등...전...",https://futurechosun.com/?p=159600,네이버뉴스,futurechosun.com,"코스피, 외국인·기관 순매수에 4.61% 급등···6995선 마감",https://www.smartbizn.com/news/articleView.html?idxno=153237,네이버뉴스,smartbizn.com,개인·외인·기관 모두 팔았다…코스피 7000선 발목,https://www.sedaily.com/article/20087832?ref=naver,네이버뉴스,sedaily.com,미작성,미발행,,,,
d1feb93dd6ee67b2,2026-09-07,경제 · 미국 주식,일반,AI입은 MTS '하나증권 V' 출시,한국경제 | 뉴스 | 증권 등 3개 기사,AI입은 MTS '하나증권 V' 출시,https://www.hankyung.com/article/2026090794421,한국경제 | 뉴스 | 증권,hankyung.com,"하나증권 AI 기반 새 MTS 출시, 강성묵 ""신뢰받는 디지털 투자 환경 구축...",https://www.businesspost.co.kr/BP?command=article_view&num=446556,네이버뉴스,businesspost.co.kr,"[A 증권가 소식] 하나증권, 차세대 MTS 론칭...개인 맞춤형 AI 서비스 탑...",https://www.asiaa.co.kr/news/articleView.html?idxno=261471,네이버뉴스,asiaa.co.kr,미작성,미발행,,,,
313b7b187d29e334,2026-09-07,건강 · 최신 이슈,일반,광주 인플루엔자 검출률 3주 연속 증가…호흡기 감염병 주의보,네이버뉴스 등 3개 기사,광주 인플루엔자 검출률 3주 연속 증가…호흡기 감염병 주의보,https://www.newspim.com/news/view/20260907000864,네이버뉴스,newspim.com,"추석 앞두고 광주 인플루엔자 증가세…""호흡기 감염병 주의""",https://www.news1.kr/local/gwangju-jeonnam/6282408,네이버뉴스,news1.kr,광주 인플루엔자 검출률 3주 연속 상승…추석 연휴 호흡기감염병 주의,https://www.getnews.co.kr/news/articleView.html?idxno=880039,네이버뉴스,getnews.co.kr,미작성,미발행,,,,
3422248a7e4e08e1,2026-09-07,건강 · 최신 이슈,일반,"가을 모기 물리지 않는 법 3가지 / 밝은 옷 vs 어두운 옷, 어떤 게 덜 물...",네이버뉴스 등 3개 기사,"가을 모기 물리지 않는 법 3가지 / 밝은 옷 vs 어두운 옷, 어떤 게 덜 물...",http://topclass.chosun.com/news/articleView.html?idxno=36761,네이버뉴스,topclass.chosun.com,일주일 만에 2배 늘어난 가을 모기…폭염 가고 활동량 늘어,https://news.jtbc.co.kr/article/NB12317046?influxDiv=NAVER,네이버뉴스,news.jtbc.co.kr,"귓가에 ‘윙~’ 폭염 가고 찾아온 가을 모기, 한 주 만에 2배 늘어",https://www.chosun.com/national/welfare-medical/2026/09/06/RI5LNIXACVBE3BZ4L6V2CYAOVI/?utm_source=naver&utm_medium=referral&utm_campaign=naver-news,네이버뉴스,chosun.com,미작성,미발행,,,,
ff69c3db216ee037,2026-09-07,건강 · 최신 이슈,일반,"""1~2번 맞으면 10년 면역""…알펙스바이오, 차세대 mRNA 백신 개발 도",네이버뉴스 등 3개 기사,"""1~2번 맞으면 10년 면역""…알펙스바이오, 차세대 mRNA 백신 개발 도",https://www.mt.co.kr/future/2026/09/07/2026090713264480832,네이버뉴스,mt.co.kr,"알펙스바이오, ‘1~2회 접종·10년 면역’ mRNA 백신 개발 나선다",https://www.hankyung.com/article/202609078047i,네이버뉴스,hankyung.com,"알펙스바이오, '한두 번 맞아 10년 면역' 차세대 백신 개발 나선다",https://jhealthmedia.joins.com/news/articleView.html?idxno=33406,네이버뉴스,jhealthmedia.joins.com,미작성,미발행,,,,
f802b5a54150b421,2026-09-07,건강 · 최신 이슈,연예인 건강,"김옥빈, 세 자매만 아니었다…배 속 ‘울루’까지 불꽃놀이로 임신 축하",네이버뉴스 등 3개 기사,"김옥빈, 세 자매만 아니었다…배 속 ‘울루’까지 불꽃놀이로 임신 축하",https://www.mk.co.kr/article/12146502,네이버뉴스,mk.co.kr,"배우 김옥빈, ♥비 연예인 남편과 결혼 후 전한 임신 소식…""태명은 울루...",https://www.topstarnews.net/news/articleView.html?idxno=16185594,네이버뉴스,topstarnews.net,"김옥빈, 깜짝 임신 발표 ""태명 울루…말띠 아이될 예정"" [스타엿보기]",http://www.stoo.com/article.php?aid=108748834360,네이버뉴스,stoo.com,미작성,미발행,,,,
9d52e0110017b18e,2026-09-07,건강 · 최신 이슈,연예인 건강,"""정밀 검사 기다리는 중"" 라디오 중단… 이상 순이 밝힌 '미주신경 기능...",네이버뉴스 등 3개 기사,"""정밀 검사 기다리는 중"" 라디오 중단… 이상 순이 밝힌 '미주신경 기능...",https://news.hidoc.co.kr/news/articleView.html?idxno=67159,네이버뉴스,news.hidoc.co.kr,"'이효리 남편' 이상 순, 라디오 잠정중단…""미주신경 기능 저하, 정밀검...",https://www.spotvnews.co.kr/news/articleView.html?idxno=1006156,네이버뉴스,spotvnews.co.kr,서정희·현아·채영까지… 이상 순 라디오 중단 부른 '미주신경' 뭐길래 ...,http://www.stoo.com/article.php?aid=108750746865,네이버뉴스,stoo.com,미작성,미발행,,,,
974d0e6cd80986d2,2026-09-07,건강 · 생활 건강 정보,일반,"한독·웰트, '슬립큐' 독일 임상 82명 등록 완료",네이버뉴스 등 3개 기사,"한독·웰트, '슬립큐' 독일 임상 82명 등록 완료",https://www.pinpointnews.co.kr/news/articleView.html?idxno=484650,네이버뉴스,pinpointnews.co.kr,"한독·웰트, 슬립큐 독일 임상 환자 등록 완료…DiGA 추진",https://new.dailypharm.com/user/news/342226?REFERER=NP,네이버뉴스,new.dailypharm.com,"한독·웰트 '슬립큐', 독일 임상 환자 등록 완료",https://www.medipana.com/news/articleView.html?idxno=417149,네이버뉴스,medipana.com,미작성,미발행,,,,
76774b535af25ba6,2026-09-07,건강 · 생활 건강 정보,일반,"심혈관 건강 좋은 노인, 난청 위험 줄어…식 생활 개선-걷기 효과",네이버뉴스 등 3개 기사,"심혈관 건강 좋은 노인, 난청 위험 줄어…식 생활 개선-걷기 효과",https://www.donga.com/news/Health/article/all/20260907/134618530/1,네이버뉴스,donga.com,"""약보다 생활습관 개선이 먼저""… 간 건강 지키는 생활습관 3가지",https://news.hidoc.co.kr/news/articleView.html?idxno=66900,네이버뉴스,news.hidoc.co.kr,[ESC 2026] LDL-C 낮춰도 남는 심혈관 위험…‘잔여 심혈관 위험’ 관리 중요성 부각,http://www.docdocdoc.co.kr/news/articleView.html?idxno=3042482,청년의사 - 전체기사,docdocdoc.co.kr,미작성,미발행,,,,
fa99c06cc3946ae2,2026-09-07,건강 · 생활 건강 정보,일반,"살 빼고, 혈당 급등도 막고…아침에 먹으면 좋은 고단백 음식",네이버뉴스 등 3개 기사,"살 빼고, 혈당 급등도 막고…아침에 먹으면 좋은 고단백 음식",https://kormedi.com/?p=2860985,네이버뉴스,kormedi.com,엄지원 “아침마다 올리브오일+레몬즙”…‘올레샷’ 혈당 에 정말 도움...,https://biz.heraldcorp.com/article/10862880?ref=naver,네이버뉴스,biz.heraldcorp.com,매일 아침 '생마늘+꿀' 함께 먹으면 젊어진다?... SNS 열풍의 진실,https://www.insight.co.kr/news/571743,네이버뉴스,insight.co.kr,미작성,미발행,,,,
5555720af7a7cf73,2026-09-07,건강 · 생활 건강 정보,일반,"바른 수면 연구소 서진원 소장, ' 수면 -만성질환 연관성' 연구 결과 발표",네이버뉴스 등 3개 기사,"바른 수면 연구소 서진원 소장, ' 수면 -만성질환 연관성' 연구 결과 발표",https://www.job-post.co.kr/news/articleView.html?idxno=226496,네이버뉴스,job-post.co.kr,"바른 수면 연구소 서진원 소장, ' 수면 -만성질환 연관성' 분석 연구 발표",https://magazine.hankyung.com/business/article/202609077784b,네이버뉴스,magazine.hankyung.com,"베스트슬립 서진원 대표, 수면 ·만성질환 연관성 연구",https://www.vegannews.co.kr/news/article.html?no=385966,네이버뉴스,vegannews.co.kr,미작성,미발행,,,,
bc4379cf07af63ae,2026-09-07,건강 · 생활 건강 정보,일반,“변비에 좋다는 ‘이 음식’ 마음 놓고 먹었는데?”…당·열량 의외로 높다고?,코메디닷컴 등 3개 기사,“변비에 좋다는 ‘이 음식’ 마음 놓고 먹었는데?”…당·열량 의외로 높다고?,https://kormedi.com/2860878/,코메디닷컴,kormedi.com,“당장 식탁에서 치워라”…몸에 좋다고 그냥 먹었다간 위장에 무리라는...,https://www.sedaily.com/article/20087767?ref=naver,네이버뉴스,sedaily.com,“술 안 마시는데 지방간?” 간 망가뜨리는 ‘의외의 음식’ 있었다,https://health.chosun.com/site/data/html_dir/2026/09/04/2026090401817.html,네이버뉴스,health.chosun.com,미작성,미발행,,,,
